Candidate_SMILES,Parent_SMILES,Generation_Method,MW,LogP,TPSA,HBD,HBA,Rotatable_Bonds,Aromatic_Rings,Heavy_Atoms,LBDD_Activity_Probability,Max_Training_Tanimoto,Applicability_Domain
Cc1c(F)c(CNC2CCN(CCn3c(=O)c4nocc4c4ccc(F)cc43)CC2)nc2c1OCC(=O)N2,O=C1COc2cc(F)c(CNC3CCN(CCn4c(=O)c5nocc5c5ccc(F)cc54)CC3)nc2N1,Constrained aromatic substitution,524.5280000000004,2.7094200000000006,114.52000000000001,2,8,6,4,38,0.9057914478911543,0.7777777777777778,In-domain
Cc1onc2c(=O)n(CCN3CCC(NCc4nc5c(cc4F)OCC(=O)N5)CC3)c3cc(F)ccc3c12,O=C1COc2cc(F)c(CNC3CCN(CCn4c(=O)c5nocc5c5ccc(F)cc54)CC3)nc2N1,Constrained aromatic substitution,524.5280000000002,2.7094199999999997,114.52000000000001,2,8,6,4,38,0.9054477119493156,0.7777777777777778,In-domain
Cc1cc(F)cc2c1c1conc1c(=O)n2CCN1CCC(NCc2nc3c(cc2F)OCC(=O)N3)CC1,O=C1COc2cc(F)c(CNC3CCN(CCn4c(=O)c5nocc5c5ccc(F)cc54)CC3)nc2N1,Constrained aromatic substitution,524.5280000000002,2.7094200000000006,114.52000000000001,2,8,6,4,38,0.9194204677345478,0.810126582278481,In-domain
Cc1cc2c3conc3c(=O)n(CCN3CCC(NCc4nc5c(cc4F)OCC(=O)N5)CC3)c2cc1F,O=C1COc2cc(F)c(CNC3CCN(CCn4c(=O)c5nocc5c5ccc(F)cc54)CC3)nc2N1,Constrained aromatic substitution,524.5280000000004,2.7094200000000006,114.52000000000001,2,8,6,4,38,0.9227821059359214,0.8205128205128205,In-domain
Cc1c(F)ccc2c3conc3c(=O)n(CCN3CCC(NCc4nc5c(cc4F)OCC(=O)N5)CC3)c12,O=C1COc2cc(F)c(CNC3CCN(CCn4c(=O)c5nocc5c5ccc(F)cc54)CC3)nc2N1,Constrained aromatic substitution,524.5280000000002,2.7094200000000006,114.52000000000001,2,8,6,4,38,0.9334185410529341,0.7875,In-domain
O=C1COc2c(nc(CNC3CCN(CCn4c(=O)c5nocc5c5ccc(F)cc54)CC3)c(F)c2F)N1,O=C1COc2cc(F)c(CNC3CCN(CCn4c(=O)c5nocc5c5ccc(F)cc54)CC3)nc2N1,Constrained aromatic substitution,528.4910000000002,2.5401,114.52000000000001,2,8,6,4,38,0.9331393553432235,0.8076923076923077,In-domain
O=C1COc2cc(F)c(CNC3CCN(CCn4c(=O)c5noc(F)c5c5ccc(F)cc54)CC3)nc2N1,O=C1COc2cc(F)c(CNC3CCN(CCn4c(=O)c5nocc5c5ccc(F)cc54)CC3)nc2N1,Constrained aromatic substitution,528.4910000000002,2.5401,114.52000000000001,2,8,6,4,38,0.9202474753395878,0.7974683544303798,In-domain
O=C1COc2cc(F)c(CNC3CCN(CCn4c(=O)c5nocc5c5c(F)cc(F)cc54)CC3)nc2N1,O=C1COc2cc(F)c(CNC3CCN(CCn4c(=O)c5nocc5c5ccc(F)cc54)CC3)nc2N1,Constrained aromatic substitution,528.4910000000002,2.5401,114.52000000000001,2,8,6,4,38,0.9405019749937167,0.8421052631578947,In-domain
O=C1COc2cc(F)c(CNC3CCN(CCn4c(=O)c5nocc5c5cc(F)c(F)cc54)CC3)nc2N1,O=C1COc2cc(F)c(CNC3CCN(CCn4c(=O)c5nocc5c5ccc(F)cc54)CC3)nc2N1,Constrained aromatic substitution,528.4910000000002,2.5401,114.52000000000001,2,8,6,4,38,0.9210031297870849,0.8648648648648649,In-domain
O=C1COc2cc(F)c(CNC3CCN(CCn4c(=O)c5nocc5c5ccc(F)c(F)c54)CC3)nc2N1,O=C1COc2cc(F)c(CNC3CCN(CCn4c(=O)c5nocc5c5ccc(F)cc54)CC3)nc2N1,Constrained aromatic substitution,528.4910000000002,2.5401,114.52000000000001,2,8,6,4,38,0.9364258164386388,0.8076923076923077,In-domain
O=C1COc2c(nc(CNC3CCN(CCn4c(=O)c5nocc5c5ccc(F)cc54)CC3)c(F)c2Cl)N1,O=C1COc2cc(F)c(CNC3CCN(CCn4c(=O)c5nocc5c5ccc(F)cc54)CC3)nc2N1,Constrained aromatic substitution,544.9460000000003,3.054400000000001,114.52000000000001,2,8,6,4,38,0.9316109205962689,0.7777777777777778,In-domain
O=C1COc2cc(F)c(CNC3CCN(CCn4c(=O)c5noc(Cl)c5c5ccc(F)cc54)CC3)nc2N1,O=C1COc2cc(F)c(CNC3CCN(CCn4c(=O)c5nocc5c5ccc(F)cc54)CC3)nc2N1,Constrained aromatic substitution,544.9460000000003,3.054400000000001,114.52000000000001,2,8,6,4,38,0.896405663937421,0.7777777777777778,In-domain
O=C1COc2cc(F)c(CNC3CCN(CCn4c(=O)c5nocc5c5c(Cl)cc(F)cc54)CC3)nc2N1,O=C1COc2cc(F)c(CNC3CCN(CCn4c(=O)c5nocc5c5ccc(F)cc54)CC3)nc2N1,Constrained aromatic substitution,544.9460000000003,3.054400000000001,114.52000000000001,2,8,6,4,38,0.9220561908578799,0.810126582278481,In-domain
O=C1COc2cc(F)c(CNC3CCN(CCn4c(=O)c5nocc5c5cc(Cl)c(F)cc54)CC3)nc2N1,O=C1COc2cc(F)c(CNC3CCN(CCn4c(=O)c5nocc5c5ccc(F)cc54)CC3)nc2N1,Constrained aromatic substitution,544.9460000000003,3.054400000000001,114.52000000000001,2,8,6,4,38,0.9238378863967804,0.8205128205128205,In-domain
O=C1COc2cc(F)c(CNC3CCN(CCn4c(=O)c5nocc5c5ccc(F)c(Cl)c54)CC3)nc2N1,O=C1COc2cc(F)c(CNC3CCN(CCn4c(=O)c5nocc5c5ccc(F)cc54)CC3)nc2N1,Constrained aromatic substitution,544.9460000000003,3.054400000000001,114.52000000000001,2,8,6,4,38,0.9363982650265001,0.7875,In-domain
O=C1COc2c(nc(CNC3CCN(CCn4c(=O)c5nocc5c5ccc(F)cc54)CC3)c(F)c2O)N1,O=C1COc2cc(F)c(CNC3CCN(CCn4c(=O)c5nocc5c5ccc(F)cc54)CC3)nc2N1,Constrained aromatic substitution,526.5000000000002,2.1066,134.75,3,9,6,4,38,0.8745327065954726,0.7777777777777778,In-domain
O=C1COc2cc(F)c(CNC3CCN(CCn4c(=O)c5noc(O)c5c5ccc(F)cc54)CC3)nc2N1,O=C1COc2cc(F)c(CNC3CCN(CCn4c(=O)c5nocc5c5ccc(F)cc54)CC3)nc2N1,Constrained aromatic substitution,526.5000000000003,2.1065999999999994,134.75,3,9,6,4,38,0.9018845664260549,0.7777777777777778,In-domain
O=C1COc2cc(F)c(CNC3CCN(CCn4c(=O)c5nocc5c5c(O)cc(F)cc54)CC3)nc2N1,O=C1COc2cc(F)c(CNC3CCN(CCn4c(=O)c5nocc5c5ccc(F)cc54)CC3)nc2N1,Constrained aromatic substitution,526.5000000000003,2.1066,134.75,3,9,6,4,38,0.9179146655436604,0.810126582278481,In-domain
O=C1COc2cc(F)c(CNC3CCN(CCn4c(=O)c5nocc5c5cc(O)c(F)cc54)CC3)nc2N1,O=C1COc2cc(F)c(CNC3CCN(CCn4c(=O)c5nocc5c5ccc(F)cc54)CC3)nc2N1,Constrained aromatic substitution,526.5000000000003,2.1066,134.75,3,9,6,4,38,0.9099311526456278,0.8205128205128205,In-domain
O=C1COc2cc(F)c(CNC3CCN(CCn4c(=O)c5nocc5c5ccc(F)c(O)c54)CC3)nc2N1,O=C1COc2cc(F)c(CNC3CCN(CCn4c(=O)c5nocc5c5ccc(F)cc54)CC3)nc2N1,Constrained aromatic substitution,526.5000000000003,2.1066,134.75,3,9,6,4,38,0.9050757439007578,0.7875,In-domain
N#Cc1c(F)c(CNC2CCN(CCn3c(=O)c4nocc4c4ccc(F)cc43)CC2)nc2c1OCC(=O)N2,O=C1COc2cc(F)c(CNC3CCN(CCn4c(=O)c5nocc5c5ccc(F)cc54)CC3)nc2N1,Constrained aromatic substitution,535.5110000000003,2.2726800000000003,138.31,2,9,6,4,39,0.9234798872794163,0.75,In-domain
N#Cc1onc2c(=O)n(CCN3CCC(NCc4nc5c(cc4F)OCC(=O)N5)CC3)c3cc(F)ccc3c12,O=C1COc2cc(F)c(CNC3CCN(CCn4c(=O)c5nocc5c5ccc(F)cc54)CC3)nc2N1,Constrained aromatic substitution,535.5110000000002,2.2726799999999994,138.31,2,9,6,4,39,0.9247033796648559,0.75,In-domain
N#Cc1cc(F)cc2c1c1conc1c(=O)n2CCN1CCC(NCc2nc3c(cc2F)OCC(=O)N3)CC1,O=C1COc2cc(F)c(CNC3CCN(CCn4c(=O)c5nocc5c5ccc(F)cc54)CC3)nc2N1,Constrained aromatic substitution,535.5110000000002,2.2726800000000003,138.31,2,9,6,4,39,0.9321430291647402,0.7804878048780488,In-domain
N#Cc1cc2c3conc3c(=O)n(CCN3CCC(NCc4nc5c(cc4F)OCC(=O)N5)CC3)c2cc1F,O=C1COc2cc(F)c(CNC3CCN(CCn4c(=O)c5nocc5c5ccc(F)cc54)CC3)nc2N1,Constrained aromatic substitution,535.5110000000003,2.2726800000000003,138.31,2,9,6,4,39,0.9306887586297827,0.7901234567901234,In-domain
N#Cc1c(F)ccc2c3conc3c(=O)n(CCN3CCC(NCc4nc5c(cc4F)OCC(=O)N5)CC3)c12,O=C1COc2cc(F)c(CNC3CCN(CCn4c(=O)c5nocc5c5ccc(F)cc54)CC3)nc2N1,Constrained aromatic substitution,535.5110000000002,2.2726800000000003,138.31,2,9,6,4,39,0.9334682275138002,0.7590361445783133,In-domain
Cc1cc(CNC2CCN(CCn3c(=O)c4nocc4c4ncccc43)CC2)nc2c1OCC(=O)N2,O=C1COc2ccc(CNC3CCN(CCn4c(=O)c5nocc5c5ncccc54)CC3)nc2N1,Constrained aromatic substitution,489.5360000000003,1.826219999999999,127.41,2,9,6,4,36,0.9093303779318123,0.7777777777777778,In-domain
Cc1cc2c(nc1CNC1CCN(CCn3c(=O)c4nocc4c4ncccc43)CC1)NC(=O)CO2,O=C1COc2ccc(CNC3CCN(CCn4c(=O)c5nocc5c5ncccc54)CC3)nc2N1,Constrained aromatic substitution,489.5360000000003,1.8262199999999995,127.41000000000001,2,9,6,4,36,0.9155392096958846,0.7777777777777778,In-domain
Cc1onc2c(=O)n(CCN3CCC(NCc4ccc5c(n4)NC(=O)CO5)CC3)c3cccnc3c12,O=C1COc2ccc(CNC3CCN(CCn4c(=O)c5nocc5c5ncccc54)CC3)nc2N1,Constrained aromatic substitution,489.5360000000003,1.8262199999999995,127.41,2,9,6,4,36,0.89733283656886,0.7530864197530864,In-domain
Cc1ccc2c(n1)c1conc1c(=O)n2CCN1CCC(NCc2ccc3c(n2)NC(=O)CO3)CC1,O=C1COc2ccc(CNC3CCN(CCn4c(=O)c5nocc5c5ncccc54)CC3)nc2N1,Constrained aromatic substitution,489.53600000000034,1.8262199999999995,127.41000000000001,2,9,6,4,36,0.9444680485317111,0.7948717948717948,In-domain
Cc1cnc2c3conc3c(=O)n(CCN3CCC(NCc4ccc5c(n4)NC(=O)CO5)CC3)c2c1,O=C1COc2ccc(CNC3CCN(CCn4c(=O)c5nocc5c5ncccc54)CC3)nc2N1,Constrained aromatic substitution,489.5360000000003,1.8262199999999993,127.41000000000001,2,9,6,4,36,0.949469698812217,0.7974683544303798,In-domain
Cc1ccnc2c3conc3c(=O)n(CCN3CCC(NCc4ccc5c(n4)NC(=O)CO5)CC3)c12,O=C1COc2ccc(CNC3CCN(CCn4c(=O)c5nocc5c5ncccc54)CC3)nc2N1,Constrained aromatic substitution,489.5360000000003,1.8262199999999995,127.41000000000001,2,9,6,4,36,0.938668473626581,0.7848101265822784,In-domain
O=C1COc2c(F)cc(CNC3CCN(CCn4c(=O)c5nocc5c5ncccc54)CC3)nc2N1,O=C1COc2ccc(CNC3CCN(CCn4c(=O)c5nocc5c5ncccc54)CC3)nc2N1,Constrained aromatic substitution,493.49900000000025,1.656899999999999,127.41000000000001,2,9,6,4,36,0.920771022633087,0.7974683544303798,In-domain
O=C1COc2cc(F)c(CNC3CCN(CCn4c(=O)c5nocc5c5ncccc54)CC3)nc2N1,O=C1COc2ccc(CNC3CCN(CCn4c(=O)c5nocc5c5ncccc54)CC3)nc2N1,Constrained aromatic substitution,493.49900000000025,1.656899999999999,127.41000000000001,2,9,6,4,36,0.9297060087643824,0.7974683544303798,In-domain
O=C1COc2ccc(CNC3CCN(CCn4c(=O)c5noc(F)c5c5ncccc54)CC3)nc2N1,O=C1COc2ccc(CNC3CCN(CCn4c(=O)c5nocc5c5ncccc54)CC3)nc2N1,Constrained aromatic substitution,493.4990000000002,1.6568999999999985,127.41000000000001,2,9,6,4,36,0.9175170928310843,0.775,In-domain
O=C1COc2ccc(CNC3CCN(CCn4c(=O)c5nocc5c5nc(F)ccc54)CC3)nc2N1,O=C1COc2ccc(CNC3CCN(CCn4c(=O)c5nocc5c5ncccc54)CC3)nc2N1,Constrained aromatic substitution,493.4990000000002,1.656899999999999,127.41000000000001,2,9,6,4,36,0.9531516873113421,0.8181818181818182,In-domain
O=C1COc2ccc(CNC3CCN(CCn4c(=O)c5nocc5c5ncc(F)cc54)CC3)nc2N1,O=C1COc2ccc(CNC3CCN(CCn4c(=O)c5nocc5c5ncccc54)CC3)nc2N1,Constrained aromatic substitution,493.4990000000002,1.656899999999999,127.41000000000001,2,9,6,4,36,0.954874341960954,0.8441558441558441,In-domain
O=C1COc2ccc(CNC3CCN(CCn4c(=O)c5nocc5c5nccc(F)c54)CC3)nc2N1,O=C1COc2ccc(CNC3CCN(CCn4c(=O)c5nocc5c5ncccc54)CC3)nc2N1,Constrained aromatic substitution,493.4990000000002,1.656899999999999,127.41000000000001,2,9,6,4,36,0.9538409180311386,0.8076923076923077,In-domain
O=C1COc2c(Cl)cc(CNC3CCN(CCn4c(=O)c5nocc5c5ncccc54)CC3)nc2N1,O=C1COc2ccc(CNC3CCN(CCn4c(=O)c5nocc5c5ncccc54)CC3)nc2N1,Constrained aromatic substitution,509.95400000000024,2.1712,127.41000000000001,2,9,6,4,36,0.9056664561716554,0.7875,In-domain
O=C1COc2cc(Cl)c(CNC3CCN(CCn4c(=O)c5nocc5c5ncccc54)CC3)nc2N1,O=C1COc2ccc(CNC3CCN(CCn4c(=O)c5nocc5c5ncccc54)CC3)nc2N1,Constrained aromatic substitution,509.95400000000024,2.1712,127.41000000000001,2,9,6,4,36,0.9153606619898691,0.7777777777777778,In-domain
O=C1COc2ccc(CNC3CCN(CCn4c(=O)c5noc(Cl)c5c5ncccc54)CC3)nc2N1,O=C1COc2ccc(CNC3CCN(CCn4c(=O)c5nocc5c5ncccc54)CC3)nc2N1,Constrained aromatic substitution,509.9540000000002,2.1711999999999994,127.41000000000001,2,9,6,4,36,0.892256226813909,0.7530864197530864,In-domain
O=C1COc2ccc(CNC3CCN(CCn4c(=O)c5nocc5c5nc(Cl)ccc54)CC3)nc2N1,O=C1COc2ccc(CNC3CCN(CCn4c(=O)c5nocc5c5ncccc54)CC3)nc2N1,Constrained aromatic substitution,509.95400000000024,2.1712,127.41000000000001,2,9,6,4,36,0.9354536795175192,0.7948717948717948,In-domain
O=C1COc2ccc(CNC3CCN(CCn4c(=O)c5nocc5c5ncc(Cl)cc54)CC3)nc2N1,O=C1COc2ccc(CNC3CCN(CCn4c(=O)c5nocc5c5ncccc54)CC3)nc2N1,Constrained aromatic substitution,509.95400000000024,2.1711999999999994,127.41000000000001,2,9,6,4,36,0.9262583272148119,0.7875,In-domain
O=C1COc2ccc(CNC3CCN(CCn4c(=O)c5nocc5c5nccc(Cl)c54)CC3)nc2N1,O=C1COc2ccc(CNC3CCN(CCn4c(=O)c5nocc5c5ncccc54)CC3)nc2N1,Constrained aromatic substitution,509.95400000000024,2.1711999999999994,127.41000000000001,2,9,6,4,36,0.9338596573443123,0.7948717948717948,In-domain
O=C1COc2c(O)cc(CNC3CCN(CCn4c(=O)c5nocc5c5ncccc54)CC3)nc2N1,O=C1COc2ccc(CNC3CCN(CCn4c(=O)c5nocc5c5ncccc54)CC3)nc2N1,Constrained aromatic substitution,491.5080000000002,1.223399999999999,147.64000000000001,3,10,6,4,36,0.8986131591316665,0.7777777777777778,In-domain
O=C1COc2cc(O)c(CNC3CCN(CCn4c(=O)c5nocc5c5ncccc54)CC3)nc2N1,O=C1COc2ccc(CNC3CCN(CCn4c(=O)c5nocc5c5ncccc54)CC3)nc2N1,Constrained aromatic substitution,491.5080000000002,1.223399999999999,147.64000000000001,3,10,6,4,36,0.9031316432542787,0.7777777777777778,In-domain
O=C1COc2ccc(CNC3CCN(CCn4c(=O)c5noc(O)c5c5ncccc54)CC3)nc2N1,O=C1COc2ccc(CNC3CCN(CCn4c(=O)c5nocc5c5ncccc54)CC3)nc2N1,Constrained aromatic substitution,491.5080000000002,1.2233999999999985,147.64000000000001,3,10,6,4,36,0.8916238817510844,0.7530864197530864,In-domain
O=C1COc2ccc(CNC3CCN(CCn4c(=O)c5nocc5c5nc(O)ccc54)CC3)nc2N1,O=C1COc2ccc(CNC3CCN(CCn4c(=O)c5nocc5c5ncccc54)CC3)nc2N1,Constrained aromatic substitution,491.5080000000002,1.223399999999999,147.64000000000001,3,10,6,4,36,0.9147527299360108,0.7948717948717948,In-domain
O=C1COc2ccc(CNC3CCN(CCn4c(=O)c5nocc5c5ncc(O)cc54)CC3)nc2N1,O=C1COc2ccc(CNC3CCN(CCn4c(=O)c5nocc5c5ncccc54)CC3)nc2N1,Constrained aromatic substitution,491.5080000000002,1.223399999999999,147.64000000000001,3,10,6,4,36,0.92113992610633,0.7875,In-domain
O=C1COc2ccc(CNC3CCN(CCn4c(=O)c5nocc5c5nccc(O)c54)CC3)nc2N1,O=C1COc2ccc(CNC3CCN(CCn4c(=O)c5nocc5c5ncccc54)CC3)nc2N1,Constrained aromatic substitution,491.5080000000002,1.223399999999999,147.64000000000001,3,10,6,4,36,0.9069661065009631,0.7848101265822784,In-domain
N#Cc1cc(CNC2CCN(CCn3c(=O)c4nocc4c4ncccc43)CC2)nc2c1OCC(=O)N2,O=C1COc2ccc(CNC3CCN(CCn4c(=O)c5nocc5c5ncccc54)CC3)nc2N1,Constrained aromatic substitution,500.5190000000003,1.3894799999999994,151.20000000000002,2,10,6,4,37,0.8982102032691855,0.75,In-domain
N#Cc1cc2c(nc1CNC1CCN(CCn3c(=O)c4nocc4c4ncccc43)CC1)NC(=O)CO2,O=C1COc2ccc(CNC3CCN(CCn4c(=O)c5nocc5c5ncccc54)CC3)nc2N1,Constrained aromatic substitution,500.5190000000003,1.3894799999999994,151.2,2,10,6,4,37,0.9204438169669946,0.7590361445783133,In-domain
N#Cc1onc2c(=O)n(CCN3CCC(NCc4ccc5c(n4)NC(=O)CO5)CC3)c3cccnc3c12,O=C1COc2ccc(CNC3CCN(CCn4c(=O)c5nocc5c5ncccc54)CC3)nc2N1,Constrained aromatic substitution,500.5190000000003,1.38948,151.2,2,10,6,4,37,0.9163069572735926,0.7261904761904762,In-domain
N#Cc1ccc2c(n1)c1conc1c(=O)n2CCN1CCC(NCc2ccc3c(n2)NC(=O)CO3)CC1,O=C1COc2ccc(CNC3CCN(CCn4c(=O)c5nocc5c5ncccc54)CC3)nc2N1,Constrained aromatic substitution,500.51900000000035,1.3894799999999996,151.2,2,10,6,4,37,0.9419853987800824,0.7654320987654321,In-domain
N#Cc1cnc2c3conc3c(=O)n(CCN3CCC(NCc4ccc5c(n4)NC(=O)CO5)CC3)c2c1,O=C1COc2ccc(CNC3CCN(CCn4c(=O)c5nocc5c5ncccc54)CC3)nc2N1,Constrained aromatic substitution,500.5190000000003,1.3894799999999996,151.2,2,10,6,4,37,0.92468262712187,0.7590361445783133,In-domain
N#Cc1ccnc2c3conc3c(=O)n(CCN3CCC(NCc4ccc5c(n4)NC(=O)CO5)CC3)c12,O=C1COc2ccc(CNC3CCN(CCn4c(=O)c5nocc5c5ncccc54)CC3)nc2N1,Constrained aromatic substitution,500.5190000000003,1.3894799999999996,151.2,2,10,6,4,37,0.9403714990793441,0.7560975609756098,In-domain
Cc1cc(CNC2CCN(CCn3c(=O)c4nocc4c4ccc(F)cc43)CC2)nc2c1OCC(=O)N2,O=C1COc2ccc(CNC3CCN(CCn4c(=O)c5nocc5c5ccc(F)cc54)CC3)nc2N1,Constrained aromatic substitution,506.5380000000003,2.5703199999999997,114.52000000000001,2,8,6,4,37,0.933744994436721,0.7875,In-domain
Cc1cc2c(nc1CNC1CCN(CCn3c(=O)c4nocc4c4ccc(F)cc43)CC1)NC(=O)CO2,O=C1COc2ccc(CNC3CCN(CCn4c(=O)c5nocc5c5ccc(F)cc54)CC3)nc2N1,Constrained aromatic substitution,506.5380000000003,2.5703199999999997,114.52,2,8,6,4,37,0.9512179936341466,0.881578947368421,In-domain
Cc1onc2c(=O)n(CCN3CCC(NCc4ccc5c(n4)NC(=O)CO5)CC3)c3cc(F)ccc3c12,O=C1COc2ccc(CNC3CCN(CCn4c(=O)c5nocc5c5ccc(F)cc54)CC3)nc2N1,Constrained aromatic substitution,506.5380000000003,2.5703199999999997,114.52,2,8,6,4,37,0.9133066505593017,0.7777777777777778,In-domain
Cc1cc(F)cc2c1c1conc1c(=O)n2CCN1CCC(NCc2ccc3c(n2)NC(=O)CO3)CC1,O=C1COc2ccc(CNC3CCN(CCn4c(=O)c5nocc5c5ccc(F)cc54)CC3)nc2N1,Constrained aromatic substitution,506.53800000000035,2.5703200000000006,114.52,2,8,6,4,37,0.9395559967181394,0.8227848101265823,In-domain
Cc1cc2c3conc3c(=O)n(CCN3CCC(NCc4ccc5c(n4)NC(=O)CO5)CC3)c2cc1F,O=C1COc2ccc(CNC3CCN(CCn4c(=O)c5nocc5c5ccc(F)cc54)CC3)nc2N1,Constrained aromatic substitution,506.5380000000003,2.5703200000000006,114.52,2,8,6,4,37,0.9462393289640919,0.8227848101265823,In-domain
Cc1c(F)ccc2c3conc3c(=O)n(CCN3CCC(NCc4ccc5c(n4)NC(=O)CO5)CC3)c12,O=C1COc2ccc(CNC3CCN(CCn4c(=O)c5nocc5c5ccc(F)cc54)CC3)nc2N1,Constrained aromatic substitution,506.53800000000035,2.5703200000000006,114.52,2,8,6,4,37,0.939932058584683,0.7654320987654321,In-domain
O=C1COc2c(F)cc(CNC3CCN(CCn4c(=O)c5nocc5c5ccc(F)cc54)CC3)nc2N1,O=C1COc2ccc(CNC3CCN(CCn4c(=O)c5nocc5c5ccc(F)cc54)CC3)nc2N1,Constrained aromatic substitution,510.50100000000026,2.401,114.52000000000001,2,8,6,4,37,0.9443208957970696,0.8181818181818182,In-domain
O=C1COc2ccc(CNC3CCN(CCn4c(=O)c5noc(F)c5c5ccc(F)cc54)CC3)nc2N1,O=C1COc2ccc(CNC3CCN(CCn4c(=O)c5nocc5c5ccc(F)cc54)CC3)nc2N1,Constrained aromatic substitution,510.5010000000002,2.400999999999999,114.52000000000001,2,8,6,4,37,0.9313641767685337,0.7974683544303798,In-domain
O=C1COc2ccc(CNC3CCN(CCn4c(=O)c5nocc5c5c(F)cc(F)cc54)CC3)nc2N1,O=C1COc2ccc(CNC3CCN(CCn4c(=O)c5nocc5c5ccc(F)cc54)CC3)nc2N1,Constrained aromatic substitution,510.5010000000002,2.401,114.52000000000001,2,8,6,4,37,0.9630389555978334,0.8552631578947368,In-domain
O=C1COc2ccc(CNC3CCN(CCn4c(=O)c5nocc5c5cc(F)c(F)cc54)CC3)nc2N1,O=C1COc2ccc(CNC3CCN(CCn4c(=O)c5nocc5c5ccc(F)cc54)CC3)nc2N1,Constrained aromatic substitution,510.5010000000002,2.401,114.52000000000001,2,8,6,4,37,0.9430940532136586,0.8666666666666667,In-domain
O=C1COc2ccc(CNC3CCN(CCn4c(=O)c5nocc5c5ccc(F)c(F)c54)CC3)nc2N1,O=C1COc2ccc(CNC3CCN(CCn4c(=O)c5nocc5c5ccc(F)cc54)CC3)nc2N1,Constrained aromatic substitution,510.5010000000002,2.401,114.52000000000001,2,8,6,4,37,0.9461248670093722,0.7848101265822784,In-domain
O=C1COc2c(Cl)cc(CNC3CCN(CCn4c(=O)c5nocc5c5ccc(F)cc54)CC3)nc2N1,O=C1COc2ccc(CNC3CCN(CCn4c(=O)c5nocc5c5ccc(F)cc54)CC3)nc2N1,Constrained aromatic substitution,526.9560000000002,2.9153000000000002,114.52000000000001,2,8,6,4,37,0.9309674477862242,0.7974683544303798,In-domain
O=C1COc2cc(Cl)c(CNC3CCN(CCn4c(=O)c5nocc5c5ccc(F)cc54)CC3)nc2N1,O=C1COc2ccc(CNC3CCN(CCn4c(=O)c5nocc5c5ccc(F)cc54)CC3)nc2N1,Constrained aromatic substitution,526.9560000000002,2.9153000000000002,114.52000000000001,2,8,6,4,37,0.9522462807298064,0.881578947368421,In-domain
O=C1COc2ccc(CNC3CCN(CCn4c(=O)c5noc(Cl)c5c5ccc(F)cc54)CC3)nc2N1,O=C1COc2ccc(CNC3CCN(CCn4c(=O)c5nocc5c5ccc(F)cc54)CC3)nc2N1,Constrained aromatic substitution,526.9560000000002,2.9153000000000002,114.52000000000001,2,8,6,4,37,0.909693055149175,0.7777777777777778,In-domain
O=C1COc2ccc(CNC3CCN(CCn4c(=O)c5nocc5c5c(Cl)cc(F)cc54)CC3)nc2N1,O=C1COc2ccc(CNC3CCN(CCn4c(=O)c5nocc5c5ccc(F)cc54)CC3)nc2N1,Constrained aromatic substitution,526.9560000000002,2.9153000000000002,114.52000000000001,2,8,6,4,37,0.9484207180834467,0.8227848101265823,In-domain
O=C1COc2ccc(CNC3CCN(CCn4c(=O)c5nocc5c5cc(Cl)c(F)cc54)CC3)nc2N1,O=C1COc2ccc(CNC3CCN(CCn4c(=O)c5nocc5c5ccc(F)cc54)CC3)nc2N1,Constrained aromatic substitution,526.9560000000002,2.9153000000000002,114.52000000000001,2,8,6,4,37,0.9489296490208201,0.8227848101265823,In-domain
O=C1COc2ccc(CNC3CCN(CCn4c(=O)c5nocc5c5ccc(F)c(Cl)c54)CC3)nc2N1,O=C1COc2ccc(CNC3CCN(CCn4c(=O)c5nocc5c5ccc(F)cc54)CC3)nc2N1,Constrained aromatic substitution,526.9560000000002,2.9153000000000002,114.52000000000001,2,8,6,4,37,0.9454068688992034,0.7654320987654321,In-domain
O=C1COc2c(O)cc(CNC3CCN(CCn4c(=O)c5nocc5c5ccc(F)cc54)CC3)nc2N1,O=C1COc2ccc(CNC3CCN(CCn4c(=O)c5nocc5c5ccc(F)cc54)CC3)nc2N1,Constrained aromatic substitution,508.5100000000002,1.9674999999999996,134.75,3,9,6,4,37,0.9212676485700401,0.7875,In-domain
O=C1COc2cc(O)c(CNC3CCN(CCn4c(=O)c5nocc5c5ccc(F)cc54)CC3)nc2N1,O=C1COc2ccc(CNC3CCN(CCn4c(=O)c5nocc5c5ccc(F)cc54)CC3)nc2N1,Constrained aromatic substitution,508.5100000000002,1.9674999999999996,134.75,3,9,6,4,37,0.9393698430775171,0.881578947368421,In-domain
O=C1COc2ccc(CNC3CCN(CCn4c(=O)c5noc(O)c5c5ccc(F)cc54)CC3)nc2N1,O=C1COc2ccc(CNC3CCN(CCn4c(=O)c5nocc5c5ccc(F)cc54)CC3)nc2N1,Constrained aromatic substitution,508.5100000000002,1.9674999999999991,134.75,3,9,6,4,37,0.9139653753979105,0.7777777777777778,In-domain
O=C1COc2ccc(CNC3CCN(CCn4c(=O)c5nocc5c5c(O)cc(F)cc54)CC3)nc2N1,O=C1COc2ccc(CNC3CCN(CCn4c(=O)c5nocc5c5ccc(F)cc54)CC3)nc2N1,Constrained aromatic substitution,508.5100000000002,1.9674999999999994,134.75,3,9,6,4,37,0.9440692037487108,0.8227848101265823,In-domain
O=C1COc2ccc(CNC3CCN(CCn4c(=O)c5nocc5c5cc(O)c(F)cc54)CC3)nc2N1,O=C1COc2ccc(CNC3CCN(CCn4c(=O)c5nocc5c5ccc(F)cc54)CC3)nc2N1,Constrained aromatic substitution,508.5100000000002,1.9674999999999996,134.75,3,9,6,4,37,0.9401503841177946,0.8227848101265823,In-domain
O=C1COc2ccc(CNC3CCN(CCn4c(=O)c5nocc5c5ccc(F)c(O)c54)CC3)nc2N1,O=C1COc2ccc(CNC3CCN(CCn4c(=O)c5nocc5c5ccc(F)cc54)CC3)nc2N1,Constrained aromatic substitution,508.5100000000002,1.9674999999999991,134.75,3,9,6,4,37,0.9217287711555127,0.7654320987654321,In-domain
N#Cc1cc(CNC2CCN(CCn3c(=O)c4nocc4c4ccc(F)cc43)CC2)nc2c1OCC(=O)N2,O=C1COc2ccc(CNC3CCN(CCn4c(=O)c5nocc5c5ccc(F)cc54)CC3)nc2N1,Constrained aromatic substitution,517.5210000000003,2.13358,138.31,2,9,6,4,38,0.9181681741582866,0.7590361445783133,In-domain
N#Cc1cc2c(nc1CNC1CCN(CCn3c(=O)c4nocc4c4ccc(F)cc43)CC1)NC(=O)CO2,O=C1COc2ccc(CNC3CCN(CCn4c(=O)c5nocc5c5ccc(F)cc54)CC3)nc2N1,Constrained aromatic substitution,517.5210000000003,2.1335799999999994,138.31,2,9,6,4,38,0.9560585694022172,0.8589743589743589,In-domain
N#Cc1onc2c(=O)n(CCN3CCC(NCc4ccc5c(n4)NC(=O)CO5)CC3)c3cc(F)ccc3c12,O=C1COc2ccc(CNC3CCN(CCn4c(=O)c5nocc5c5ccc(F)cc54)CC3)nc2N1,Constrained aromatic substitution,517.5210000000003,2.1335799999999994,138.30999999999997,2,9,6,4,38,0.9358200810938019,0.75,In-domain
N#Cc1cc(F)cc2c1c1conc1c(=O)n2CCN1CCC(NCc2ccc3c(n2)NC(=O)CO3)CC1,O=C1COc2ccc(CNC3CCN(CCn4c(=O)c5nocc5c5ccc(F)cc54)CC3)nc2N1,Constrained aromatic substitution,517.5210000000003,2.1335799999999994,138.30999999999997,2,9,6,4,38,0.9548805912246502,0.7926829268292683,In-domain
N#Cc1cc2c3conc3c(=O)n(CCN3CCC(NCc4ccc5c(n4)NC(=O)CO5)CC3)c2cc1F,O=C1COc2ccc(CNC3CCN(CCn4c(=O)c5nocc5c5ccc(F)cc54)CC3)nc2N1,Constrained aromatic substitution,517.5210000000003,2.1335799999999994,138.30999999999997,2,9,6,4,38,0.9526761289032959,0.7926829268292683,In-domain
N#Cc1c(F)ccc2c3conc3c(=O)n(CCN3CCC(NCc4ccc5c(n4)NC(=O)CO5)CC3)c12,O=C1COc2ccc(CNC3CCN(CCn4c(=O)c5nocc5c5ccc(F)cc54)CC3)nc2N1,Constrained aromatic substitution,517.5210000000003,2.1335800000000003,138.30999999999997,2,9,6,4,38,0.9387668017089129,0.7380952380952381,In-domain
COc1cc2c(cc1C)c1conc1c(=O)n2CCN1CCC(NCc2nc3c(cc2F)OCC(=O)N3)CC1,COc1ccc2c3conc3c(=O)n(CCN3CCC(NCc4nc5c(cc4F)OCC(=O)N5)CC3)c2c1,Constrained aromatic substitution,536.5640000000002,2.57892,123.75,2,9,7,4,39,0.9280773194798223,0.8192771084337349,In-domain
COc1cc(C)c2c3conc3c(=O)n(CCN3CCC(NCc4nc5c(cc4F)OCC(=O)N5)CC3)c2c1,COc1ccc2c3conc3c(=O)n(CCN3CCC(NCc4nc5c(cc4F)OCC(=O)N5)CC3)c2c1,Constrained aromatic substitution,536.5640000000003,2.57892,123.75,2,9,7,4,39,0.9141564442425927,0.8313253012048193,In-domain
COc1ccc2c3c(C)onc3c(=O)n(CCN3CCC(NCc4nc5c(cc4F)OCC(=O)N5)CC3)c2c1,COc1ccc2c3conc3c(=O)n(CCN3CCC(NCc4nc5c(cc4F)OCC(=O)N5)CC3)c2c1,Constrained aromatic substitution,536.5640000000003,2.57892,123.75,2,9,7,4,39,0.9047006247240204,0.8,In-domain
COc1ccc2c3conc3c(=O)n(CCN3CCC(NCc4nc5c(c(C)c4F)OCC(=O)N5)CC3)c2c1,COc1ccc2c3conc3c(=O)n(CCN3CCC(NCc4nc5c(cc4F)OCC(=O)N5)CC3)c2c1,Constrained aromatic substitution,536.5640000000003,2.57892,123.75,2,9,7,4,39,0.9013146256694419,0.8,In-domain
COc1ccc2c3conc3c(=O)n(CCN3CCC(NCc4nc5c(cc4F)OCC(=O)N5)CC3)c2c1C,COc1ccc2c3conc3c(=O)n(CCN3CCC(NCc4nc5c(cc4F)OCC(=O)N5)CC3)c2c1,Constrained aromatic substitution,536.5640000000003,2.578920000000001,123.75,2,9,7,4,39,0.9128574576809619,0.7790697674418605,In-domain
COc1cc2c(cc1F)c1conc1c(=O)n2CCN1CCC(NCc2nc3c(cc2F)OCC(=O)N3)CC1,COc1ccc2c3conc3c(=O)n(CCN3CCC(NCc4nc5c(cc4F)OCC(=O)N5)CC3)c2c1,Constrained aromatic substitution,540.5270000000003,2.4096,123.75,2,9,7,4,39,0.921687013127052,0.8292682926829268,In-domain
COc1cc(F)c2c3conc3c(=O)n(CCN3CCC(NCc4nc5c(cc4F)OCC(=O)N5)CC3)c2c1,COc1ccc2c3conc3c(=O)n(CCN3CCC(NCc4nc5c(cc4F)OCC(=O)N5)CC3)c2c1,Constrained aromatic substitution,540.5270000000003,2.4096,123.75,2,9,7,4,39,0.9375167279397482,0.8518518518518519,In-domain
COc1ccc2c3c(F)onc3c(=O)n(CCN3CCC(NCc4nc5c(cc4F)OCC(=O)N5)CC3)c2c1,COc1ccc2c3conc3c(=O)n(CCN3CCC(NCc4nc5c(cc4F)OCC(=O)N5)CC3)c2c1,Constrained aromatic substitution,540.5270000000003,2.4096,123.75,2,9,7,4,39,0.9170459860027246,0.8095238095238095,In-domain
COc1ccc2c3conc3c(=O)n(CCN3CCC(NCc4nc5c(c(F)c4F)OCC(=O)N5)CC3)c2c1,COc1ccc2c3conc3c(=O)n(CCN3CCC(NCc4nc5c(cc4F)OCC(=O)N5)CC3)c2c1,Constrained aromatic substitution,540.5270000000002,2.4096,123.75,2,9,7,4,39,0.9284314118979957,0.8192771084337349,In-domain
COc1ccc2c3conc3c(=O)n(CCN3CCC(NCc4nc5c(cc4F)OCC(=O)N5)CC3)c2c1F,COc1ccc2c3conc3c(=O)n(CCN3CCC(NCc4nc5c(cc4F)OCC(=O)N5)CC3)c2c1,Constrained aromatic substitution,540.5270000000004,2.4096,123.75,2,9,7,4,39,0.9344184331255125,0.788235294117647,In-domain
COc1cc2c(cc1Cl)c1conc1c(=O)n2CCN1CCC(NCc2nc3c(cc2F)OCC(=O)N3)CC1,COc1ccc2c3conc3c(=O)n(CCN3CCC(NCc4nc5c(cc4F)OCC(=O)N5)CC3)c2c1,Constrained aromatic substitution,556.9820000000002,2.9239000000000006,123.75,2,9,7,4,39,0.9154258573486981,0.8,In-domain
COc1cc(Cl)c2c3conc3c(=O)n(CCN3CCC(NCc4nc5c(cc4F)OCC(=O)N5)CC3)c2c1,COc1ccc2c3conc3c(=O)n(CCN3CCC(NCc4nc5c(cc4F)OCC(=O)N5)CC3)c2c1,Constrained aromatic substitution,556.9820000000002,2.9239000000000006,123.75,2,9,7,4,39,0.8943245361706086,0.8214285714285714,In-domain
COc1ccc2c3c(Cl)onc3c(=O)n(CCN3CCC(NCc4nc5c(cc4F)OCC(=O)N5)CC3)c2c1,COc1ccc2c3conc3c(=O)n(CCN3CCC(NCc4nc5c(cc4F)OCC(=O)N5)CC3)c2c1,Constrained aromatic substitution,556.9820000000001,2.9239000000000006,123.75,2,9,7,4,39,0.896404482210955,0.7906976744186046,In-domain
COc1ccc2c3conc3c(=O)n(CCN3CCC(NCc4nc5c(c(Cl)c4F)OCC(=O)N5)CC3)c2c1,COc1ccc2c3conc3c(=O)n(CCN3CCC(NCc4nc5c(cc4F)OCC(=O)N5)CC3)c2c1,Constrained aromatic substitution,556.9820000000001,2.9239000000000006,123.75,2,9,7,4,39,0.924091729490654,0.7906976744186046,In-domain
COc1ccc2c3conc3c(=O)n(CCN3CCC(NCc4nc5c(cc4F)OCC(=O)N5)CC3)c2c1Cl,COc1ccc2c3conc3c(=O)n(CCN3CCC(NCc4nc5c(cc4F)OCC(=O)N5)CC3)c2c1,Constrained aromatic substitution,556.9820000000003,2.9239000000000006,123.75,2,9,7,4,39,0.9337558560183861,0.7790697674418605,In-domain
COc1cc2c(cc1O)c1conc1c(=O)n2CCN1CCC(NCc2nc3c(cc2F)OCC(=O)N3)CC1,COc1ccc2c3conc3c(=O)n(CCN3CCC(NCc4nc5c(cc4F)OCC(=O)N5)CC3)c2c1,Constrained aromatic substitution,538.5360000000002,1.9761,143.98000000000002,3,10,7,4,39,0.9090278493299908,0.8,In-domain
COc1cc(O)c2c3conc3c(=O)n(CCN3CCC(NCc4nc5c(cc4F)OCC(=O)N5)CC3)c2c1,COc1ccc2c3conc3c(=O)n(CCN3CCC(NCc4nc5c(cc4F)OCC(=O)N5)CC3)c2c1,Constrained aromatic substitution,538.5360000000003,1.9760999999999995,143.98000000000002,3,10,7,4,39,0.8957609076499561,0.8214285714285714,In-domain
COc1ccc2c3c(O)onc3c(=O)n(CCN3CCC(NCc4nc5c(cc4F)OCC(=O)N5)CC3)c2c1,COc1ccc2c3conc3c(=O)n(CCN3CCC(NCc4nc5c(cc4F)OCC(=O)N5)CC3)c2c1,Constrained aromatic substitution,538.5360000000003,1.9760999999999995,143.98000000000002,3,10,7,4,39,0.8973960924970181,0.7906976744186046,In-domain
COc1ccc2c3conc3c(=O)n(CCN3CCC(NCc4nc5c(c(O)c4F)OCC(=O)N5)CC3)c2c1,COc1ccc2c3conc3c(=O)n(CCN3CCC(NCc4nc5c(cc4F)OCC(=O)N5)CC3)c2c1,Constrained aromatic substitution,538.5360000000003,1.9760999999999995,143.98000000000002,3,10,7,4,39,0.8667342899152572,0.7906976744186046,In-domain
COc1ccc2c3conc3c(=O)n(CCN3CCC(NCc4nc5c(cc4F)OCC(=O)N5)CC3)c2c1O,COc1ccc2c3conc3c(=O)n(CCN3CCC(NCc4nc5c(cc4F)OCC(=O)N5)CC3)c2c1,Constrained aromatic substitution,538.5360000000004,1.9761000000000002,143.98,3,10,7,4,39,0.9056558065052985,0.7701149425287356,In-domain
COc1cc2c(cc1C#N)c1conc1c(=O)n2CCN1CCC(NCc2nc3c(cc2F)OCC(=O)N3)CC1,COc1ccc2c3conc3c(=O)n(CCN3CCC(NCc4nc5c(cc4F)OCC(=O)N5)CC3)c2c1,Constrained aromatic substitution,547.5470000000003,2.1421799999999998,147.54000000000002,2,10,7,4,40,0.9307604383287469,0.7727272727272727,In-domain
COc1cc(C#N)c2c3conc3c(=O)n(CCN3CCC(NCc4nc5c(cc4F)OCC(=O)N5)CC3)c2c1,COc1ccc2c3conc3c(=O)n(CCN3CCC(NCc4nc5c(cc4F)OCC(=O)N5)CC3)c2c1,Constrained aromatic substitution,547.5470000000003,2.1421799999999998,147.54000000000002,2,10,7,4,40,0.9269700597134248,0.7931034482758621,In-domain
COc1ccc2c3c(C#N)onc3c(=O)n(CCN3CCC(NCc4nc5c(cc4F)OCC(=O)N5)CC3)c2c1,COc1ccc2c3conc3c(=O)n(CCN3CCC(NCc4nc5c(cc4F)OCC(=O)N5)CC3)c2c1,Constrained aromatic substitution,547.5470000000003,2.1421799999999998,147.54000000000002,2,10,7,4,40,0.920938171243329,0.7640449438202247,In-domain
COc1ccc2c3conc3c(=O)n(CCN3CCC(NCc4nc5c(c(C#N)c4F)OCC(=O)N5)CC3)c2c1,COc1ccc2c3conc3c(=O)n(CCN3CCC(NCc4nc5c(cc4F)OCC(=O)N5)CC3)c2c1,Constrained aromatic substitution,547.5470000000003,2.1421799999999998,147.54000000000002,2,10,7,4,40,0.916704619987008,0.7640449438202247,In-domain
COc1ccc2c3conc3c(=O)n(CCN3CCC(NCc4nc5c(cc4F)OCC(=O)N5)CC3)c2c1C#N,COc1ccc2c3conc3c(=O)n(CCN3CCC(NCc4nc5c(cc4F)OCC(=O)N5)CC3)c2c1,Constrained aromatic substitution,547.5470000000003,2.1421799999999998,147.54,2,10,7,4,40,0.9390570985159581,0.7444444444444445,In-domain
CCCCCN(C)Cc1c(NC(=O)c2cc3cc(F)cc(NC)c3[nH]c2=O)ccc(C(=O)O)c1C,CCCCCN(C)Cc1cc(C(=O)O)ccc1NC(=O)c1cc2cc(F)cc(NC)c2[nH]c1=O,Constrained aromatic substitution,482.55600000000027,4.589820000000002,114.53000000000002,4,5,10,3,35,0.9222152655225241,0.7536231884057971,In-domain
CCCCCN(C)Cc1cc(C(=O)O)c(C)cc1NC(=O)c1cc2cc(F)cc(NC)c2[nH]c1=O,CCCCCN(C)Cc1cc(C(=O)O)ccc1NC(=O)c1cc2cc(F)cc(NC)c2[nH]c1=O,Constrained aromatic substitution,482.5560000000002,4.589820000000002,114.53,4,5,10,3,35,0.9254301002185986,0.803030303030303,In-domain
CCCCCN(C)Cc1cc(C(=O)O)cc(C)c1NC(=O)c1cc2cc(F)cc(NC)c2[nH]c1=O,CCCCCN(C)Cc1cc(C(=O)O)ccc1NC(=O)c1cc2cc(F)cc(NC)c2[nH]c1=O,Constrained aromatic substitution,482.5560000000002,4.589820000000002,114.53,4,5,10,3,35,0.9652786534324784,0.7941176470588235,In-domain
CCCCCN(C)Cc1cc(C(=O)O)ccc1NC(=O)c1c(C)c2cc(F)cc(NC)c2[nH]c1=O,CCCCCN(C)Cc1cc(C(=O)O)ccc1NC(=O)c1cc2cc(F)cc(NC)c2[nH]c1=O,Constrained aromatic substitution,482.55600000000027,4.589820000000002,114.53,4,5,10,3,35,0.9596392288467775,0.7428571428571429,In-domain
CCCCCN(C)Cc1cc(C(=O)O)ccc1NC(=O)c1cc2c(C)c(F)cc(NC)c2[nH]c1=O,CCCCCN(C)Cc1cc(C(=O)O)ccc1NC(=O)c1cc2cc(F)cc(NC)c2[nH]c1=O,Constrained aromatic substitution,482.55600000000027,4.589820000000002,114.53,4,5,10,3,35,0.9313448134144059,0.7681159420289855,In-domain
CCCCCN(C)Cc1cc(C(=O)O)ccc1NC(=O)c1cc2cc(F)c(C)c(NC)c2[nH]c1=O,CCCCCN(C)Cc1cc(C(=O)O)ccc1NC(=O)c1cc2cc(F)cc(NC)c2[nH]c1=O,Constrained aromatic substitution,482.55600000000027,4.589820000000002,114.53,4,5,10,3,35,0.9306428562060419,0.782608695652174,In-domain
CCCCCN(C)Cc1c(NC(=O)c2cc3cc(F)cc(NC)c3[nH]c2=O)ccc(C(=O)O)c1F,CCCCCN(C)Cc1cc(C(=O)O)ccc1NC(=O)c1cc2cc(F)cc(NC)c2[nH]c1=O,Constrained aromatic substitution,486.51900000000023,4.420500000000002,114.53000000000002,4,5,10,3,35,0.9169144335950875,0.7878787878787878,In-domain
CCCCCN(C)Cc1cc(C(=O)O)c(F)cc1NC(=O)c1cc2cc(F)cc(NC)c2[nH]c1=O,CCCCCN(C)Cc1cc(C(=O)O)ccc1NC(=O)c1cc2cc(F)cc(NC)c2[nH]c1=O,Constrained aromatic substitution,486.5190000000002,4.420500000000002,114.53,4,5,10,3,35,0.9095363267541339,0.803030303030303,In-domain
CCCCCN(C)Cc1cc(C(=O)O)cc(F)c1NC(=O)c1cc2cc(F)cc(NC)c2[nH]c1=O,CCCCCN(C)Cc1cc(C(=O)O)ccc1NC(=O)c1cc2cc(F)cc(NC)c2[nH]c1=O,Constrained aromatic substitution,486.5190000000002,4.420500000000002,114.53,4,5,10,3,35,0.9612299938495172,0.8059701492537313,In-domain
CCCCCN(C)Cc1cc(C(=O)O)ccc1NC(=O)c1c(F)c2cc(F)cc(NC)c2[nH]c1=O,CCCCCN(C)Cc1cc(C(=O)O)ccc1NC(=O)c1cc2cc(F)cc(NC)c2[nH]c1=O,Constrained aromatic substitution,486.51900000000023,4.420500000000002,114.53,4,5,10,3,35,0.959929442243202,0.7536231884057971,In-domain
CCCCCN(C)Cc1cc(C(=O)O)ccc1NC(=O)c1cc2c(F)c(F)cc(NC)c2[nH]c1=O,CCCCCN(C)Cc1cc(C(=O)O)ccc1NC(=O)c1cc2cc(F)cc(NC)c2[nH]c1=O,Constrained aromatic substitution,486.51900000000023,4.420500000000002,114.53,4,5,10,3,35,0.9267269404542695,0.7794117647058824,In-domain
CCCCCN(C)Cc1cc(C(=O)O)ccc1NC(=O)c1cc2cc(F)c(F)c(NC)c2[nH]c1=O,CCCCCN(C)Cc1cc(C(=O)O)ccc1NC(=O)c1cc2cc(F)cc(NC)c2[nH]c1=O,Constrained aromatic substitution,486.51900000000023,4.420500000000002,114.53,4,5,10,3,35,0.9215613445857793,0.7941176470588235,In-domain
CCCCCN(C)Cc1c(NC(=O)c2cc3cc(F)cc(NC)c3[nH]c2=O)ccc(C(=O)O)c1Cl,CCCCCN(C)Cc1cc(C(=O)O)ccc1NC(=O)c1cc2cc(F)cc(NC)c2[nH]c1=O,Constrained aromatic substitution,502.9740000000003,4.934800000000003,114.53000000000002,4,5,10,3,35,0.919122335648218,0.7428571428571429,In-domain
CCCCCN(C)Cc1cc(C(=O)O)c(Cl)cc1NC(=O)c1cc2cc(F)cc(NC)c2[nH]c1=O,CCCCCN(C)Cc1cc(C(=O)O)ccc1NC(=O)c1cc2cc(F)cc(NC)c2[nH]c1=O,Constrained aromatic substitution,502.9740000000002,4.934800000000003,114.53,4,5,10,3,35,0.9241001980824052,0.7794117647058824,In-domain
CCCCCN(C)Cc1cc(C(=O)O)cc(Cl)c1NC(=O)c1cc2cc(F)cc(NC)c2[nH]c1=O,CCCCCN(C)Cc1cc(C(=O)O)ccc1NC(=O)c1cc2cc(F)cc(NC)c2[nH]c1=O,Constrained aromatic substitution,502.9740000000003,4.934800000000003,114.53,4,5,10,3,35,0.9532689503556803,0.782608695652174,In-domain
CCCCCN(C)Cc1cc(C(=O)O)ccc1NC(=O)c1c(Cl)c2cc(F)cc(NC)c2[nH]c1=O,CCCCCN(C)Cc1cc(C(=O)O)ccc1NC(=O)c1cc2cc(F)cc(NC)c2[nH]c1=O,Constrained aromatic substitution,502.9740000000002,4.934800000000003,114.53,4,5,10,3,35,0.951777384419516,0.7323943661971831,In-domain
CCCCCN(C)Cc1cc(C(=O)O)ccc1NC(=O)c1cc2c(Cl)c(F)cc(NC)c2[nH]c1=O,CCCCCN(C)Cc1cc(C(=O)O)ccc1NC(=O)c1cc2cc(F)cc(NC)c2[nH]c1=O,Constrained aromatic substitution,502.9740000000003,4.934800000000003,114.53,4,5,10,3,35,0.9279810836994165,0.7571428571428571,In-domain
CCCCCN(C)Cc1cc(C(=O)O)ccc1NC(=O)c1cc2cc(F)c(Cl)c(NC)c2[nH]c1=O,CCCCCN(C)Cc1cc(C(=O)O)ccc1NC(=O)c1cc2cc(F)cc(NC)c2[nH]c1=O,Constrained aromatic substitution,502.9740000000003,4.934800000000003,114.53,4,5,10,3,35,0.9260848543182147,0.7714285714285715,In-domain
CCCCCN(C)Cc1c(NC(=O)c2cc3cc(F)cc(NC)c3[nH]c2=O)ccc(C(=O)O)c1O,CCCCCN(C)Cc1cc(C(=O)O)ccc1NC(=O)c1cc2cc(F)cc(NC)c2[nH]c1=O,Constrained aromatic substitution,484.52800000000025,3.9870000000000014,134.76000000000002,5,6,10,3,35,0.912888483457043,0.7536231884057971,In-domain
CCCCCN(C)Cc1cc(C(=O)O)c(O)cc1NC(=O)c1cc2cc(F)cc(NC)c2[nH]c1=O,CCCCCN(C)Cc1cc(C(=O)O)ccc1NC(=O)c1cc2cc(F)cc(NC)c2[nH]c1=O,Constrained aromatic substitution,484.5280000000002,3.987000000000001,134.76,5,6,10,3,35,0.9248359466954507,0.7910447761194029,In-domain
CCCCCN(C)Cc1cc(C(=O)O)cc(O)c1NC(=O)c1cc2cc(F)cc(NC)c2[nH]c1=O,CCCCCN(C)Cc1cc(C(=O)O)ccc1NC(=O)c1cc2cc(F)cc(NC)c2[nH]c1=O,Constrained aromatic substitution,484.5280000000002,3.987000000000001,134.76,5,6,10,3,35,0.9348472908754667,0.7941176470588235,In-domain
CCCCCN(C)Cc1cc(C(=O)O)ccc1NC(=O)c1c(O)c2cc(F)cc(NC)c2[nH]c1=O,CCCCCN(C)Cc1cc(C(=O)O)ccc1NC(=O)c1cc2cc(F)cc(NC)c2[nH]c1=O,Constrained aromatic substitution,484.52800000000025,3.987000000000001,134.76000000000002,5,6,10,3,35,0.9624580019196318,0.7428571428571429,In-domain
CCCCCN(C)Cc1cc(C(=O)O)ccc1NC(=O)c1cc2c(O)c(F)cc(NC)c2[nH]c1=O,CCCCCN(C)Cc1cc(C(=O)O)ccc1NC(=O)c1cc2cc(F)cc(NC)c2[nH]c1=O,Constrained aromatic substitution,484.52800000000025,3.987000000000001,134.76000000000002,5,6,10,3,35,0.9287285335609277,0.7794117647058824,In-domain
CCCCCN(C)Cc1cc(C(=O)O)ccc1NC(=O)c1cc2cc(F)c(O)c(NC)c2[nH]c1=O,CCCCCN(C)Cc1cc(C(=O)O)ccc1NC(=O)c1cc2cc(F)cc(NC)c2[nH]c1=O,Constrained aromatic substitution,484.52800000000025,3.987000000000001,134.76000000000002,5,6,10,3,35,0.9207972522492754,0.7941176470588235,In-domain
CCCCCN(C)Cc1c(NC(=O)c2cc3cc(F)cc(NC)c3[nH]c2=O)ccc(C(=O)O)c1C#N,CCCCCN(C)Cc1cc(C(=O)O)ccc1NC(=O)c1cc2cc(F)cc(NC)c2[nH]c1=O,Constrained aromatic substitution,493.53900000000027,4.153080000000002,138.32000000000002,4,6,10,3,36,0.9241137449945812,0.7222222222222222,In-domain
CCCCCN(C)Cc1cc(C(=O)O)c(C#N)cc1NC(=O)c1cc2cc(F)cc(NC)c2[nH]c1=O,CCCCCN(C)Cc1cc(C(=O)O)ccc1NC(=O)c1cc2cc(F)cc(NC)c2[nH]c1=O,Constrained aromatic substitution,493.5390000000002,4.153080000000002,138.32,4,6,10,3,36,0.9248361780908071,0.7464788732394366,In-domain
CCCCCN(C)Cc1cc(C(=O)O)cc(C#N)c1NC(=O)c1cc2cc(F)cc(NC)c2[nH]c1=O,CCCCCN(C)Cc1cc(C(=O)O)ccc1NC(=O)c1cc2cc(F)cc(NC)c2[nH]c1=O,Constrained aromatic substitution,493.5390000000002,4.153080000000002,138.32,4,6,10,3,36,0.9587304778635551,0.75,In-domain
CCCCCN(C)Cc1cc(C(=O)O)ccc1NC(=O)c1c(C#N)c2cc(F)cc(NC)c2[nH]c1=O,CCCCCN(C)Cc1cc(C(=O)O)ccc1NC(=O)c1cc2cc(F)cc(NC)c2[nH]c1=O,Constrained aromatic substitution,493.53900000000027,4.153080000000002,138.32,4,6,10,3,36,0.9607696370790041,0.7027027027027027,In-domain
CCCCCN(C)Cc1cc(C(=O)O)ccc1NC(=O)c1cc2c(C#N)c(F)cc(NC)c2[nH]c1=O,CCCCCN(C)Cc1cc(C(=O)O)ccc1NC(=O)c1cc2cc(F)cc(NC)c2[nH]c1=O,Constrained aromatic substitution,493.53900000000027,4.153080000000002,138.32,4,6,10,3,36,0.9235353209360381,0.726027397260274,In-domain
CCCCCN(C)Cc1cc(C(=O)O)ccc1NC(=O)c1cc2cc(F)c(C#N)c(NC)c2[nH]c1=O,CCCCCN(C)Cc1cc(C(=O)O)ccc1NC(=O)c1cc2cc(F)cc(NC)c2[nH]c1=O,Constrained aromatic substitution,493.53900000000027,4.153080000000002,138.32,4,6,10,3,36,0.9213874707565727,0.7397260273972602,In-domain
Cc1cc(CNC2CCN(CCn3c(=O)c4ncoc4c4ccc(F)cc43)CC2)nc2c1OCC(=O)N2,O=C1COc2ccc(CNC3CCN(CCn4c(=O)c5ncoc5c5ccc(F)cc54)CC3)nc2N1,Constrained aromatic substitution,506.53800000000035,2.5703199999999997,114.52000000000001,2,8,6,4,37,0.9100518806041823,0.8024691358024691,In-domain
Cc1cc2c(nc1CNC1CCN(CCn3c(=O)c4ncoc4c4ccc(F)cc43)CC1)NC(=O)CO2,O=C1COc2ccc(CNC3CCN(CCn4c(=O)c5ncoc5c5ccc(F)cc54)CC3)nc2N1,Constrained aromatic substitution,506.5380000000003,2.5703199999999997,114.52,2,8,6,4,37,0.9184317093424034,0.7926829268292683,In-domain
Cc1nc2c(=O)n(CCN3CCC(NCc4ccc5c(n4)NC(=O)CO5)CC3)c3cc(F)ccc3c2o1,O=C1COc2ccc(CNC3CCN(CCn4c(=O)c5ncoc5c5ccc(F)cc54)CC3)nc2N1,Constrained aromatic substitution,506.53800000000035,2.5703199999999997,114.52000000000001,2,8,6,4,37,0.934077883841883,0.7901234567901234,In-domain
Cc1cc(F)cc2c1c1ocnc1c(=O)n2CCN1CCC(NCc2ccc3c(n2)NC(=O)CO3)CC1,O=C1COc2ccc(CNC3CCN(CCn4c(=O)c5ncoc5c5ccc(F)cc54)CC3)nc2N1,Constrained aromatic substitution,506.53800000000035,2.5703200000000006,114.52,2,8,6,4,37,0.9306175955362913,0.8024691358024691,In-domain
Cc1cc2c3ocnc3c(=O)n(CCN3CCC(NCc4ccc5c(n4)NC(=O)CO5)CC3)c2cc1F,O=C1COc2ccc(CNC3CCN(CCn4c(=O)c5ncoc5c5ccc(F)cc54)CC3)nc2N1,Constrained aromatic substitution,506.5380000000003,2.5703200000000006,114.52,2,8,6,4,37,0.9025586116708599,0.8148148148148148,In-domain
Cc1c(F)ccc2c3ocnc3c(=O)n(CCN3CCC(NCc4ccc5c(n4)NC(=O)CO5)CC3)c12,O=C1COc2ccc(CNC3CCN(CCn4c(=O)c5ncoc5c5ccc(F)cc54)CC3)nc2N1,Constrained aromatic substitution,506.53800000000035,2.5703200000000006,114.52,2,8,6,4,37,0.9206827251075249,0.7590361445783133,In-domain
O=C1COc2c(F)cc(CNC3CCN(CCn4c(=O)c5ncoc5c5ccc(F)cc54)CC3)nc2N1,O=C1COc2ccc(CNC3CCN(CCn4c(=O)c5ncoc5c5ccc(F)cc54)CC3)nc2N1,Constrained aromatic substitution,510.50100000000026,2.401,114.52000000000001,2,8,6,4,37,0.9224585128677931,0.8333333333333334,In-domain
O=C1COc2cc(F)c(CNC3CCN(CCn4c(=O)c5ncoc5c5ccc(F)cc54)CC3)nc2N1,O=C1COc2ccc(CNC3CCN(CCn4c(=O)c5ncoc5c5ccc(F)cc54)CC3)nc2N1,Constrained aromatic substitution,510.50100000000026,2.401,114.52000000000001,2,8,6,4,37,0.9318816139219135,0.8227848101265823,In-domain
O=C1COc2ccc(CNC3CCN(CCn4c(=O)c5nc(F)oc5c5ccc(F)cc54)CC3)nc2N1,O=C1COc2ccc(CNC3CCN(CCn4c(=O)c5ncoc5c5ccc(F)cc54)CC3)nc2N1,Constrained aromatic substitution,510.5010000000002,2.401,114.52000000000001,2,8,6,4,37,0.9332741776798236,0.810126582278481,In-domain
O=C1COc2ccc(CNC3CCN(CCn4c(=O)c5ncoc5c5c(F)cc(F)cc54)CC3)nc2N1,O=C1COc2ccc(CNC3CCN(CCn4c(=O)c5ncoc5c5ccc(F)cc54)CC3)nc2N1,Constrained aromatic substitution,510.5010000000002,2.401,114.52000000000001,2,8,6,4,37,0.9451232568872125,0.8333333333333334,In-domain
O=C1COc2ccc(CNC3CCN(CCn4c(=O)c5ncoc5c5cc(F)c(F)cc54)CC3)nc2N1,O=C1COc2ccc(CNC3CCN(CCn4c(=O)c5ncoc5c5ccc(F)cc54)CC3)nc2N1,Constrained aromatic substitution,510.5010000000002,2.401,114.52000000000001,2,8,6,4,37,0.899291618275206,0.8571428571428571,In-domain
O=C1COc2ccc(CNC3CCN(CCn4c(=O)c5ncoc5c5ccc(F)c(F)c54)CC3)nc2N1,O=C1COc2ccc(CNC3CCN(CCn4c(=O)c5ncoc5c5ccc(F)cc54)CC3)nc2N1,Constrained aromatic substitution,510.5010000000002,2.401,114.52000000000001,2,8,6,4,37,0.9281418979949151,0.7777777777777778,In-domain
O=C1COc2c(Cl)cc(CNC3CCN(CCn4c(=O)c5ncoc5c5ccc(F)cc54)CC3)nc2N1,O=C1COc2ccc(CNC3CCN(CCn4c(=O)c5ncoc5c5ccc(F)cc54)CC3)nc2N1,Constrained aromatic substitution,526.9560000000002,2.9153000000000002,114.52000000000001,2,8,6,4,37,0.9120854558494563,0.8125,In-domain
O=C1COc2cc(Cl)c(CNC3CCN(CCn4c(=O)c5ncoc5c5ccc(F)cc54)CC3)nc2N1,O=C1COc2ccc(CNC3CCN(CCn4c(=O)c5ncoc5c5ccc(F)cc54)CC3)nc2N1,Constrained aromatic substitution,526.9560000000002,2.9153000000000002,114.52000000000001,2,8,6,4,37,0.9212358575268611,0.7926829268292683,In-domain
O=C1COc2ccc(CNC3CCN(CCn4c(=O)c5nc(Cl)oc5c5ccc(F)cc54)CC3)nc2N1,O=C1COc2ccc(CNC3CCN(CCn4c(=O)c5ncoc5c5ccc(F)cc54)CC3)nc2N1,Constrained aromatic substitution,526.9560000000002,2.9153000000000002,114.52000000000001,2,8,6,4,37,0.9210889419710784,0.7901234567901234,In-domain
O=C1COc2ccc(CNC3CCN(CCn4c(=O)c5ncoc5c5c(Cl)cc(F)cc54)CC3)nc2N1,O=C1COc2ccc(CNC3CCN(CCn4c(=O)c5ncoc5c5ccc(F)cc54)CC3)nc2N1,Constrained aromatic substitution,526.9560000000002,2.9153000000000002,114.52000000000001,2,8,6,4,37,0.9301124142333677,0.8024691358024691,In-domain
O=C1COc2ccc(CNC3CCN(CCn4c(=O)c5ncoc5c5cc(Cl)c(F)cc54)CC3)nc2N1,O=C1COc2ccc(CNC3CCN(CCn4c(=O)c5ncoc5c5ccc(F)cc54)CC3)nc2N1,Constrained aromatic substitution,526.9560000000002,2.9153000000000002,114.52000000000001,2,8,6,4,37,0.9108009563958558,0.8148148148148148,In-domain
O=C1COc2ccc(CNC3CCN(CCn4c(=O)c5ncoc5c5ccc(F)c(Cl)c54)CC3)nc2N1,O=C1COc2ccc(CNC3CCN(CCn4c(=O)c5ncoc5c5ccc(F)cc54)CC3)nc2N1,Constrained aromatic substitution,526.9560000000002,2.9153000000000002,114.52000000000001,2,8,6,4,37,0.9269609275559931,0.7590361445783133,In-domain
O=C1COc2c(O)cc(CNC3CCN(CCn4c(=O)c5ncoc5c5ccc(F)cc54)CC3)nc2N1,O=C1COc2ccc(CNC3CCN(CCn4c(=O)c5ncoc5c5ccc(F)cc54)CC3)nc2N1,Constrained aromatic substitution,508.5100000000002,1.9674999999999996,134.75,3,9,6,4,37,0.9031994636834934,0.8024691358024691,In-domain
O=C1COc2cc(O)c(CNC3CCN(CCn4c(=O)c5ncoc5c5ccc(F)cc54)CC3)nc2N1,O=C1COc2ccc(CNC3CCN(CCn4c(=O)c5ncoc5c5ccc(F)cc54)CC3)nc2N1,Constrained aromatic substitution,508.5100000000002,1.9674999999999996,134.75,3,9,6,4,37,0.9111119577781845,0.7926829268292683,In-domain
O=C1COc2ccc(CNC3CCN(CCn4c(=O)c5nc(O)oc5c5ccc(F)cc54)CC3)nc2N1,O=C1COc2ccc(CNC3CCN(CCn4c(=O)c5ncoc5c5ccc(F)cc54)CC3)nc2N1,Constrained aromatic substitution,508.5100000000002,1.9674999999999996,134.75,3,9,6,4,37,0.9303561035807125,0.7901234567901234,In-domain
O=C1COc2ccc(CNC3CCN(CCn4c(=O)c5ncoc5c5c(O)cc(F)cc54)CC3)nc2N1,O=C1COc2ccc(CNC3CCN(CCn4c(=O)c5ncoc5c5ccc(F)cc54)CC3)nc2N1,Constrained aromatic substitution,508.5100000000002,1.9674999999999994,134.75,3,9,6,4,37,0.9305045803108426,0.8024691358024691,In-domain
O=C1COc2ccc(CNC3CCN(CCn4c(=O)c5ncoc5c5cc(O)c(F)cc54)CC3)nc2N1,O=C1COc2ccc(CNC3CCN(CCn4c(=O)c5ncoc5c5ccc(F)cc54)CC3)nc2N1,Constrained aromatic substitution,508.5100000000002,1.9674999999999996,134.75,3,9,6,4,37,0.8979276701423432,0.8148148148148148,In-domain
O=C1COc2ccc(CNC3CCN(CCn4c(=O)c5ncoc5c5ccc(F)c(O)c54)CC3)nc2N1,O=C1COc2ccc(CNC3CCN(CCn4c(=O)c5ncoc5c5ccc(F)cc54)CC3)nc2N1,Constrained aromatic substitution,508.5100000000002,1.9674999999999991,134.75,3,9,6,4,37,0.9040635023558449,0.7590361445783133,In-domain
N#Cc1cc(CNC2CCN(CCn3c(=O)c4ncoc4c4ccc(F)cc43)CC2)nc2c1OCC(=O)N2,O=C1COc2ccc(CNC3CCN(CCn4c(=O)c5ncoc5c5ccc(F)cc54)CC3)nc2N1,Constrained aromatic substitution,517.5210000000003,2.13358,138.31,2,9,6,4,38,0.8984602533915963,0.7738095238095238,In-domain
N#Cc1cc2c(nc1CNC1CCN(CCn3c(=O)c4ncoc4c4ccc(F)cc43)CC1)NC(=O)CO2,O=C1COc2ccc(CNC3CCN(CCn4c(=O)c5ncoc5c5ccc(F)cc54)CC3)nc2N1,Constrained aromatic substitution,517.5210000000003,2.1335799999999994,138.31,2,9,6,4,38,0.9281623106050764,0.7738095238095238,In-domain
N#Cc1nc2c(=O)n(CCN3CCC(NCc4ccc5c(n4)NC(=O)CO5)CC3)c3cc(F)ccc3c2o1,O=C1COc2ccc(CNC3CCN(CCn4c(=O)c5ncoc5c5ccc(F)cc54)CC3)nc2N1,Constrained aromatic substitution,517.5210000000003,2.1335799999999994,138.31,2,9,6,4,38,0.9405091563468979,0.7619047619047619,In-domain
N#Cc1cc(F)cc2c1c1ocnc1c(=O)n2CCN1CCC(NCc2ccc3c(n2)NC(=O)CO3)CC1,O=C1COc2ccc(CNC3CCN(CCn4c(=O)c5ncoc5c5ccc(F)cc54)CC3)nc2N1,Constrained aromatic substitution,517.5210000000003,2.1335799999999994,138.30999999999997,2,9,6,4,38,0.9408612605511241,0.7738095238095238,In-domain
N#Cc1cc2c3ocnc3c(=O)n(CCN3CCC(NCc4ccc5c(n4)NC(=O)CO5)CC3)c2cc1F,O=C1COc2ccc(CNC3CCN(CCn4c(=O)c5ncoc5c5ccc(F)cc54)CC3)nc2N1,Constrained aromatic substitution,517.5210000000003,2.1335799999999994,138.30999999999997,2,9,6,4,38,0.9129566317072983,0.7857142857142857,In-domain
N#Cc1c(F)ccc2c3ocnc3c(=O)n(CCN3CCC(NCc4ccc5c(n4)NC(=O)CO5)CC3)c12,O=C1COc2ccc(CNC3CCN(CCn4c(=O)c5ncoc5c5ccc(F)cc54)CC3)nc2N1,Constrained aromatic substitution,517.5210000000003,2.1335800000000003,138.30999999999997,2,9,6,4,38,0.9220264615893576,0.7325581395348837,In-domain
CNc1c(C)c(F)cc2cc(C(=O)Nc3ccc(C(=O)O)cc3CNC3CCCCC3)c(=O)[nH]c12,CNc1cc(F)cc2cc(C(=O)Nc3ccc(C(=O)O)cc3CNC3CCCCC3)c(=O)[nH]c12,Constrained aromatic substitution,480.54000000000036,4.390120000000002,123.32,5,5,7,3,35,0.9245236763853054,0.7857142857142857,In-domain
CNc1cc(F)c(C)c2cc(C(=O)Nc3ccc(C(=O)O)cc3CNC3CCCCC3)c(=O)[nH]c12,CNc1cc(F)cc2cc(C(=O)Nc3ccc(C(=O)O)cc3CNC3CCCCC3)c(=O)[nH]c12,Constrained aromatic substitution,480.54000000000036,4.390120000000002,123.32,5,5,7,3,35,0.9073226008044682,0.7714285714285715,In-domain
CNc1cc(F)cc2c(C)c(C(=O)Nc3ccc(C(=O)O)cc3CNC3CCCCC3)c(=O)[nH]c12,CNc1cc(F)cc2cc(C(=O)Nc3ccc(C(=O)O)cc3CNC3CCCCC3)c(=O)[nH]c12,Constrained aromatic substitution,480.54000000000036,4.390120000000002,123.32,5,5,7,3,35,0.9426276725061933,0.7464788732394366,In-domain
CNc1cc(F)cc2cc(C(=O)Nc3c(C)cc(C(=O)O)cc3CNC3CCCCC3)c(=O)[nH]c12,CNc1cc(F)cc2cc(C(=O)Nc3ccc(C(=O)O)cc3CNC3CCCCC3)c(=O)[nH]c12,Constrained aromatic substitution,480.54000000000036,4.390120000000002,123.32,5,5,7,3,35,0.9545937379726754,0.782608695652174,In-domain
CNc1cc(F)cc2cc(C(=O)Nc3cc(C)c(C(=O)O)cc3CNC3CCCCC3)c(=O)[nH]c12,CNc1cc(F)cc2cc(C(=O)Nc3ccc(C(=O)O)cc3CNC3CCCCC3)c(=O)[nH]c12,Constrained aromatic substitution,480.54000000000036,4.390120000000002,123.32,5,5,7,3,35,0.9276620463357705,0.7910447761194029,In-domain
CNc1cc(F)cc2cc(C(=O)Nc3ccc(C(=O)O)c(C)c3CNC3CCCCC3)c(=O)[nH]c12,CNc1cc(F)cc2cc(C(=O)Nc3ccc(C(=O)O)cc3CNC3CCCCC3)c(=O)[nH]c12,Constrained aromatic substitution,480.5400000000004,4.390120000000002,123.32,5,5,7,3,35,0.9250844169721408,0.7428571428571429,In-domain
CNc1c(F)c(F)cc2cc(C(=O)Nc3ccc(C(=O)O)cc3CNC3CCCCC3)c(=O)[nH]c12,CNc1cc(F)cc2cc(C(=O)Nc3ccc(C(=O)O)cc3CNC3CCCCC3)c(=O)[nH]c12,Constrained aromatic substitution,484.5030000000004,4.220800000000001,123.32,5,5,7,3,35,0.9154457577366703,0.7971014492753623,In-domain
CNc1cc(F)c(F)c2cc(C(=O)Nc3ccc(C(=O)O)cc3CNC3CCCCC3)c(=O)[nH]c12,CNc1cc(F)cc2cc(C(=O)Nc3ccc(C(=O)O)cc3CNC3CCCCC3)c(=O)[nH]c12,Constrained aromatic substitution,484.5030000000004,4.220800000000001,123.32,5,5,7,3,35,0.9032297813100455,0.782608695652174,In-domain
CNc1cc(F)cc2c(F)c(C(=O)Nc3ccc(C(=O)O)cc3CNC3CCCCC3)c(=O)[nH]c12,CNc1cc(F)cc2cc(C(=O)Nc3ccc(C(=O)O)cc3CNC3CCCCC3)c(=O)[nH]c12,Constrained aromatic substitution,484.5030000000004,4.220800000000002,123.32,5,5,7,3,35,0.9413519552821705,0.7571428571428571,In-domain
CNc1cc(F)cc2cc(C(=O)Nc3c(F)cc(C(=O)O)cc3CNC3CCCCC3)c(=O)[nH]c12,CNc1cc(F)cc2cc(C(=O)Nc3ccc(C(=O)O)cc3CNC3CCCCC3)c(=O)[nH]c12,Constrained aromatic substitution,484.5030000000004,4.220800000000002,123.32,5,5,7,3,35,0.9470705042872165,0.7941176470588235,In-domain
CNc1cc(F)cc2cc(C(=O)Nc3cc(F)c(C(=O)O)cc3CNC3CCCCC3)c(=O)[nH]c12,CNc1cc(F)cc2cc(C(=O)Nc3ccc(C(=O)O)cc3CNC3CCCCC3)c(=O)[nH]c12,Constrained aromatic substitution,484.5030000000004,4.220800000000002,123.32,5,5,7,3,35,0.9146172228942042,0.7910447761194029,In-domain
CNc1cc(F)cc2cc(C(=O)Nc3ccc(C(=O)O)c(F)c3CNC3CCCCC3)c(=O)[nH]c12,CNc1cc(F)cc2cc(C(=O)Nc3ccc(C(=O)O)cc3CNC3CCCCC3)c(=O)[nH]c12,Constrained aromatic substitution,484.5030000000004,4.220800000000002,123.32,5,5,7,3,35,0.9272722784035207,0.7647058823529411,In-domain
CNc1c(Cl)c(F)cc2cc(C(=O)Nc3ccc(C(=O)O)cc3CNC3CCCCC3)c(=O)[nH]c12,CNc1cc(F)cc2cc(C(=O)Nc3ccc(C(=O)O)cc3CNC3CCCCC3)c(=O)[nH]c12,Constrained aromatic substitution,500.9580000000004,4.735100000000002,123.32,5,5,7,3,35,0.9282806987137084,0.7746478873239436,In-domain
CNc1cc(F)c(Cl)c2cc(C(=O)Nc3ccc(C(=O)O)cc3CNC3CCCCC3)c(=O)[nH]c12,CNc1cc(F)cc2cc(C(=O)Nc3ccc(C(=O)O)cc3CNC3CCCCC3)c(=O)[nH]c12,Constrained aromatic substitution,500.9580000000004,4.735100000000002,123.32,5,5,7,3,35,0.9164398433477421,0.7605633802816901,In-domain
CNc1cc(F)cc2c(Cl)c(C(=O)Nc3ccc(C(=O)O)cc3CNC3CCCCC3)c(=O)[nH]c12,CNc1cc(F)cc2cc(C(=O)Nc3ccc(C(=O)O)cc3CNC3CCCCC3)c(=O)[nH]c12,Constrained aromatic substitution,500.9580000000004,4.735100000000003,123.32,5,5,7,3,35,0.9472132307721495,0.7361111111111112,In-domain
CNc1cc(F)cc2cc(C(=O)Nc3c(Cl)cc(C(=O)O)cc3CNC3CCCCC3)c(=O)[nH]c12,CNc1cc(F)cc2cc(C(=O)Nc3ccc(C(=O)O)cc3CNC3CCCCC3)c(=O)[nH]c12,Constrained aromatic substitution,500.9580000000004,4.735100000000003,123.32,5,5,7,3,35,0.946031684227148,0.7714285714285715,In-domain
CNc1cc(F)cc2cc(C(=O)Nc3cc(Cl)c(C(=O)O)cc3CNC3CCCCC3)c(=O)[nH]c12,CNc1cc(F)cc2cc(C(=O)Nc3ccc(C(=O)O)cc3CNC3CCCCC3)c(=O)[nH]c12,Constrained aromatic substitution,500.9580000000004,4.735100000000003,123.32,5,5,7,3,35,0.9296351344088043,0.7794117647058824,In-domain
CNc1cc(F)cc2cc(C(=O)Nc3ccc(C(=O)O)c(Cl)c3CNC3CCCCC3)c(=O)[nH]c12,CNc1cc(F)cc2cc(C(=O)Nc3ccc(C(=O)O)cc3CNC3CCCCC3)c(=O)[nH]c12,Constrained aromatic substitution,500.95800000000037,4.735100000000003,123.32,5,5,7,3,35,0.9083004656398149,0.7323943661971831,In-domain
CNc1c(O)c(F)cc2cc(C(=O)Nc3ccc(C(=O)O)cc3CNC3CCCCC3)c(=O)[nH]c12,CNc1cc(F)cc2cc(C(=O)Nc3ccc(C(=O)O)cc3CNC3CCCCC3)c(=O)[nH]c12,Constrained aromatic substitution,482.5120000000004,3.787300000000001,143.55,6,6,7,3,35,0.9195509562752666,0.7857142857142857,In-domain
CNc1cc(F)c(O)c2cc(C(=O)Nc3ccc(C(=O)O)cc3CNC3CCCCC3)c(=O)[nH]c12,CNc1cc(F)cc2cc(C(=O)Nc3ccc(C(=O)O)cc3CNC3CCCCC3)c(=O)[nH]c12,Constrained aromatic substitution,482.5120000000004,3.787300000000001,143.55,6,6,7,3,35,0.9154574799931822,0.7714285714285715,In-domain
CNc1cc(F)cc2c(O)c(C(=O)Nc3ccc(C(=O)O)cc3CNC3CCCCC3)c(=O)[nH]c12,CNc1cc(F)cc2cc(C(=O)Nc3ccc(C(=O)O)cc3CNC3CCCCC3)c(=O)[nH]c12,Constrained aromatic substitution,482.5120000000004,3.787300000000002,143.55,6,6,7,3,35,0.9496866358289543,0.7464788732394366,In-domain
CNc1cc(F)cc2cc(C(=O)Nc3c(O)cc(C(=O)O)cc3CNC3CCCCC3)c(=O)[nH]c12,CNc1cc(F)cc2cc(C(=O)Nc3ccc(C(=O)O)cc3CNC3CCCCC3)c(=O)[nH]c12,Constrained aromatic substitution,482.5120000000004,3.787300000000001,143.55,6,6,7,3,35,0.918975860142795,0.782608695652174,In-domain
CNc1cc(F)cc2cc(C(=O)Nc3cc(O)c(C(=O)O)cc3CNC3CCCCC3)c(=O)[nH]c12,CNc1cc(F)cc2cc(C(=O)Nc3ccc(C(=O)O)cc3CNC3CCCCC3)c(=O)[nH]c12,Constrained aromatic substitution,482.5120000000004,3.787300000000002,143.55,6,6,7,3,35,0.926283074272004,0.7794117647058824,In-domain
CNc1cc(F)cc2cc(C(=O)Nc3ccc(C(=O)O)c(O)c3CNC3CCCCC3)c(=O)[nH]c12,CNc1cc(F)cc2cc(C(=O)Nc3ccc(C(=O)O)cc3CNC3CCCCC3)c(=O)[nH]c12,Constrained aromatic substitution,482.5120000000004,3.787300000000002,143.55,6,6,7,3,35,0.9182237265048236,0.7428571428571429,In-domain
CNc1c(C#N)c(F)cc2cc(C(=O)Nc3ccc(C(=O)O)cc3CNC3CCCCC3)c(=O)[nH]c12,CNc1cc(F)cc2cc(C(=O)Nc3ccc(C(=O)O)cc3CNC3CCCCC3)c(=O)[nH]c12,Constrained aromatic substitution,491.52300000000037,3.953380000000002,147.11,5,6,7,3,36,0.9188667210283197,0.7432432432432432,In-domain
CNc1cc(F)c(C#N)c2cc(C(=O)Nc3ccc(C(=O)O)cc3CNC3CCCCC3)c(=O)[nH]c12,CNc1cc(F)cc2cc(C(=O)Nc3ccc(C(=O)O)cc3CNC3CCCCC3)c(=O)[nH]c12,Constrained aromatic substitution,491.5230000000004,3.953380000000002,147.11,5,6,7,3,36,0.9034257434417525,0.7297297297297297,In-domain
CNc1cc(F)cc2c(C#N)c(C(=O)Nc3ccc(C(=O)O)cc3CNC3CCCCC3)c(=O)[nH]c12,CNc1cc(F)cc2cc(C(=O)Nc3ccc(C(=O)O)cc3CNC3CCCCC3)c(=O)[nH]c12,Constrained aromatic substitution,491.52300000000037,3.953380000000002,147.11,5,6,7,3,36,0.9454027093340527,0.7066666666666667,In-domain
CNc1cc(F)cc2cc(C(=O)Nc3c(C#N)cc(C(=O)O)cc3CNC3CCCCC3)c(=O)[nH]c12,CNc1cc(F)cc2cc(C(=O)Nc3ccc(C(=O)O)cc3CNC3CCCCC3)c(=O)[nH]c12,Constrained aromatic substitution,491.52300000000037,3.953380000000002,147.11,5,6,7,3,36,0.9483400318377796,0.7397260273972602,In-domain
CNc1cc(F)cc2cc(C(=O)Nc3cc(C#N)c(C(=O)O)cc3CNC3CCCCC3)c(=O)[nH]c12,CNc1cc(F)cc2cc(C(=O)Nc3ccc(C(=O)O)cc3CNC3CCCCC3)c(=O)[nH]c12,Constrained aromatic substitution,491.52300000000037,3.953380000000002,147.11,5,6,7,3,36,0.9267353660094333,0.7361111111111112,In-domain
CNc1cc(F)cc2cc(C(=O)Nc3ccc(C(=O)O)c(C#N)c3CNC3CCCCC3)c(=O)[nH]c12,CNc1cc(F)cc2cc(C(=O)Nc3ccc(C(=O)O)cc3CNC3CCCCC3)c(=O)[nH]c12,Constrained aromatic substitution,491.5230000000004,3.953380000000002,147.10999999999999,5,6,7,3,36,0.9271051087964849,0.7027027027027027,In-domain
CNc1c(C)c(F)cc2cc(C(=O)Nc3ccc(C(=O)O)cc3CN(CCO)C3CCCCC3)c(=O)[nH]c12,CNc1cc(F)cc2cc(C(=O)Nc3ccc(C(=O)O)cc3CN(CCO)C3CCCCC3)c(=O)[nH]c12,Constrained aromatic substitution,524.5930000000004,4.094820000000002,134.76,5,6,9,3,38,0.9281397656029216,0.8,In-domain
CNc1cc(F)c(C)c2cc(C(=O)Nc3ccc(C(=O)O)cc3CN(CCO)C3CCCCC3)c(=O)[nH]c12,CNc1cc(F)cc2cc(C(=O)Nc3ccc(C(=O)O)cc3CN(CCO)C3CCCCC3)c(=O)[nH]c12,Constrained aromatic substitution,524.5930000000004,4.094820000000003,134.76,5,6,9,3,38,0.9273595515609966,0.7866666666666666,In-domain
CNc1cc(F)cc2c(C)c(C(=O)Nc3ccc(C(=O)O)cc3CN(CCO)C3CCCCC3)c(=O)[nH]c12,CNc1cc(F)cc2cc(C(=O)Nc3ccc(C(=O)O)cc3CN(CCO)C3CCCCC3)c(=O)[nH]c12,Constrained aromatic substitution,524.5930000000004,4.094820000000003,134.76,5,6,9,3,38,0.9590175484460638,0.7631578947368421,In-domain
CNc1cc(F)cc2cc(C(=O)Nc3c(C)cc(C(=O)O)cc3CN(CCO)C3CCCCC3)c(=O)[nH]c12,CNc1cc(F)cc2cc(C(=O)Nc3ccc(C(=O)O)cc3CN(CCO)C3CCCCC3)c(=O)[nH]c12,Constrained aromatic substitution,524.5930000000004,4.094820000000002,134.76,5,6,9,3,38,0.9720113561727479,0.8108108108108109,In-domain
CNc1cc(F)cc2cc(C(=O)Nc3cc(C)c(C(=O)O)cc3CN(CCO)C3CCCCC3)c(=O)[nH]c12,CNc1cc(F)cc2cc(C(=O)Nc3ccc(C(=O)O)cc3CN(CCO)C3CCCCC3)c(=O)[nH]c12,Constrained aromatic substitution,524.5930000000004,4.094820000000003,134.76,5,6,9,3,38,0.9382546008857666,0.8194444444444444,In-domain
CNc1cc(F)cc2cc(C(=O)Nc3ccc(C(=O)O)c(C)c3CN(CCO)C3CCCCC3)c(=O)[nH]c12,CNc1cc(F)cc2cc(C(=O)Nc3ccc(C(=O)O)cc3CN(CCO)C3CCCCC3)c(=O)[nH]c12,Constrained aromatic substitution,524.5930000000005,4.094820000000002,134.76,5,6,9,3,38,0.930081765653342,0.7733333333333333,In-domain
CNc1c(F)c(F)cc2cc(C(=O)Nc3ccc(C(=O)O)cc3CN(CCO)C3CCCCC3)c(=O)[nH]c12,CNc1cc(F)cc2cc(C(=O)Nc3ccc(C(=O)O)cc3CN(CCO)C3CCCCC3)c(=O)[nH]c12,Constrained aromatic substitution,528.5560000000005,3.925500000000002,134.76,5,6,9,3,38,0.9202361246802883,0.8108108108108109,In-domain
CNc1cc(F)c(F)c2cc(C(=O)Nc3ccc(C(=O)O)cc3CN(CCO)C3CCCCC3)c(=O)[nH]c12,CNc1cc(F)cc2cc(C(=O)Nc3ccc(C(=O)O)cc3CN(CCO)C3CCCCC3)c(=O)[nH]c12,Constrained aromatic substitution,528.5560000000005,3.925500000000002,134.76,5,6,9,3,38,0.9255396365500047,0.7972972972972973,In-domain
CNc1cc(F)cc2c(F)c(C(=O)Nc3ccc(C(=O)O)cc3CN(CCO)C3CCCCC3)c(=O)[nH]c12,CNc1cc(F)cc2cc(C(=O)Nc3ccc(C(=O)O)cc3CN(CCO)C3CCCCC3)c(=O)[nH]c12,Constrained aromatic substitution,528.5560000000005,3.925500000000002,134.76,5,6,9,3,38,0.9586579210040935,0.7733333333333333,In-domain
CNc1cc(F)cc2cc(C(=O)Nc3c(F)cc(C(=O)O)cc3CN(CCO)C3CCCCC3)c(=O)[nH]c12,CNc1cc(F)cc2cc(C(=O)Nc3ccc(C(=O)O)cc3CN(CCO)C3CCCCC3)c(=O)[nH]c12,Constrained aromatic substitution,528.5560000000005,3.925500000000002,134.76,5,6,9,3,38,0.9663459082686188,0.821917808219178,In-domain
CNc1cc(F)cc2cc(C(=O)Nc3cc(F)c(C(=O)O)cc3CN(CCO)C3CCCCC3)c(=O)[nH]c12,CNc1cc(F)cc2cc(C(=O)Nc3ccc(C(=O)O)cc3CN(CCO)C3CCCCC3)c(=O)[nH]c12,Constrained aromatic substitution,528.5560000000005,3.925500000000002,134.76,5,6,9,3,38,0.9255974726582388,0.8194444444444444,In-domain
CNc1cc(F)cc2cc(C(=O)Nc3ccc(C(=O)O)c(F)c3CN(CCO)C3CCCCC3)c(=O)[nH]c12,CNc1cc(F)cc2cc(C(=O)Nc3ccc(C(=O)O)cc3CN(CCO)C3CCCCC3)c(=O)[nH]c12,Constrained aromatic substitution,528.5560000000005,3.925500000000002,134.76,5,6,9,3,38,0.926781830241866,0.8055555555555556,In-domain
CNc1c(Cl)c(F)cc2cc(C(=O)Nc3ccc(C(=O)O)cc3CN(CCO)C3CCCCC3)c(=O)[nH]c12,CNc1cc(F)cc2cc(C(=O)Nc3ccc(C(=O)O)cc3CN(CCO)C3CCCCC3)c(=O)[nH]c12,Constrained aromatic substitution,545.0110000000004,4.439800000000002,134.76,5,6,9,3,38,0.9344224680680593,0.7894736842105263,In-domain
CNc1cc(F)c(Cl)c2cc(C(=O)Nc3ccc(C(=O)O)cc3CN(CCO)C3CCCCC3)c(=O)[nH]c12,CNc1cc(F)cc2cc(C(=O)Nc3ccc(C(=O)O)cc3CN(CCO)C3CCCCC3)c(=O)[nH]c12,Constrained aromatic substitution,545.0110000000004,4.439800000000002,134.76,5,6,9,3,38,0.9358336088056487,0.7763157894736842,In-domain
CNc1cc(F)cc2c(Cl)c(C(=O)Nc3ccc(C(=O)O)cc3CN(CCO)C3CCCCC3)c(=O)[nH]c12,CNc1cc(F)cc2cc(C(=O)Nc3ccc(C(=O)O)cc3CN(CCO)C3CCCCC3)c(=O)[nH]c12,Constrained aromatic substitution,545.0110000000004,4.439800000000003,134.76,5,6,9,3,38,0.9632999178019009,0.7532467532467533,In-domain
CNc1cc(F)cc2cc(C(=O)Nc3c(Cl)cc(C(=O)O)cc3CN(CCO)C3CCCCC3)c(=O)[nH]c12,CNc1cc(F)cc2cc(C(=O)Nc3ccc(C(=O)O)cc3CN(CCO)C3CCCCC3)c(=O)[nH]c12,Constrained aromatic substitution,545.0110000000004,4.439800000000003,134.76,5,6,9,3,38,0.9619619499060449,0.8,In-domain
CNc1cc(F)cc2cc(C(=O)Nc3cc(Cl)c(C(=O)O)cc3CN(CCO)C3CCCCC3)c(=O)[nH]c12,CNc1cc(F)cc2cc(C(=O)Nc3ccc(C(=O)O)cc3CN(CCO)C3CCCCC3)c(=O)[nH]c12,Constrained aromatic substitution,545.0110000000004,4.439800000000003,134.76,5,6,9,3,38,0.9395634351215315,0.7972972972972973,In-domain
CNc1cc(F)cc2cc(C(=O)Nc3ccc(C(=O)O)c(Cl)c3CN(CCO)C3CCCCC3)c(=O)[nH]c12,CNc1cc(F)cc2cc(C(=O)Nc3ccc(C(=O)O)cc3CN(CCO)C3CCCCC3)c(=O)[nH]c12,Constrained aromatic substitution,545.0110000000004,4.439800000000003,134.76,5,6,9,3,38,0.9293419619085481,0.7631578947368421,In-domain
CNc1c(O)c(F)cc2cc(C(=O)Nc3ccc(C(=O)O)cc3CN(CCO)C3CCCCC3)c(=O)[nH]c12,CNc1cc(F)cc2cc(C(=O)Nc3ccc(C(=O)O)cc3CN(CCO)C3CCCCC3)c(=O)[nH]c12,Constrained aromatic substitution,526.5650000000005,3.492000000000001,154.99,6,7,9,3,38,0.9210546983824089,0.8108108108108109,In-domain
CNc1cc(F)c(O)c2cc(C(=O)Nc3ccc(C(=O)O)cc3CN(CCO)C3CCCCC3)c(=O)[nH]c12,CNc1cc(F)cc2cc(C(=O)Nc3ccc(C(=O)O)cc3CN(CCO)C3CCCCC3)c(=O)[nH]c12,Constrained aromatic substitution,526.5650000000005,3.492000000000001,154.99,6,7,9,3,38,0.9308509912118567,0.7972972972972973,In-domain
CNc1cc(F)cc2c(O)c(C(=O)Nc3ccc(C(=O)O)cc3CN(CCO)C3CCCCC3)c(=O)[nH]c12,CNc1cc(F)cc2cc(C(=O)Nc3ccc(C(=O)O)cc3CN(CCO)C3CCCCC3)c(=O)[nH]c12,Constrained aromatic substitution,526.5650000000005,3.4920000000000018,154.99,6,7,9,3,38,0.9672507894948267,0.7733333333333333,In-domain
CNc1cc(F)cc2cc(C(=O)Nc3c(O)cc(C(=O)O)cc3CN(CCO)C3CCCCC3)c(=O)[nH]c12,CNc1cc(F)cc2cc(C(=O)Nc3ccc(C(=O)O)cc3CN(CCO)C3CCCCC3)c(=O)[nH]c12,Constrained aromatic substitution,526.5650000000005,3.492000000000001,154.99,6,7,9,3,38,0.9370366609875806,0.8108108108108109,In-domain
CNc1cc(F)cc2cc(C(=O)Nc3cc(O)c(C(=O)O)cc3CN(CCO)C3CCCCC3)c(=O)[nH]c12,CNc1cc(F)cc2cc(C(=O)Nc3ccc(C(=O)O)cc3CN(CCO)C3CCCCC3)c(=O)[nH]c12,Constrained aromatic substitution,526.5650000000005,3.4920000000000018,154.99,6,7,9,3,38,0.9352727505431249,0.8082191780821918,In-domain
CNc1cc(F)cc2cc(C(=O)Nc3ccc(C(=O)O)c(O)c3CN(CCO)C3CCCCC3)c(=O)[nH]c12,CNc1cc(F)cc2cc(C(=O)Nc3ccc(C(=O)O)cc3CN(CCO)C3CCCCC3)c(=O)[nH]c12,Constrained aromatic substitution,526.5650000000005,3.4920000000000018,154.99,6,7,9,3,38,0.9211665897579815,0.7733333333333333,In-domain
CNc1c(C#N)c(F)cc2cc(C(=O)Nc3ccc(C(=O)O)cc3CN(CCO)C3CCCCC3)c(=O)[nH]c12,CNc1cc(F)cc2cc(C(=O)Nc3ccc(C(=O)O)cc3CN(CCO)C3CCCCC3)c(=O)[nH]c12,Constrained aromatic substitution,535.5760000000005,3.6580800000000018,158.55,5,7,9,3,39,0.9219283671921188,0.759493670886076,In-domain
CNc1cc(F)c(C#N)c2cc(C(=O)Nc3ccc(C(=O)O)cc3CN(CCO)C3CCCCC3)c(=O)[nH]c12,CNc1cc(F)cc2cc(C(=O)Nc3ccc(C(=O)O)cc3CN(CCO)C3CCCCC3)c(=O)[nH]c12,Constrained aromatic substitution,535.5760000000005,3.6580800000000018,158.55,5,7,9,3,39,0.9229082511444635,0.7468354430379747,In-domain
CNc1cc(F)cc2c(C#N)c(C(=O)Nc3ccc(C(=O)O)cc3CN(CCO)C3CCCCC3)c(=O)[nH]c12,CNc1cc(F)cc2cc(C(=O)Nc3ccc(C(=O)O)cc3CN(CCO)C3CCCCC3)c(=O)[nH]c12,Constrained aromatic substitution,535.5760000000005,3.6580800000000018,158.55,5,7,9,3,39,0.9612381422201058,0.725,In-domain
CNc1cc(F)cc2cc(C(=O)Nc3c(C#N)cc(C(=O)O)cc3CN(CCO)C3CCCCC3)c(=O)[nH]c12,CNc1cc(F)cc2cc(C(=O)Nc3ccc(C(=O)O)cc3CN(CCO)C3CCCCC3)c(=O)[nH]c12,Constrained aromatic substitution,535.5760000000005,3.6580800000000018,158.55,5,7,9,3,39,0.965203206984035,0.7692307692307693,In-domain
CNc1cc(F)cc2cc(C(=O)Nc3cc(C#N)c(C(=O)O)cc3CN(CCO)C3CCCCC3)c(=O)[nH]c12,CNc1cc(F)cc2cc(C(=O)Nc3ccc(C(=O)O)cc3CN(CCO)C3CCCCC3)c(=O)[nH]c12,Constrained aromatic substitution,535.5760000000005,3.6580800000000018,158.55,5,7,9,3,39,0.9356124848342767,0.7662337662337663,In-domain
CNc1cc(F)cc2cc(C(=O)Nc3ccc(C(=O)O)c(C#N)c3CN(CCO)C3CCCCC3)c(=O)[nH]c12,CNc1cc(F)cc2cc(C(=O)Nc3ccc(C(=O)O)cc3CN(CCO)C3CCCCC3)c(=O)[nH]c12,Constrained aromatic substitution,535.5760000000005,3.6580800000000018,158.54999999999998,5,7,9,3,39,0.9300206680577997,0.7435897435897436,In-domain
CNc1c(C)c(F)cc2cc(C(=O)Nc3ccc(C(=O)O)cc3CN3CCCCC3)c(=O)[nH]c12,CNc1cc(F)cc2cc(C(=O)Nc3ccc(C(=O)O)cc3CN3CCCCC3)c(=O)[nH]c12,Constrained aromatic substitution,466.5130000000004,3.9537200000000015,114.53,4,5,6,3,34,0.9124636521708898,0.7794117647058824,In-domain
CNc1cc(F)c(C)c2cc(C(=O)Nc3ccc(C(=O)O)cc3CN3CCCCC3)c(=O)[nH]c12,CNc1cc(F)cc2cc(C(=O)Nc3ccc(C(=O)O)cc3CN3CCCCC3)c(=O)[nH]c12,Constrained aromatic substitution,466.5130000000004,3.9537200000000023,114.53,4,5,6,3,34,0.908640097069052,0.7647058823529411,In-domain
CNc1cc(F)cc2c(C)c(C(=O)Nc3ccc(C(=O)O)cc3CN3CCCCC3)c(=O)[nH]c12,CNc1cc(F)cc2cc(C(=O)Nc3ccc(C(=O)O)cc3CN3CCCCC3)c(=O)[nH]c12,Constrained aromatic substitution,466.5130000000004,3.9537200000000023,114.53,4,5,6,3,34,0.9505606848269801,0.8507462686567164,In-domain
CNc1cc(F)cc2cc(C(=O)Nc3c(C)cc(C(=O)O)cc3CN3CCCCC3)c(=O)[nH]c12,CNc1cc(F)cc2cc(C(=O)Nc3ccc(C(=O)O)cc3CN3CCCCC3)c(=O)[nH]c12,Constrained aromatic substitution,466.5130000000004,3.9537200000000015,114.53,4,5,6,3,34,0.9577483234371204,0.7761194029850746,In-domain
CNc1cc(F)cc2cc(C(=O)Nc3cc(C)c(C(=O)O)cc3CN3CCCCC3)c(=O)[nH]c12,CNc1cc(F)cc2cc(C(=O)Nc3ccc(C(=O)O)cc3CN3CCCCC3)c(=O)[nH]c12,Constrained aromatic substitution,466.5130000000004,3.9537200000000023,114.53,4,5,6,3,34,0.9135590122691339,0.7846153846153846,In-domain
CNc1cc(F)cc2cc(C(=O)Nc3ccc(C(=O)O)c(C)c3CN3CCCCC3)c(=O)[nH]c12,CNc1cc(F)cc2cc(C(=O)Nc3ccc(C(=O)O)cc3CN3CCCCC3)c(=O)[nH]c12,Constrained aromatic substitution,466.51300000000043,3.9537200000000023,114.53,4,5,6,3,34,0.9079516629539987,0.7352941176470589,In-domain
CNc1c(F)c(F)cc2cc(C(=O)Nc3ccc(C(=O)O)cc3CN3CCCCC3)c(=O)[nH]c12,CNc1cc(F)cc2cc(C(=O)Nc3ccc(C(=O)O)cc3CN3CCCCC3)c(=O)[nH]c12,Constrained aromatic substitution,470.4760000000004,3.7844000000000015,114.53,4,5,6,3,34,0.9042925877206133,0.7910447761194029,In-domain
CNc1cc(F)c(F)c2cc(C(=O)Nc3ccc(C(=O)O)cc3CN3CCCCC3)c(=O)[nH]c12,CNc1cc(F)cc2cc(C(=O)Nc3ccc(C(=O)O)cc3CN3CCCCC3)c(=O)[nH]c12,Constrained aromatic substitution,470.4760000000004,3.7844000000000015,114.53,4,5,6,3,34,0.9064224693852896,0.7761194029850746,In-domain
CNc1cc(F)cc2c(F)c(C(=O)Nc3ccc(C(=O)O)cc3CN3CCCCC3)c(=O)[nH]c12,CNc1cc(F)cc2cc(C(=O)Nc3ccc(C(=O)O)cc3CN3CCCCC3)c(=O)[nH]c12,Constrained aromatic substitution,470.4760000000004,3.7844000000000015,114.53,4,5,6,3,34,0.9522361587744625,0.8636363636363636,In-domain
CNc1cc(F)cc2cc(C(=O)Nc3c(F)cc(C(=O)O)cc3CN3CCCCC3)c(=O)[nH]c12,CNc1cc(F)cc2cc(C(=O)Nc3ccc(C(=O)O)cc3CN3CCCCC3)c(=O)[nH]c12,Constrained aromatic substitution,470.4760000000004,3.7844000000000015,114.53,4,5,6,3,34,0.9508824691350668,0.7878787878787878,In-domain
CNc1cc(F)cc2cc(C(=O)Nc3cc(F)c(C(=O)O)cc3CN3CCCCC3)c(=O)[nH]c12,CNc1cc(F)cc2cc(C(=O)Nc3ccc(C(=O)O)cc3CN3CCCCC3)c(=O)[nH]c12,Constrained aromatic substitution,470.4760000000004,3.7844000000000015,114.53,4,5,6,3,34,0.8946004466937858,0.7846153846153846,In-domain
CNc1cc(F)cc2cc(C(=O)Nc3ccc(C(=O)O)c(F)c3CN3CCCCC3)c(=O)[nH]c12,CNc1cc(F)cc2cc(C(=O)Nc3ccc(C(=O)O)cc3CN3CCCCC3)c(=O)[nH]c12,Constrained aromatic substitution,470.4760000000004,3.7844000000000015,114.53,4,5,6,3,34,0.912017024973782,0.7575757575757576,In-domain
CNc1c(Cl)c(F)cc2cc(C(=O)Nc3ccc(C(=O)O)cc3CN3CCCCC3)c(=O)[nH]c12,CNc1cc(F)cc2cc(C(=O)Nc3ccc(C(=O)O)cc3CN3CCCCC3)c(=O)[nH]c12,Constrained aromatic substitution,486.93100000000044,4.298700000000002,114.53,4,5,6,3,34,0.9204060262472558,0.7681159420289855,In-domain
CNc1cc(F)c(Cl)c2cc(C(=O)Nc3ccc(C(=O)O)cc3CN3CCCCC3)c(=O)[nH]c12,CNc1cc(F)cc2cc(C(=O)Nc3ccc(C(=O)O)cc3CN3CCCCC3)c(=O)[nH]c12,Constrained aromatic substitution,486.93100000000044,4.298700000000002,114.53,4,5,6,3,34,0.9180914913557313,0.7536231884057971,In-domain
CNc1cc(F)cc2c(Cl)c(C(=O)Nc3ccc(C(=O)O)cc3CN3CCCCC3)c(=O)[nH]c12,CNc1cc(F)cc2cc(C(=O)Nc3ccc(C(=O)O)cc3CN3CCCCC3)c(=O)[nH]c12,Constrained aromatic substitution,486.93100000000044,4.298700000000003,114.53,4,5,6,3,34,0.950891721943191,0.8382352941176471,In-domain
CNc1cc(F)cc2cc(C(=O)Nc3c(Cl)cc(C(=O)O)cc3CN3CCCCC3)c(=O)[nH]c12,CNc1cc(F)cc2cc(C(=O)Nc3ccc(C(=O)O)cc3CN3CCCCC3)c(=O)[nH]c12,Constrained aromatic substitution,486.93100000000044,4.298700000000003,114.53,4,5,6,3,34,0.9482881261857867,0.7647058823529411,In-domain
CNc1cc(F)cc2cc(C(=O)Nc3cc(Cl)c(C(=O)O)cc3CN3CCCCC3)c(=O)[nH]c12,CNc1cc(F)cc2cc(C(=O)Nc3ccc(C(=O)O)cc3CN3CCCCC3)c(=O)[nH]c12,Constrained aromatic substitution,486.93100000000044,4.298700000000003,114.53,4,5,6,3,34,0.9120169997226949,0.7611940298507462,In-domain
CNc1cc(F)cc2cc(C(=O)Nc3ccc(C(=O)O)c(Cl)c3CN3CCCCC3)c(=O)[nH]c12,CNc1cc(F)cc2cc(C(=O)Nc3ccc(C(=O)O)cc3CN3CCCCC3)c(=O)[nH]c12,Constrained aromatic substitution,486.9310000000004,4.298700000000003,114.53,4,5,6,3,34,0.9056278755783638,0.7352941176470589,In-domain
CNc1c(O)c(F)cc2cc(C(=O)Nc3ccc(C(=O)O)cc3CN3CCCCC3)c(=O)[nH]c12,CNc1cc(F)cc2cc(C(=O)Nc3ccc(C(=O)O)cc3CN3CCCCC3)c(=O)[nH]c12,Constrained aromatic substitution,468.4850000000004,3.350900000000001,134.76,5,6,6,3,34,0.9057573330533892,0.7794117647058824,In-domain
CNc1cc(F)c(O)c2cc(C(=O)Nc3ccc(C(=O)O)cc3CN3CCCCC3)c(=O)[nH]c12,CNc1cc(F)cc2cc(C(=O)Nc3ccc(C(=O)O)cc3CN3CCCCC3)c(=O)[nH]c12,Constrained aromatic substitution,468.4850000000004,3.350900000000001,134.76,5,6,6,3,34,0.9114036605624495,0.7647058823529411,In-domain
CNc1cc(F)cc2c(O)c(C(=O)Nc3ccc(C(=O)O)cc3CN3CCCCC3)c(=O)[nH]c12,CNc1cc(F)cc2cc(C(=O)Nc3ccc(C(=O)O)cc3CN3CCCCC3)c(=O)[nH]c12,Constrained aromatic substitution,468.4850000000004,3.350900000000001,134.76,5,6,6,3,34,0.9594141530367019,1.0,In-domain
CNc1cc(F)cc2cc(C(=O)Nc3c(O)cc(C(=O)O)cc3CN3CCCCC3)c(=O)[nH]c12,CNc1cc(F)cc2cc(C(=O)Nc3ccc(C(=O)O)cc3CN3CCCCC3)c(=O)[nH]c12,Constrained aromatic substitution,468.4850000000004,3.350900000000001,134.76,5,6,6,3,34,0.9257206327190075,0.7761194029850746,In-domain
CNc1cc(F)cc2cc(C(=O)Nc3cc(O)c(C(=O)O)cc3CN3CCCCC3)c(=O)[nH]c12,CNc1cc(F)cc2cc(C(=O)Nc3ccc(C(=O)O)cc3CN3CCCCC3)c(=O)[nH]c12,Constrained aromatic substitution,468.4850000000004,3.350900000000001,134.76,5,6,6,3,34,0.9084263454783831,0.7727272727272727,In-domain
CNc1cc(F)cc2cc(C(=O)Nc3ccc(C(=O)O)c(O)c3CN3CCCCC3)c(=O)[nH]c12,CNc1cc(F)cc2cc(C(=O)Nc3ccc(C(=O)O)cc3CN3CCCCC3)c(=O)[nH]c12,Constrained aromatic substitution,468.4850000000004,3.350900000000001,134.76,5,6,6,3,34,0.900416651586156,0.7352941176470589,In-domain
CNc1c(C#N)c(F)cc2cc(C(=O)Nc3ccc(C(=O)O)cc3CN3CCCCC3)c(=O)[nH]c12,CNc1cc(F)cc2cc(C(=O)Nc3ccc(C(=O)O)cc3CN3CCCCC3)c(=O)[nH]c12,Constrained aromatic substitution,477.4960000000004,3.516980000000002,138.32,4,6,6,3,35,0.9025019255702388,0.7361111111111112,In-domain
CNc1cc(F)c(C#N)c2cc(C(=O)Nc3ccc(C(=O)O)cc3CN3CCCCC3)c(=O)[nH]c12,CNc1cc(F)cc2cc(C(=O)Nc3ccc(C(=O)O)cc3CN3CCCCC3)c(=O)[nH]c12,Constrained aromatic substitution,477.49600000000044,3.516980000000002,138.32,4,6,6,3,35,0.9005874103292043,0.7222222222222222,In-domain
CNc1cc(F)cc2c(C#N)c(C(=O)Nc3ccc(C(=O)O)cc3CN3CCCCC3)c(=O)[nH]c12,CNc1cc(F)cc2cc(C(=O)Nc3ccc(C(=O)O)cc3CN3CCCCC3)c(=O)[nH]c12,Constrained aromatic substitution,477.4960000000004,3.516980000000002,138.32,4,6,6,3,35,0.9501027505877186,0.8028169014084507,In-domain
CNc1cc(F)cc2cc(C(=O)Nc3c(C#N)cc(C(=O)O)cc3CN3CCCCC3)c(=O)[nH]c12,CNc1cc(F)cc2cc(C(=O)Nc3ccc(C(=O)O)cc3CN3CCCCC3)c(=O)[nH]c12,Constrained aromatic substitution,477.4960000000004,3.516980000000002,138.32,4,6,6,3,35,0.9489976976082368,0.7323943661971831,In-domain
CNc1cc(F)cc2cc(C(=O)Nc3cc(C#N)c(C(=O)O)cc3CN3CCCCC3)c(=O)[nH]c12,CNc1cc(F)cc2cc(C(=O)Nc3ccc(C(=O)O)cc3CN3CCCCC3)c(=O)[nH]c12,Constrained aromatic substitution,477.4960000000004,3.516980000000002,138.32,4,6,6,3,35,0.9068932795806861,0.7285714285714285,In-domain
CNc1cc(F)cc2cc(C(=O)Nc3ccc(C(=O)O)c(C#N)c3CN3CCCCC3)c(=O)[nH]c12,CNc1cc(F)cc2cc(C(=O)Nc3ccc(C(=O)O)cc3CN3CCCCC3)c(=O)[nH]c12,Constrained aromatic substitution,477.49600000000044,3.516980000000002,138.32,4,6,6,3,35,0.9079385976115506,0.6944444444444444,In-domain
CNc1c(C)c(F)cc2cc(C(=O)Nc3ccc(C(=O)O)cc3)c(=O)[nH]c12,CNc1cc(F)cc2cc(C(=O)Nc3ccc(C(=O)O)cc3)c(=O)[nH]c12,Constrained aromatic substitution,369.3520000000001,2.9678199999999997,111.28999999999999,4,4,4,3,27,0.9165155797770843,0.7037037037037037,In-domain
CNc1cc(F)c(C)c2cc(C(=O)Nc3ccc(C(=O)O)cc3)c(=O)[nH]c12,CNc1cc(F)cc2cc(C(=O)Nc3ccc(C(=O)O)cc3)c(=O)[nH]c12,Constrained aromatic substitution,369.3520000000001,2.9678200000000006,111.28999999999999,4,4,4,3,27,0.9362583094899088,0.7037037037037037,In-domain
CNc1cc(F)cc2c(C)c(C(=O)Nc3ccc(C(=O)O)cc3)c(=O)[nH]c12,CNc1cc(F)cc2cc(C(=O)Nc3ccc(C(=O)O)cc3)c(=O)[nH]c12,Constrained aromatic substitution,369.3520000000001,2.9678200000000006,111.28999999999999,4,4,4,3,27,0.9752468375015159,0.8113207547169812,In-domain
CNc1cc(F)cc2cc(C(=O)Nc3ccc(C(=O)O)cc3C)c(=O)[nH]c12,CNc1cc(F)cc2cc(C(=O)Nc3ccc(C(=O)O)cc3)c(=O)[nH]c12,Constrained aromatic substitution,369.35200000000015,2.9678199999999997,111.28999999999999,4,4,4,3,27,0.9881511368172008,0.75,In-domain
CNc1cc(F)cc2cc(C(=O)Nc3ccc(C(=O)O)c(C)c3)c(=O)[nH]c12,CNc1cc(F)cc2cc(C(=O)Nc3ccc(C(=O)O)cc3)c(=O)[nH]c12,Constrained aromatic substitution,369.35200000000015,2.9678199999999997,111.28999999999999,4,4,4,3,27,0.9500804294511291,0.8269230769230769,In-domain
CNc1c(F)c(F)cc2cc(C(=O)Nc3ccc(C(=O)O)cc3)c(=O)[nH]c12,CNc1cc(F)cc2cc(C(=O)Nc3ccc(C(=O)O)cc3)c(=O)[nH]c12,Constrained aromatic substitution,373.3150000000001,2.7984999999999998,111.28999999999999,4,4,4,3,27,0.9177782742826321,0.7169811320754716,In-domain
CNc1cc(F)c(F)c2cc(C(=O)Nc3ccc(C(=O)O)cc3)c(=O)[nH]c12,CNc1cc(F)cc2cc(C(=O)Nc3ccc(C(=O)O)cc3)c(=O)[nH]c12,Constrained aromatic substitution,373.3150000000001,2.7984999999999998,111.28999999999999,4,4,4,3,27,0.9397036745460046,0.7169811320754716,In-domain
CNc1cc(F)cc2c(F)c(C(=O)Nc3ccc(C(=O)O)cc3)c(=O)[nH]c12,CNc1cc(F)cc2cc(C(=O)Nc3ccc(C(=O)O)cc3)c(=O)[nH]c12,Constrained aromatic substitution,373.3150000000001,2.7984999999999998,111.28999999999999,4,4,4,3,27,0.9769598327952714,0.8269230769230769,In-domain
CNc1cc(F)cc2cc(C(=O)Nc3ccc(C(=O)O)cc3F)c(=O)[nH]c12,CNc1cc(F)cc2cc(C(=O)Nc3ccc(C(=O)O)cc3)c(=O)[nH]c12,Constrained aromatic substitution,373.3150000000001,2.7984999999999998,111.28999999999999,4,4,4,3,27,0.9748486673690353,0.7647058823529411,In-domain
CNc1cc(F)cc2cc(C(=O)Nc3ccc(C(=O)O)c(F)c3)c(=O)[nH]c12,CNc1cc(F)cc2cc(C(=O)Nc3ccc(C(=O)O)cc3)c(=O)[nH]c12,Constrained aromatic substitution,373.3150000000001,2.7984999999999998,111.28999999999999,4,4,4,3,27,0.9506718263475956,0.8269230769230769,In-domain
CNc1c(Cl)c(F)cc2cc(C(=O)Nc3ccc(C(=O)O)cc3)c(=O)[nH]c12,CNc1cc(F)cc2cc(C(=O)Nc3ccc(C(=O)O)cc3)c(=O)[nH]c12,Constrained aromatic substitution,389.77000000000015,3.3128,111.28999999999999,4,4,4,3,27,0.9261074375197356,0.6909090909090909,In-domain
CNc1cc(F)c(Cl)c2cc(C(=O)Nc3ccc(C(=O)O)cc3)c(=O)[nH]c12,CNc1cc(F)cc2cc(C(=O)Nc3ccc(C(=O)O)cc3)c(=O)[nH]c12,Constrained aromatic substitution,389.77000000000015,3.3128,111.28999999999999,4,4,4,3,27,0.9401248464241378,0.6909090909090909,In-domain
CNc1cc(F)cc2c(Cl)c(C(=O)Nc3ccc(C(=O)O)cc3)c(=O)[nH]c12,CNc1cc(F)cc2cc(C(=O)Nc3ccc(C(=O)O)cc3)c(=O)[nH]c12,Constrained aromatic substitution,389.77000000000015,3.3128,111.28999999999999,4,4,4,3,27,0.9721851114488526,0.7962962962962963,In-domain
CNc1cc(F)cc2cc(C(=O)Nc3ccc(C(=O)O)cc3Cl)c(=O)[nH]c12,CNc1cc(F)cc2cc(C(=O)Nc3ccc(C(=O)O)cc3)c(=O)[nH]c12,Constrained aromatic substitution,389.7700000000001,3.3128,111.28999999999999,4,4,4,3,27,0.977485707524001,0.7358490566037735,In-domain
CNc1cc(F)cc2cc(C(=O)Nc3ccc(C(=O)O)c(Cl)c3)c(=O)[nH]c12,CNc1cc(F)cc2cc(C(=O)Nc3ccc(C(=O)O)cc3)c(=O)[nH]c12,Constrained aromatic substitution,389.7700000000001,3.3128,111.28999999999999,4,4,4,3,27,0.9360228881775343,0.7962962962962963,In-domain
CNc1c(O)c(F)cc2cc(C(=O)Nc3ccc(C(=O)O)cc3)c(=O)[nH]c12,CNc1cc(F)cc2cc(C(=O)Nc3ccc(C(=O)O)cc3)c(=O)[nH]c12,Constrained aromatic substitution,371.3240000000001,2.3649999999999993,131.52,5,5,4,3,27,0.9079937867087522,0.7037037037037037,In-domain
CNc1cc(F)c(O)c2cc(C(=O)Nc3ccc(C(=O)O)cc3)c(=O)[nH]c12,CNc1cc(F)cc2cc(C(=O)Nc3ccc(C(=O)O)cc3)c(=O)[nH]c12,Constrained aromatic substitution,371.3240000000001,2.3649999999999993,131.52,5,5,4,3,27,0.942385272977367,0.7037037037037037,In-domain
CNc1cc(F)cc2c(O)c(C(=O)Nc3ccc(C(=O)O)cc3)c(=O)[nH]c12,CNc1cc(F)cc2cc(C(=O)Nc3ccc(C(=O)O)cc3)c(=O)[nH]c12,Constrained aromatic substitution,371.3240000000001,2.3649999999999993,131.52,5,5,4,3,27,0.9804787504170679,1.0,In-domain
CNc1cc(F)cc2cc(C(=O)Nc3ccc(C(=O)O)cc3O)c(=O)[nH]c12,CNc1cc(F)cc2cc(C(=O)Nc3ccc(C(=O)O)cc3)c(=O)[nH]c12,Constrained aromatic substitution,371.3240000000001,2.3649999999999998,131.52,5,5,4,3,27,0.9738140636360098,0.75,In-domain
CNc1cc(F)cc2cc(C(=O)Nc3ccc(C(=O)O)c(O)c3)c(=O)[nH]c12,CNc1cc(F)cc2cc(C(=O)Nc3ccc(C(=O)O)cc3)c(=O)[nH]c12,Constrained aromatic substitution,371.3240000000001,2.3649999999999993,131.52,5,5,4,3,27,0.9458547452559485,1.0,In-domain
CNc1c(C#N)c(F)cc2cc(C(=O)Nc3ccc(C(=O)O)cc3)c(=O)[nH]c12,CNc1cc(F)cc2cc(C(=O)Nc3ccc(C(=O)O)cc3)c(=O)[nH]c12,Constrained aromatic substitution,380.3350000000001,2.5310799999999993,135.08,4,5,4,3,28,0.9172806850656288,0.6551724137931034,In-domain
CNc1cc(F)c(C#N)c2cc(C(=O)Nc3ccc(C(=O)O)cc3)c(=O)[nH]c12,CNc1cc(F)cc2cc(C(=O)Nc3ccc(C(=O)O)cc3)c(=O)[nH]c12,Constrained aromatic substitution,380.33500000000015,2.5310799999999993,135.08,4,5,4,3,28,0.9374495754006525,0.6551724137931034,In-domain
CNc1cc(F)cc2c(C#N)c(C(=O)Nc3ccc(C(=O)O)cc3)c(=O)[nH]c12,CNc1cc(F)cc2cc(C(=O)Nc3ccc(C(=O)O)cc3)c(=O)[nH]c12,Constrained aromatic substitution,380.3350000000001,2.5310799999999993,135.08,4,5,4,3,28,0.9804073845192609,0.7543859649122807,In-domain
CNc1cc(F)cc2cc(C(=O)Nc3ccc(C(=O)O)cc3C#N)c(=O)[nH]c12,CNc1cc(F)cc2cc(C(=O)Nc3ccc(C(=O)O)cc3)c(=O)[nH]c12,Constrained aromatic substitution,380.33500000000015,2.5310799999999993,135.07999999999998,4,5,4,3,28,0.9765967070031633,0.6964285714285714,In-domain
CNc1cc(F)cc2cc(C(=O)Nc3ccc(C(=O)O)c(C#N)c3)c(=O)[nH]c12,CNc1cc(F)cc2cc(C(=O)Nc3ccc(C(=O)O)cc3)c(=O)[nH]c12,Constrained aromatic substitution,380.33500000000015,2.5310799999999993,135.07999999999998,4,5,4,3,28,0.9404674248190171,0.7543859649122807,In-domain
Cc1noc2c(F)c3c(c(C)c12)CC1(C(=O)NC(=O)NC1=O)C1C(C)OC(C)CN31,Cc1noc2c(F)c3c(cc12)CC1(C(=O)NC(=O)NC1=O)C1C(C)OC(C)CN31,Constrained aromatic substitution,416.40900000000016,1.4744399999999998,113.77000000000001,2,7,0,2,30,0.44750306311667487,0.676923076923077,In-domain
Cc1noc2c(F)c3c(c(F)c12)CC1(C(=O)NC(=O)NC1=O)C1C(C)OC(C)CN31,Cc1noc2c(F)c3c(cc12)CC1(C(=O)NC(=O)NC1=O)C1C(C)OC(C)CN31,Constrained aromatic substitution,420.3720000000001,1.3051199999999996,113.77000000000001,2,7,0,2,30,0.45589063065161517,0.6875,In-domain
Cc1noc2c(F)c3c(c(Cl)c12)CC1(C(=O)NC(=O)NC1=O)C1C(C)OC(C)CN31,Cc1noc2c(F)c3c(cc12)CC1(C(=O)NC(=O)NC1=O)C1C(C)OC(C)CN31,Constrained aromatic substitution,436.82700000000017,1.8194200000000005,113.77000000000001,2,7,0,2,30,0.46939741965183224,0.6567164179104478,In-domain
Cc1noc2c(F)c3c(c(O)c12)CC1(C(=O)NC(=O)NC1=O)C1C(C)OC(C)CN31,Cc1noc2c(F)c3c(cc12)CC1(C(=O)NC(=O)NC1=O)C1C(C)OC(C)CN31,Constrained aromatic substitution,418.38100000000014,0.8716199999999996,134.0,3,8,0,2,30,0.4287080190402442,0.6567164179104478,In-domain
Cc1noc2c(F)c3c(c(C#N)c12)CC1(C(=O)NC(=O)NC1=O)C1C(C)OC(C)CN31,Cc1noc2c(F)c3c(cc12)CC1(C(=O)NC(=O)NC1=O)C1C(C)OC(C)CN31,Constrained aromatic substitution,427.39200000000017,1.0376999999999996,137.56,2,8,0,2,31,0.43875052203533693,0.6285714285714286,In-domain
CNc1c(C)c(F)cc2cc(C(=O)Nc3ccc(C(=O)NS(=O)(=O)N(C)C)cc3)c(=O)[nH]c12,CNc1cc(F)cc2cc(C(=O)Nc3ccc(C(=O)NS(=O)(=O)N(C)C)cc3)c(=O)[nH]c12,Constrained aromatic substitution,475.5020000000002,1.8058199999999993,140.47,4,6,6,3,33,0.8794188673831943,0.7540983606557377,In-domain
CNc1cc(F)c(C)c2cc(C(=O)Nc3ccc(C(=O)NS(=O)(=O)N(C)C)cc3)c(=O)[nH]c12,CNc1cc(F)cc2cc(C(=O)Nc3ccc(C(=O)NS(=O)(=O)N(C)C)cc3)c(=O)[nH]c12,Constrained aromatic substitution,475.5020000000002,1.8058199999999998,140.47,4,6,6,3,33,0.923698325341863,0.7540983606557377,In-domain
CNc1cc(F)cc2c(C)c(C(=O)Nc3ccc(C(=O)NS(=O)(=O)N(C)C)cc3)c(=O)[nH]c12,CNc1cc(F)cc2cc(C(=O)Nc3ccc(C(=O)NS(=O)(=O)N(C)C)cc3)c(=O)[nH]c12,Constrained aromatic substitution,475.5020000000002,1.8058199999999998,140.47,4,6,6,3,33,0.9591431774592459,0.85,In-domain
CNc1cc(F)cc2cc(C(=O)Nc3ccc(C(=O)NS(=O)(=O)N(C)C)cc3C)c(=O)[nH]c12,CNc1cc(F)cc2cc(C(=O)Nc3ccc(C(=O)NS(=O)(=O)N(C)C)cc3)c(=O)[nH]c12,Constrained aromatic substitution,475.50200000000024,1.8058199999999993,140.47,4,6,6,3,33,0.9715620855172648,0.7833333333333333,In-domain
CNc1cc(F)cc2cc(C(=O)Nc3ccc(C(=O)NS(=O)(=O)N(C)C)c(C)c3)c(=O)[nH]c12,CNc1cc(F)cc2cc(C(=O)Nc3ccc(C(=O)NS(=O)(=O)N(C)C)cc3)c(=O)[nH]c12,Constrained aromatic substitution,475.50200000000024,1.8058199999999993,140.47,4,6,6,3,33,0.9633314205554856,0.8135593220338984,In-domain
CNc1c(F)c(F)cc2cc(C(=O)Nc3ccc(C(=O)NS(=O)(=O)N(C)C)cc3)c(=O)[nH]c12,CNc1cc(F)cc2cc(C(=O)Nc3ccc(C(=O)NS(=O)(=O)N(C)C)cc3)c(=O)[nH]c12,Constrained aromatic substitution,479.4650000000002,1.6364999999999994,140.47,4,6,6,3,33,0.8775409594207608,0.7540983606557377,In-domain
CNc1cc(F)c(F)c2cc(C(=O)Nc3ccc(C(=O)NS(=O)(=O)N(C)C)cc3)c(=O)[nH]c12,CNc1cc(F)cc2cc(C(=O)Nc3ccc(C(=O)NS(=O)(=O)N(C)C)cc3)c(=O)[nH]c12,Constrained aromatic substitution,479.4650000000002,1.6364999999999994,140.47,4,6,6,3,33,0.9228233558453229,0.7540983606557377,In-domain
CNc1cc(F)cc2c(F)c(C(=O)Nc3ccc(C(=O)NS(=O)(=O)N(C)C)cc3)c(=O)[nH]c12,CNc1cc(F)cc2cc(C(=O)Nc3ccc(C(=O)NS(=O)(=O)N(C)C)cc3)c(=O)[nH]c12,Constrained aromatic substitution,479.4650000000002,1.6364999999999998,140.47,4,6,6,3,33,0.9594661350472528,0.864406779661017,In-domain
CNc1cc(F)cc2cc(C(=O)Nc3ccc(C(=O)NS(=O)(=O)N(C)C)cc3F)c(=O)[nH]c12,CNc1cc(F)cc2cc(C(=O)Nc3ccc(C(=O)NS(=O)(=O)N(C)C)cc3)c(=O)[nH]c12,Constrained aromatic substitution,479.4650000000002,1.6364999999999998,140.47,4,6,6,3,33,0.958883781574515,0.7966101694915254,In-domain
CNc1cc(F)cc2cc(C(=O)Nc3ccc(C(=O)NS(=O)(=O)N(C)C)c(F)c3)c(=O)[nH]c12,CNc1cc(F)cc2cc(C(=O)Nc3ccc(C(=O)NS(=O)(=O)N(C)C)cc3)c(=O)[nH]c12,Constrained aromatic substitution,479.4650000000002,1.6364999999999998,140.47,4,6,6,3,33,0.9614376762403013,0.8135593220338984,In-domain
CNc1c(Cl)c(F)cc2cc(C(=O)Nc3ccc(C(=O)NS(=O)(=O)N(C)C)cc3)c(=O)[nH]c12,CNc1cc(F)cc2cc(C(=O)Nc3ccc(C(=O)NS(=O)(=O)N(C)C)cc3)c(=O)[nH]c12,Constrained aromatic substitution,495.92000000000024,2.1507999999999994,140.47,4,6,6,3,33,0.8831144068308422,0.7301587301587301,In-domain
CNc1cc(F)c(Cl)c2cc(C(=O)Nc3ccc(C(=O)NS(=O)(=O)N(C)C)cc3)c(=O)[nH]c12,CNc1cc(F)cc2cc(C(=O)Nc3ccc(C(=O)NS(=O)(=O)N(C)C)cc3)c(=O)[nH]c12,Constrained aromatic substitution,495.92000000000024,2.1507999999999994,140.47,4,6,6,3,33,0.9206748227380225,0.7301587301587301,In-domain
CNc1cc(F)cc2c(Cl)c(C(=O)Nc3ccc(C(=O)NS(=O)(=O)N(C)C)cc3)c(=O)[nH]c12,CNc1cc(F)cc2cc(C(=O)Nc3ccc(C(=O)NS(=O)(=O)N(C)C)cc3)c(=O)[nH]c12,Constrained aromatic substitution,495.92000000000024,2.1508,140.47,4,6,6,3,33,0.9540367183635814,0.8360655737704918,In-domain
CNc1cc(F)cc2cc(C(=O)Nc3ccc(C(=O)NS(=O)(=O)N(C)C)cc3Cl)c(=O)[nH]c12,CNc1cc(F)cc2cc(C(=O)Nc3ccc(C(=O)NS(=O)(=O)N(C)C)cc3)c(=O)[nH]c12,Constrained aromatic substitution,495.9200000000002,2.1508,140.47,4,6,6,3,33,0.9604814961678113,0.7704918032786885,In-domain
CNc1cc(F)cc2cc(C(=O)Nc3ccc(C(=O)NS(=O)(=O)N(C)C)c(Cl)c3)c(=O)[nH]c12,CNc1cc(F)cc2cc(C(=O)Nc3ccc(C(=O)NS(=O)(=O)N(C)C)cc3)c(=O)[nH]c12,Constrained aromatic substitution,495.9200000000002,2.1508,140.47,4,6,6,3,33,0.946568742065375,0.7868852459016393,In-domain
CNc1c(O)c(F)cc2cc(C(=O)Nc3ccc(C(=O)NS(=O)(=O)N(C)C)cc3)c(=O)[nH]c12,CNc1cc(F)cc2cc(C(=O)Nc3ccc(C(=O)NS(=O)(=O)N(C)C)cc3)c(=O)[nH]c12,Constrained aromatic substitution,477.4740000000002,1.2029999999999994,160.7,5,7,6,3,33,0.8733178986640493,0.7666666666666667,In-domain
CNc1cc(F)c(O)c2cc(C(=O)Nc3ccc(C(=O)NS(=O)(=O)N(C)C)cc3)c(=O)[nH]c12,CNc1cc(F)cc2cc(C(=O)Nc3ccc(C(=O)NS(=O)(=O)N(C)C)cc3)c(=O)[nH]c12,Constrained aromatic substitution,477.4740000000002,1.2029999999999994,160.7,5,7,6,3,33,0.9280288944014934,0.7666666666666667,In-domain
CNc1cc(F)cc2c(O)c(C(=O)Nc3ccc(C(=O)NS(=O)(=O)N(C)C)cc3)c(=O)[nH]c12,CNc1cc(F)cc2cc(C(=O)Nc3ccc(C(=O)NS(=O)(=O)N(C)C)cc3)c(=O)[nH]c12,Constrained aromatic substitution,477.4740000000002,1.2029999999999998,160.7,5,7,6,3,33,0.9646796776197737,1.0,In-domain
CNc1cc(F)cc2cc(C(=O)Nc3ccc(C(=O)NS(=O)(=O)N(C)C)cc3O)c(=O)[nH]c12,CNc1cc(F)cc2cc(C(=O)Nc3ccc(C(=O)NS(=O)(=O)N(C)C)cc3)c(=O)[nH]c12,Constrained aromatic substitution,477.4740000000002,1.2029999999999994,160.7,5,7,6,3,33,0.9627234170049681,0.7833333333333333,In-domain
CNc1cc(F)cc2cc(C(=O)Nc3ccc(C(=O)NS(=O)(=O)N(C)C)c(O)c3)c(=O)[nH]c12,CNc1cc(F)cc2cc(C(=O)Nc3ccc(C(=O)NS(=O)(=O)N(C)C)cc3)c(=O)[nH]c12,Constrained aromatic substitution,477.4740000000002,1.2029999999999994,160.7,5,7,6,3,33,0.957315843268097,0.8,In-domain
CNc1c(C#N)c(F)cc2cc(C(=O)Nc3ccc(C(=O)NS(=O)(=O)N(C)C)cc3)c(=O)[nH]c12,CNc1cc(F)cc2cc(C(=O)Nc3ccc(C(=O)NS(=O)(=O)N(C)C)cc3)c(=O)[nH]c12,Constrained aromatic substitution,486.4850000000002,1.3690799999999996,164.26,4,7,6,3,34,0.881578091514569,0.696969696969697,In-domain
CNc1cc(F)c(C#N)c2cc(C(=O)Nc3ccc(C(=O)NS(=O)(=O)N(C)C)cc3)c(=O)[nH]c12,CNc1cc(F)cc2cc(C(=O)Nc3ccc(C(=O)NS(=O)(=O)N(C)C)cc3)c(=O)[nH]c12,Constrained aromatic substitution,486.48500000000024,1.3690799999999996,164.26,4,7,6,3,34,0.9232638587738777,0.696969696969697,In-domain
CNc1cc(F)cc2c(C#N)c(C(=O)Nc3ccc(C(=O)NS(=O)(=O)N(C)C)cc3)c(=O)[nH]c12,CNc1cc(F)cc2cc(C(=O)Nc3ccc(C(=O)NS(=O)(=O)N(C)C)cc3)c(=O)[nH]c12,Constrained aromatic substitution,486.4850000000002,1.3690799999999996,164.26,4,7,6,3,34,0.9643716675116981,0.796875,In-domain
CNc1cc(F)cc2cc(C(=O)Nc3ccc(C(=O)NS(=O)(=O)N(C)C)cc3C#N)c(=O)[nH]c12,CNc1cc(F)cc2cc(C(=O)Nc3ccc(C(=O)NS(=O)(=O)N(C)C)cc3)c(=O)[nH]c12,Constrained aromatic substitution,486.48500000000024,1.3690799999999996,164.26,4,7,6,3,34,0.9651565556173887,0.734375,In-domain
CNc1cc(F)cc2cc(C(=O)Nc3ccc(C(=O)NS(=O)(=O)N(C)C)c(C#N)c3)c(=O)[nH]c12,CNc1cc(F)cc2cc(C(=O)Nc3ccc(C(=O)NS(=O)(=O)N(C)C)cc3)c(=O)[nH]c12,Constrained aromatic substitution,486.48500000000024,1.3690799999999996,164.26,4,7,6,3,34,0.950997639623482,0.75,In-domain
CNc1c(C)c(F)cc2c(NCCCN)c(C(=O)Nc3ccc(C(=O)O)cc3)c(=O)[nH]c12,CNc1cc(F)cc2c(NCCCN)c(C(=O)Nc3ccc(C(=O)O)cc3)c(=O)[nH]c12,Constrained aromatic substitution,441.4630000000001,2.7285199999999996,149.34,6,6,8,3,32,0.8725614326350549,0.7575757575757576,In-domain
CNc1cc(F)c(C)c2c(NCCCN)c(C(=O)Nc3ccc(C(=O)O)cc3)c(=O)[nH]c12,CNc1cc(F)cc2c(NCCCN)c(C(=O)Nc3ccc(C(=O)O)cc3)c(=O)[nH]c12,Constrained aromatic substitution,441.46300000000014,2.7285199999999996,149.34,6,6,8,3,32,0.9274366363686253,0.746268656716418,In-domain
CNc1cc(F)cc2c(NCCCN)c(C(=O)Nc3ccc(C(=O)O)cc3C)c(=O)[nH]c12,CNc1cc(F)cc2c(NCCCN)c(C(=O)Nc3ccc(C(=O)O)cc3)c(=O)[nH]c12,Constrained aromatic substitution,441.4630000000002,2.7285200000000005,149.34,6,6,8,3,32,0.974458179178722,0.803030303030303,In-domain
CNc1cc(F)cc2c(NCCCN)c(C(=O)Nc3ccc(C(=O)O)c(C)c3)c(=O)[nH]c12,CNc1cc(F)cc2c(NCCCN)c(C(=O)Nc3ccc(C(=O)O)cc3)c(=O)[nH]c12,Constrained aromatic substitution,441.4630000000002,2.7285200000000005,149.34,6,6,8,3,32,0.9100736948381345,0.8181818181818182,In-domain
CNc1c(F)c(F)cc2c(NCCCN)c(C(=O)Nc3ccc(C(=O)O)cc3)c(=O)[nH]c12,CNc1cc(F)cc2c(NCCCN)c(C(=O)Nc3ccc(C(=O)O)cc3)c(=O)[nH]c12,Constrained aromatic substitution,445.4260000000001,2.5591999999999997,149.34,6,6,8,3,32,0.8769356838137145,0.7692307692307693,In-domain
CNc1cc(F)c(F)c2c(NCCCN)c(C(=O)Nc3ccc(C(=O)O)cc3)c(=O)[nH]c12,CNc1cc(F)cc2c(NCCCN)c(C(=O)Nc3ccc(C(=O)O)cc3)c(=O)[nH]c12,Constrained aromatic substitution,445.4260000000001,2.5591999999999997,149.34,6,6,8,3,32,0.9292762334087067,0.7575757575757576,In-domain
CNc1cc(F)cc2c(NCCCN)c(C(=O)Nc3ccc(C(=O)O)cc3F)c(=O)[nH]c12,CNc1cc(F)cc2c(NCCCN)c(C(=O)Nc3ccc(C(=O)O)cc3)c(=O)[nH]c12,Constrained aromatic substitution,445.42600000000016,2.5591999999999997,149.34,6,6,8,3,32,0.9651074843733597,0.828125,In-domain
CNc1cc(F)cc2c(NCCCN)c(C(=O)Nc3ccc(C(=O)O)c(F)c3)c(=O)[nH]c12,CNc1cc(F)cc2c(NCCCN)c(C(=O)Nc3ccc(C(=O)O)cc3)c(=O)[nH]c12,Constrained aromatic substitution,445.42600000000016,2.5591999999999997,149.34,6,6,8,3,32,0.9005856699328505,0.8153846153846154,In-domain
CNc1c(Cl)c(F)cc2c(NCCCN)c(C(=O)Nc3ccc(C(=O)O)cc3)c(=O)[nH]c12,CNc1cc(F)cc2c(NCCCN)c(C(=O)Nc3ccc(C(=O)O)cc3)c(=O)[nH]c12,Constrained aromatic substitution,461.88100000000014,3.0735,149.34,6,6,8,3,32,0.875238888959911,0.746268656716418,In-domain
CNc1cc(F)c(Cl)c2c(NCCCN)c(C(=O)Nc3ccc(C(=O)O)cc3)c(=O)[nH]c12,CNc1cc(F)cc2c(NCCCN)c(C(=O)Nc3ccc(C(=O)O)cc3)c(=O)[nH]c12,Constrained aromatic substitution,461.88100000000014,3.0735,149.34,6,6,8,3,32,0.9239483812168902,0.7352941176470589,In-domain
CNc1cc(F)cc2c(NCCCN)c(C(=O)Nc3ccc(C(=O)O)cc3Cl)c(=O)[nH]c12,CNc1cc(F)cc2c(NCCCN)c(C(=O)Nc3ccc(C(=O)O)cc3)c(=O)[nH]c12,Constrained aromatic substitution,461.8810000000002,3.0735,149.34,6,6,8,3,32,0.966627413904129,0.7910447761194029,In-domain
CNc1cc(F)cc2c(NCCCN)c(C(=O)Nc3ccc(C(=O)O)c(Cl)c3)c(=O)[nH]c12,CNc1cc(F)cc2c(NCCCN)c(C(=O)Nc3ccc(C(=O)O)cc3)c(=O)[nH]c12,Constrained aromatic substitution,461.8810000000002,3.0735,149.34,6,6,8,3,32,0.8889476213789358,0.7794117647058824,In-domain
CNc1c(O)c(F)cc2c(NCCCN)c(C(=O)Nc3ccc(C(=O)O)cc3)c(=O)[nH]c12,CNc1cc(F)cc2c(NCCCN)c(C(=O)Nc3ccc(C(=O)O)cc3)c(=O)[nH]c12,Constrained aromatic substitution,443.4350000000001,2.1257,169.56999999999996,7,7,8,3,32,0.8613577021086171,0.7575757575757576,In-domain
CNc1cc(F)c(O)c2c(NCCCN)c(C(=O)Nc3ccc(C(=O)O)cc3)c(=O)[nH]c12,CNc1cc(F)cc2c(NCCCN)c(C(=O)Nc3ccc(C(=O)O)cc3)c(=O)[nH]c12,Constrained aromatic substitution,443.4350000000001,2.1257,169.56999999999996,7,7,8,3,32,0.9187999620400774,0.746268656716418,In-domain
CNc1cc(F)cc2c(NCCCN)c(C(=O)Nc3ccc(C(=O)O)cc3O)c(=O)[nH]c12,CNc1cc(F)cc2c(NCCCN)c(C(=O)Nc3ccc(C(=O)O)cc3)c(=O)[nH]c12,Constrained aromatic substitution,443.4350000000002,2.1256999999999997,169.57,7,7,8,3,32,0.9625044696806205,0.803030303030303,In-domain
CNc1cc(F)cc2c(NCCCN)c(C(=O)Nc3ccc(C(=O)O)c(O)c3)c(=O)[nH]c12,CNc1cc(F)cc2c(NCCCN)c(C(=O)Nc3ccc(C(=O)O)cc3)c(=O)[nH]c12,Constrained aromatic substitution,443.4350000000002,2.1256999999999997,169.57,7,7,8,3,32,0.8924686410616581,0.7910447761194029,In-domain
CNc1c(C#N)c(F)cc2c(NCCCN)c(C(=O)Nc3ccc(C(=O)O)cc3)c(=O)[nH]c12,CNc1cc(F)cc2c(NCCCN)c(C(=O)Nc3ccc(C(=O)O)cc3)c(=O)[nH]c12,Constrained aromatic substitution,452.44600000000014,2.29178,173.12999999999997,6,7,8,3,33,0.8851009072670257,0.7142857142857143,In-domain
CNc1cc(F)c(C#N)c2c(NCCCN)c(C(=O)Nc3ccc(C(=O)O)cc3)c(=O)[nH]c12,CNc1cc(F)cc2c(NCCCN)c(C(=O)Nc3ccc(C(=O)O)cc3)c(=O)[nH]c12,Constrained aromatic substitution,452.44600000000014,2.29178,173.12999999999997,6,7,8,3,33,0.9325767866351876,0.704225352112676,In-domain
CNc1cc(F)cc2c(NCCCN)c(C(=O)Nc3ccc(C(=O)O)cc3C#N)c(=O)[nH]c12,CNc1cc(F)cc2c(NCCCN)c(C(=O)Nc3ccc(C(=O)O)cc3)c(=O)[nH]c12,Constrained aromatic substitution,452.4460000000002,2.29178,173.13,6,7,8,3,33,0.9671918086972304,0.7571428571428571,In-domain
CNc1cc(F)cc2c(NCCCN)c(C(=O)Nc3ccc(C(=O)O)c(C#N)c3)c(=O)[nH]c12,CNc1cc(F)cc2c(NCCCN)c(C(=O)Nc3ccc(C(=O)O)cc3)c(=O)[nH]c12,Constrained aromatic substitution,452.4460000000002,2.29178,173.13,6,7,8,3,33,0.8897862947759904,0.7464788732394366,In-domain
CNc1c(C)c(F)cc2cc(C(=O)Nc3ccc(C(=O)O)cc3CN(C)C3CCCCC3)c(=O)[nH]c12,CNc1cc(F)cc2cc(C(=O)Nc3ccc(C(=O)O)cc3CN(C)C3CCCCC3)c(=O)[nH]c12,Constrained aromatic substitution,494.5670000000004,4.732320000000003,114.53,4,5,7,3,36,0.9316138143430456,0.7887323943661971,In-domain
CNc1cc(F)c(C)c2cc(C(=O)Nc3ccc(C(=O)O)cc3CN(C)C3CCCCC3)c(=O)[nH]c12,CNc1cc(F)cc2cc(C(=O)Nc3ccc(C(=O)O)cc3CN(C)C3CCCCC3)c(=O)[nH]c12,Constrained aromatic substitution,494.5670000000004,4.732320000000003,114.53,4,5,7,3,36,0.9259496886654784,0.7746478873239436,In-domain
CNc1cc(F)cc2c(C)c(C(=O)Nc3ccc(C(=O)O)cc3CN(C)C3CCCCC3)c(=O)[nH]c12,CNc1cc(F)cc2cc(C(=O)Nc3ccc(C(=O)O)cc3CN(C)C3CCCCC3)c(=O)[nH]c12,Constrained aromatic substitution,494.5670000000004,4.732320000000003,114.53,4,5,7,3,36,0.9588056412815834,0.75,In-domain
CNc1cc(F)cc2cc(C(=O)Nc3c(C)cc(C(=O)O)cc3CN(C)C3CCCCC3)c(=O)[nH]c12,CNc1cc(F)cc2cc(C(=O)Nc3ccc(C(=O)O)cc3CN(C)C3CCCCC3)c(=O)[nH]c12,Constrained aromatic substitution,494.5670000000004,4.732320000000003,114.53,4,5,7,3,36,0.9736281444939158,0.8,In-domain
CNc1cc(F)cc2cc(C(=O)Nc3cc(C)c(C(=O)O)cc3CN(C)C3CCCCC3)c(=O)[nH]c12,CNc1cc(F)cc2cc(C(=O)Nc3ccc(C(=O)O)cc3CN(C)C3CCCCC3)c(=O)[nH]c12,Constrained aromatic substitution,494.5670000000004,4.732320000000003,114.53,4,5,7,3,36,0.9369342088346945,0.8088235294117647,In-domain
CNc1cc(F)cc2cc(C(=O)Nc3ccc(C(=O)O)c(C)c3CN(C)C3CCCCC3)c(=O)[nH]c12,CNc1cc(F)cc2cc(C(=O)Nc3ccc(C(=O)O)cc3CN(C)C3CCCCC3)c(=O)[nH]c12,Constrained aromatic substitution,494.56700000000046,4.732320000000003,114.53,4,5,7,3,36,0.9303019082736959,0.7605633802816901,In-domain
CNc1c(F)c(F)cc2cc(C(=O)Nc3ccc(C(=O)O)cc3CN(C)C3CCCCC3)c(=O)[nH]c12,CNc1cc(F)cc2cc(C(=O)Nc3ccc(C(=O)O)cc3CN(C)C3CCCCC3)c(=O)[nH]c12,Constrained aromatic substitution,498.5300000000004,4.563000000000002,114.53,4,5,7,3,36,0.9205231587425903,0.8,In-domain
CNc1cc(F)c(F)c2cc(C(=O)Nc3ccc(C(=O)O)cc3CN(C)C3CCCCC3)c(=O)[nH]c12,CNc1cc(F)cc2cc(C(=O)Nc3ccc(C(=O)O)cc3CN(C)C3CCCCC3)c(=O)[nH]c12,Constrained aromatic substitution,498.5300000000004,4.563000000000002,114.53,4,5,7,3,36,0.9223683422429558,0.7857142857142857,In-domain
CNc1cc(F)cc2c(F)c(C(=O)Nc3ccc(C(=O)O)cc3CN(C)C3CCCCC3)c(=O)[nH]c12,CNc1cc(F)cc2cc(C(=O)Nc3ccc(C(=O)O)cc3CN(C)C3CCCCC3)c(=O)[nH]c12,Constrained aromatic substitution,498.5300000000004,4.563000000000002,114.53,4,5,7,3,36,0.9584460138396131,0.7605633802816901,In-domain
CNc1cc(F)cc2cc(C(=O)Nc3c(F)cc(C(=O)O)cc3CN(C)C3CCCCC3)c(=O)[nH]c12,CNc1cc(F)cc2cc(C(=O)Nc3ccc(C(=O)O)cc3CN(C)C3CCCCC3)c(=O)[nH]c12,Constrained aromatic substitution,498.5300000000004,4.563000000000002,114.53,4,5,7,3,36,0.9669360453731006,0.8115942028985508,In-domain
CNc1cc(F)cc2cc(C(=O)Nc3cc(F)c(C(=O)O)cc3CN(C)C3CCCCC3)c(=O)[nH]c12,CNc1cc(F)cc2cc(C(=O)Nc3ccc(C(=O)O)cc3CN(C)C3CCCCC3)c(=O)[nH]c12,Constrained aromatic substitution,498.5300000000004,4.563000000000002,114.53,4,5,7,3,36,0.9212516123851522,0.8088235294117647,In-domain
CNc1cc(F)cc2cc(C(=O)Nc3ccc(C(=O)O)c(F)c3CN(C)C3CCCCC3)c(=O)[nH]c12,CNc1cc(F)cc2cc(C(=O)Nc3ccc(C(=O)O)cc3CN(C)C3CCCCC3)c(=O)[nH]c12,Constrained aromatic substitution,498.5300000000004,4.563000000000002,114.53,4,5,7,3,36,0.9273017271376818,0.782608695652174,In-domain
CNc1c(Cl)c(F)cc2cc(C(=O)Nc3ccc(C(=O)O)cc3CN(C)C3CCCCC3)c(=O)[nH]c12,CNc1cc(F)cc2cc(C(=O)Nc3ccc(C(=O)O)cc3CN(C)C3CCCCC3)c(=O)[nH]c12,Constrained aromatic substitution,514.9850000000005,5.077300000000003,114.53,4,5,7,3,36,0.9335406366950049,0.7777777777777778,In-domain
CNc1cc(F)c(Cl)c2cc(C(=O)Nc3ccc(C(=O)O)cc3CN(C)C3CCCCC3)c(=O)[nH]c12,CNc1cc(F)cc2cc(C(=O)Nc3ccc(C(=O)O)cc3CN(C)C3CCCCC3)c(=O)[nH]c12,Constrained aromatic substitution,514.9850000000005,5.077300000000003,114.53,4,5,7,3,36,0.9346623144985998,0.7638888888888888,In-domain
CNc1cc(F)cc2c(Cl)c(C(=O)Nc3ccc(C(=O)O)cc3CN(C)C3CCCCC3)c(=O)[nH]c12,CNc1cc(F)cc2cc(C(=O)Nc3ccc(C(=O)O)cc3CN(C)C3CCCCC3)c(=O)[nH]c12,Constrained aromatic substitution,514.9850000000005,5.077300000000003,114.53,4,5,7,3,36,0.9649167061230688,0.7397260273972602,In-domain
CNc1cc(F)cc2cc(C(=O)Nc3c(Cl)cc(C(=O)O)cc3CN(C)C3CCCCC3)c(=O)[nH]c12,CNc1cc(F)cc2cc(C(=O)Nc3ccc(C(=O)O)cc3CN(C)C3CCCCC3)c(=O)[nH]c12,Constrained aromatic substitution,514.9850000000005,5.077300000000003,114.53,4,5,7,3,36,0.9635787382272127,0.7887323943661971,In-domain
CNc1cc(F)cc2cc(C(=O)Nc3cc(Cl)c(C(=O)O)cc3CN(C)C3CCCCC3)c(=O)[nH]c12,CNc1cc(F)cc2cc(C(=O)Nc3ccc(C(=O)O)cc3CN(C)C3CCCCC3)c(=O)[nH]c12,Constrained aromatic substitution,514.9850000000005,5.077300000000003,114.53,4,5,7,3,36,0.9382442260651308,0.7857142857142857,In-domain
CNc1cc(F)cc2cc(C(=O)Nc3ccc(C(=O)O)c(Cl)c3CN(C)C3CCCCC3)c(=O)[nH]c12,CNc1cc(F)cc2cc(C(=O)Nc3ccc(C(=O)O)cc3CN(C)C3CCCCC3)c(=O)[nH]c12,Constrained aromatic substitution,514.9850000000004,5.077300000000003,114.53,4,5,7,3,36,0.9282052898275237,0.75,In-domain
CNc1c(O)c(F)cc2cc(C(=O)Nc3ccc(C(=O)O)cc3CN(C)C3CCCCC3)c(=O)[nH]c12,CNc1cc(F)cc2cc(C(=O)Nc3ccc(C(=O)O)cc3CN(C)C3CCCCC3)c(=O)[nH]c12,Constrained aromatic substitution,496.53900000000044,4.129500000000002,134.76,5,6,7,3,36,0.920031970889517,0.8,In-domain
CNc1cc(F)c(O)c2cc(C(=O)Nc3ccc(C(=O)O)cc3CN(C)C3CCCCC3)c(=O)[nH]c12,CNc1cc(F)cc2cc(C(=O)Nc3ccc(C(=O)O)cc3CN(C)C3CCCCC3)c(=O)[nH]c12,Constrained aromatic substitution,496.53900000000044,4.129500000000002,134.76,5,6,7,3,36,0.926369935349614,0.7857142857142857,In-domain
CNc1cc(F)cc2c(O)c(C(=O)Nc3ccc(C(=O)O)cc3CN(C)C3CCCCC3)c(=O)[nH]c12,CNc1cc(F)cc2cc(C(=O)Nc3ccc(C(=O)O)cc3CN(C)C3CCCCC3)c(=O)[nH]c12,Constrained aromatic substitution,496.53900000000044,4.129500000000003,134.76,5,6,7,3,36,0.9657291207751524,0.7605633802816901,In-domain
CNc1cc(F)cc2cc(C(=O)Nc3c(O)cc(C(=O)O)cc3CN(C)C3CCCCC3)c(=O)[nH]c12,CNc1cc(F)cc2cc(C(=O)Nc3ccc(C(=O)O)cc3CN(C)C3CCCCC3)c(=O)[nH]c12,Constrained aromatic substitution,496.53900000000044,4.129500000000002,134.76,5,6,7,3,36,0.9371780121730283,0.8,In-domain
CNc1cc(F)cc2cc(C(=O)Nc3cc(O)c(C(=O)O)cc3CN(C)C3CCCCC3)c(=O)[nH]c12,CNc1cc(F)cc2cc(C(=O)Nc3ccc(C(=O)O)cc3CN(C)C3CCCCC3)c(=O)[nH]c12,Constrained aromatic substitution,496.53900000000044,4.129500000000003,134.76,5,6,7,3,36,0.9339535414867243,0.7971014492753623,In-domain
CNc1cc(F)cc2cc(C(=O)Nc3ccc(C(=O)O)c(O)c3CN(C)C3CCCCC3)c(=O)[nH]c12,CNc1cc(F)cc2cc(C(=O)Nc3ccc(C(=O)O)cc3CN(C)C3CCCCC3)c(=O)[nH]c12,Constrained aromatic substitution,496.53900000000044,4.129500000000003,134.76,5,6,7,3,36,0.9213867323783353,0.7605633802816901,In-domain
CNc1c(C#N)c(F)cc2cc(C(=O)Nc3ccc(C(=O)O)cc3CN(C)C3CCCCC3)c(=O)[nH]c12,CNc1cc(F)cc2cc(C(=O)Nc3ccc(C(=O)O)cc3CN(C)C3CCCCC3)c(=O)[nH]c12,Constrained aromatic substitution,505.5500000000004,4.295580000000003,138.32,4,6,7,3,37,0.9222154012544205,0.7466666666666667,In-domain
CNc1cc(F)c(C#N)c2cc(C(=O)Nc3ccc(C(=O)O)cc3CN(C)C3CCCCC3)c(=O)[nH]c12,CNc1cc(F)cc2cc(C(=O)Nc3ccc(C(=O)O)cc3CN(C)C3CCCCC3)c(=O)[nH]c12,Constrained aromatic substitution,505.55000000000047,4.295580000000003,138.32,4,6,7,3,37,0.9197369568374146,0.7333333333333333,In-domain
CNc1cc(F)cc2c(C#N)c(C(=O)Nc3ccc(C(=O)O)cc3CN(C)C3CCCCC3)c(=O)[nH]c12,CNc1cc(F)cc2cc(C(=O)Nc3ccc(C(=O)O)cc3CN(C)C3CCCCC3)c(=O)[nH]c12,Constrained aromatic substitution,505.5500000000004,4.295580000000003,138.32,4,6,7,3,37,0.9610262350556256,0.7105263157894737,In-domain
CNc1cc(F)cc2cc(C(=O)Nc3c(C#N)cc(C(=O)O)cc3CN(C)C3CCCCC3)c(=O)[nH]c12,CNc1cc(F)cc2cc(C(=O)Nc3ccc(C(=O)O)cc3CN(C)C3CCCCC3)c(=O)[nH]c12,Constrained aromatic substitution,505.5500000000004,4.295580000000003,138.32,4,6,7,3,37,0.9668199953052028,0.7567567567567568,In-domain
CNc1cc(F)cc2cc(C(=O)Nc3cc(C#N)c(C(=O)O)cc3CN(C)C3CCCCC3)c(=O)[nH]c12,CNc1cc(F)cc2cc(C(=O)Nc3ccc(C(=O)O)cc3CN(C)C3CCCCC3)c(=O)[nH]c12,Constrained aromatic substitution,505.5500000000004,4.295580000000003,138.32,4,6,7,3,37,0.934293275777876,0.7534246575342466,In-domain
CNc1cc(F)cc2cc(C(=O)Nc3ccc(C(=O)O)c(C#N)c3CN(C)C3CCCCC3)c(=O)[nH]c12,CNc1cc(F)cc2cc(C(=O)Nc3ccc(C(=O)O)cc3CN(C)C3CCCCC3)c(=O)[nH]c12,Constrained aromatic substitution,505.55000000000047,4.295580000000003,138.32,4,6,7,3,37,0.9302408106781537,0.7297297297297297,In-domain
CNc1c(C)c(F)cc2cc(C(=O)Nc3ccc(C(=O)O)cc3CN(CC(=O)O)C3CCCCC3)c(=O)[nH]c12,CNc1cc(F)cc2cc(C(=O)Nc3ccc(C(=O)O)cc3CN(CC(=O)O)C3CCCCC3)c(=O)[nH]c12,Constrained aromatic substitution,538.5760000000005,4.187120000000002,151.83,5,6,9,3,39,0.9214303888155565,0.7972972972972973,In-domain
CNc1cc(F)c(C)c2cc(C(=O)Nc3ccc(C(=O)O)cc3CN(CC(=O)O)C3CCCCC3)c(=O)[nH]c12,CNc1cc(F)cc2cc(C(=O)Nc3ccc(C(=O)O)cc3CN(CC(=O)O)C3CCCCC3)c(=O)[nH]c12,Constrained aromatic substitution,538.5760000000005,4.187120000000003,151.83,5,6,9,3,39,0.9178115591945688,0.7945205479452054,In-domain
CNc1cc(F)cc2c(C)c(C(=O)Nc3ccc(C(=O)O)cc3CN(CC(=O)O)C3CCCCC3)c(=O)[nH]c12,CNc1cc(F)cc2cc(C(=O)Nc3ccc(C(=O)O)cc3CN(CC(=O)O)C3CCCCC3)c(=O)[nH]c12,Constrained aromatic substitution,538.5760000000005,4.187120000000003,151.83,5,6,9,3,39,0.9544462852684462,0.7702702702702703,In-domain
CNc1cc(F)cc2cc(C(=O)Nc3c(C)cc(C(=O)O)cc3CN(CC(=O)O)C3CCCCC3)c(=O)[nH]c12,CNc1cc(F)cc2cc(C(=O)Nc3ccc(C(=O)O)cc3CN(CC(=O)O)C3CCCCC3)c(=O)[nH]c12,Constrained aromatic substitution,538.5760000000005,4.187120000000002,151.83,5,6,9,3,39,0.9643045535785095,0.8082191780821918,In-domain
CNc1cc(F)cc2cc(C(=O)Nc3cc(C)c(C(=O)O)cc3CN(CC(=O)O)C3CCCCC3)c(=O)[nH]c12,CNc1cc(F)cc2cc(C(=O)Nc3ccc(C(=O)O)cc3CN(CC(=O)O)C3CCCCC3)c(=O)[nH]c12,Constrained aromatic substitution,538.5760000000005,4.187120000000003,151.83,5,6,9,3,39,0.9297208930228588,0.8169014084507042,In-domain
CNc1cc(F)cc2cc(C(=O)Nc3ccc(C(=O)O)c(C)c3CN(CC(=O)O)C3CCCCC3)c(=O)[nH]c12,CNc1cc(F)cc2cc(C(=O)Nc3ccc(C(=O)O)cc3CN(CC(=O)O)C3CCCCC3)c(=O)[nH]c12,Constrained aromatic substitution,538.5760000000005,4.187120000000002,151.83,5,6,9,3,39,0.9237317777604819,0.7702702702702703,In-domain
CNc1c(F)c(F)cc2cc(C(=O)Nc3ccc(C(=O)O)cc3CN(CC(=O)O)C3CCCCC3)c(=O)[nH]c12,CNc1cc(F)cc2cc(C(=O)Nc3ccc(C(=O)O)cc3CN(CC(=O)O)C3CCCCC3)c(=O)[nH]c12,Constrained aromatic substitution,542.5390000000004,4.017800000000002,151.83,5,6,9,3,39,0.9159380858602181,0.8082191780821918,In-domain
CNc1cc(F)c(F)c2cc(C(=O)Nc3ccc(C(=O)O)cc3CN(CC(=O)O)C3CCCCC3)c(=O)[nH]c12,CNc1cc(F)cc2cc(C(=O)Nc3ccc(C(=O)O)cc3CN(CC(=O)O)C3CCCCC3)c(=O)[nH]c12,Constrained aromatic substitution,542.5390000000004,4.017800000000002,151.83,5,6,9,3,39,0.9172175207063751,0.7945205479452054,In-domain
CNc1cc(F)cc2c(F)c(C(=O)Nc3ccc(C(=O)O)cc3CN(CC(=O)O)C3CCCCC3)c(=O)[nH]c12,CNc1cc(F)cc2cc(C(=O)Nc3ccc(C(=O)O)cc3CN(CC(=O)O)C3CCCCC3)c(=O)[nH]c12,Constrained aromatic substitution,542.5390000000004,4.017800000000002,151.83,5,6,9,3,39,0.9546219653703186,0.7702702702702703,In-domain
CNc1cc(F)cc2cc(C(=O)Nc3c(F)cc(C(=O)O)cc3CN(CC(=O)O)C3CCCCC3)c(=O)[nH]c12,CNc1cc(F)cc2cc(C(=O)Nc3ccc(C(=O)O)cc3CN(CC(=O)O)C3CCCCC3)c(=O)[nH]c12,Constrained aromatic substitution,542.5390000000004,4.017800000000002,151.83,5,6,9,3,39,0.9593332234460337,0.8194444444444444,In-domain
CNc1cc(F)cc2cc(C(=O)Nc3cc(F)c(C(=O)O)cc3CN(CC(=O)O)C3CCCCC3)c(=O)[nH]c12,CNc1cc(F)cc2cc(C(=O)Nc3ccc(C(=O)O)cc3CN(CC(=O)O)C3CCCCC3)c(=O)[nH]c12,Constrained aromatic substitution,542.5390000000004,4.017800000000002,151.83,5,6,9,3,39,0.9165847878356534,0.8169014084507042,In-domain
CNc1cc(F)cc2cc(C(=O)Nc3ccc(C(=O)O)c(F)c3CN(CC(=O)O)C3CCCCC3)c(=O)[nH]c12,CNc1cc(F)cc2cc(C(=O)Nc3ccc(C(=O)O)cc3CN(CC(=O)O)C3CCCCC3)c(=O)[nH]c12,Constrained aromatic substitution,542.5390000000004,4.017800000000002,151.83,5,6,9,3,39,0.9227957966359668,0.7916666666666666,In-domain
CNc1c(Cl)c(F)cc2cc(C(=O)Nc3ccc(C(=O)O)cc3CN(CC(=O)O)C3CCCCC3)c(=O)[nH]c12,CNc1cc(F)cc2cc(C(=O)Nc3ccc(C(=O)O)cc3CN(CC(=O)O)C3CCCCC3)c(=O)[nH]c12,Constrained aromatic substitution,558.9940000000005,4.5321000000000025,151.83,5,6,9,3,39,0.928482099061404,0.7866666666666666,In-domain
CNc1cc(F)c(Cl)c2cc(C(=O)Nc3ccc(C(=O)O)cc3CN(CC(=O)O)C3CCCCC3)c(=O)[nH]c12,CNc1cc(F)cc2cc(C(=O)Nc3ccc(C(=O)O)cc3CN(CC(=O)O)C3CCCCC3)c(=O)[nH]c12,Constrained aromatic substitution,558.9940000000005,4.5321000000000025,151.83,5,6,9,3,39,0.9303948429121687,0.7733333333333333,In-domain
CNc1cc(F)cc2c(Cl)c(C(=O)Nc3ccc(C(=O)O)cc3CN(CC(=O)O)C3CCCCC3)c(=O)[nH]c12,CNc1cc(F)cc2cc(C(=O)Nc3ccc(C(=O)O)cc3CN(CC(=O)O)C3CCCCC3)c(=O)[nH]c12,Constrained aromatic substitution,558.9940000000005,4.5321000000000025,151.83,5,6,9,3,39,0.9619760076039238,0.75,In-domain
CNc1cc(F)cc2cc(C(=O)Nc3c(Cl)cc(C(=O)O)cc3CN(CC(=O)O)C3CCCCC3)c(=O)[nH]c12,CNc1cc(F)cc2cc(C(=O)Nc3ccc(C(=O)O)cc3CN(CC(=O)O)C3CCCCC3)c(=O)[nH]c12,Constrained aromatic substitution,558.9940000000005,4.5321000000000025,151.83,5,6,9,3,39,0.9568592662502952,0.7972972972972973,In-domain
CNc1cc(F)cc2cc(C(=O)Nc3cc(Cl)c(C(=O)O)cc3CN(CC(=O)O)C3CCCCC3)c(=O)[nH]c12,CNc1cc(F)cc2cc(C(=O)Nc3ccc(C(=O)O)cc3CN(CC(=O)O)C3CCCCC3)c(=O)[nH]c12,Constrained aromatic substitution,558.9940000000005,4.5321000000000025,151.83,5,6,9,3,39,0.9344607514657818,0.7945205479452054,In-domain
CNc1cc(F)cc2cc(C(=O)Nc3ccc(C(=O)O)c(Cl)c3CN(CC(=O)O)C3CCCCC3)c(=O)[nH]c12,CNc1cc(F)cc2cc(C(=O)Nc3ccc(C(=O)O)cc3CN(CC(=O)O)C3CCCCC3)c(=O)[nH]c12,Constrained aromatic substitution,558.9940000000004,4.5321000000000025,151.83,5,6,9,3,39,0.9242392782527983,0.76,In-domain
CNc1c(O)c(F)cc2cc(C(=O)Nc3ccc(C(=O)O)cc3CN(CC(=O)O)C3CCCCC3)c(=O)[nH]c12,CNc1cc(F)cc2cc(C(=O)Nc3ccc(C(=O)O)cc3CN(CC(=O)O)C3CCCCC3)c(=O)[nH]c12,Constrained aromatic substitution,540.5480000000005,3.5843000000000016,172.05999999999997,6,7,9,3,39,0.9160904138399159,0.8082191780821918,In-domain
CNc1cc(F)c(O)c2cc(C(=O)Nc3ccc(C(=O)O)cc3CN(CC(=O)O)C3CCCCC3)c(=O)[nH]c12,CNc1cc(F)cc2cc(C(=O)Nc3ccc(C(=O)O)cc3CN(CC(=O)O)C3CCCCC3)c(=O)[nH]c12,Constrained aromatic substitution,540.5480000000005,3.5843000000000016,172.05999999999997,6,7,9,3,39,0.9232194443471826,0.7945205479452054,In-domain
CNc1cc(F)cc2c(O)c(C(=O)Nc3ccc(C(=O)O)cc3CN(CC(=O)O)C3CCCCC3)c(=O)[nH]c12,CNc1cc(F)cc2cc(C(=O)Nc3ccc(C(=O)O)cc3CN(CC(=O)O)C3CCCCC3)c(=O)[nH]c12,Constrained aromatic substitution,540.5480000000005,3.5843000000000016,172.05999999999997,6,7,9,3,39,0.9639054028400073,0.7702702702702703,In-domain
CNc1cc(F)cc2cc(C(=O)Nc3c(O)cc(C(=O)O)cc3CN(CC(=O)O)C3CCCCC3)c(=O)[nH]c12,CNc1cc(F)cc2cc(C(=O)Nc3ccc(C(=O)O)cc3CN(CC(=O)O)C3CCCCC3)c(=O)[nH]c12,Constrained aromatic substitution,540.5480000000005,3.5843000000000016,172.05999999999997,6,7,9,3,39,0.9294043090658285,0.8082191780821918,In-domain
CNc1cc(F)cc2cc(C(=O)Nc3cc(O)c(C(=O)O)cc3CN(CC(=O)O)C3CCCCC3)c(=O)[nH]c12,CNc1cc(F)cc2cc(C(=O)Nc3ccc(C(=O)O)cc3CN(CC(=O)O)C3CCCCC3)c(=O)[nH]c12,Constrained aromatic substitution,540.5480000000005,3.5843000000000016,172.05999999999997,6,7,9,3,39,0.9292867169372258,0.8055555555555556,In-domain
CNc1cc(F)cc2cc(C(=O)Nc3ccc(C(=O)O)c(O)c3CN(CC(=O)O)C3CCCCC3)c(=O)[nH]c12,CNc1cc(F)cc2cc(C(=O)Nc3ccc(C(=O)O)cc3CN(CC(=O)O)C3CCCCC3)c(=O)[nH]c12,Constrained aromatic substitution,540.5480000000005,3.5843000000000016,172.05999999999997,6,7,9,3,39,0.915180556152082,0.7702702702702703,In-domain
CNc1c(C#N)c(F)cc2cc(C(=O)Nc3ccc(C(=O)O)cc3CN(CC(=O)O)C3CCCCC3)c(=O)[nH]c12,CNc1cc(F)cc2cc(C(=O)Nc3ccc(C(=O)O)cc3CN(CC(=O)O)C3CCCCC3)c(=O)[nH]c12,Constrained aromatic substitution,549.5590000000004,3.7503800000000016,175.61999999999998,5,7,9,3,40,0.915447791396672,0.7564102564102564,In-domain
CNc1cc(F)c(C#N)c2cc(C(=O)Nc3ccc(C(=O)O)cc3CN(CC(=O)O)C3CCCCC3)c(=O)[nH]c12,CNc1cc(F)cc2cc(C(=O)Nc3ccc(C(=O)O)cc3CN(CC(=O)O)C3CCCCC3)c(=O)[nH]c12,Constrained aromatic substitution,549.5590000000004,3.7503800000000016,175.61999999999998,5,7,9,3,40,0.9137604130268356,0.7435897435897436,In-domain
CNc1cc(F)cc2c(C#N)c(C(=O)Nc3ccc(C(=O)O)cc3CN(CC(=O)O)C3CCCCC3)c(=O)[nH]c12,CNc1cc(F)cc2cc(C(=O)Nc3ccc(C(=O)O)cc3CN(CC(=O)O)C3CCCCC3)c(=O)[nH]c12,Constrained aromatic substitution,549.5590000000004,3.7503800000000016,175.61999999999998,5,7,9,3,40,0.9563764643123329,0.7215189873417721,In-domain
CNc1cc(F)cc2cc(C(=O)Nc3c(C#N)cc(C(=O)O)cc3CN(CC(=O)O)C3CCCCC3)c(=O)[nH]c12,CNc1cc(F)cc2cc(C(=O)Nc3ccc(C(=O)O)cc3CN(CC(=O)O)C3CCCCC3)c(=O)[nH]c12,Constrained aromatic substitution,549.5590000000004,3.7503800000000016,175.61999999999998,5,7,9,3,40,0.9583914511041377,0.7662337662337663,In-domain
CNc1cc(F)cc2cc(C(=O)Nc3cc(C#N)c(C(=O)O)cc3CN(CC(=O)O)C3CCCCC3)c(=O)[nH]c12,CNc1cc(F)cc2cc(C(=O)Nc3ccc(C(=O)O)cc3CN(CC(=O)O)C3CCCCC3)c(=O)[nH]c12,Constrained aromatic substitution,549.5590000000004,3.7503800000000016,175.61999999999998,5,7,9,3,40,0.9288007289543795,0.7631578947368421,In-domain
CNc1cc(F)cc2cc(C(=O)Nc3ccc(C(=O)O)c(C#N)c3CN(CC(=O)O)C3CCCCC3)c(=O)[nH]c12,CNc1cc(F)cc2cc(C(=O)Nc3ccc(C(=O)O)cc3CN(CC(=O)O)C3CCCCC3)c(=O)[nH]c12,Constrained aromatic substitution,549.5590000000004,3.7503800000000016,175.61999999999998,5,7,9,3,40,0.9232089121779025,0.7402597402597403,In-domain
CNc1c(C)c(F)cc2cc(C(=O)Nc3ccc(C(=O)O)cc3CN(C)C3CC3)c(=O)[nH]c12,CNc1cc(F)cc2cc(C(=O)Nc3ccc(C(=O)O)cc3CN(C)C3CC3)c(=O)[nH]c12,Constrained aromatic substitution,452.4860000000003,3.5620200000000013,114.53,4,5,7,3,33,0.9402393056182067,0.7794117647058824,In-domain
CNc1cc(F)c(C)c2cc(C(=O)Nc3ccc(C(=O)O)cc3CN(C)C3CC3)c(=O)[nH]c12,CNc1cc(F)cc2cc(C(=O)Nc3ccc(C(=O)O)cc3CN(C)C3CC3)c(=O)[nH]c12,Constrained aromatic substitution,452.4860000000003,3.562020000000002,114.53,4,5,7,3,33,0.929806502945696,0.7647058823529411,In-domain
CNc1cc(F)cc2c(C)c(C(=O)Nc3ccc(C(=O)O)cc3CN(C)C3CC3)c(=O)[nH]c12,CNc1cc(F)cc2cc(C(=O)Nc3ccc(C(=O)O)cc3CN(C)C3CC3)c(=O)[nH]c12,Constrained aromatic substitution,452.4860000000003,3.562020000000002,114.53,4,5,7,3,33,0.9615600427981781,0.7391304347826086,In-domain
CNc1cc(F)cc2cc(C(=O)Nc3c(C)cc(C(=O)O)cc3CN(C)C3CC3)c(=O)[nH]c12,CNc1cc(F)cc2cc(C(=O)Nc3ccc(C(=O)O)cc3CN(C)C3CC3)c(=O)[nH]c12,Constrained aromatic substitution,452.4860000000003,3.5620200000000013,114.53,4,5,7,3,33,0.9729969913959566,0.7910447761194029,In-domain
CNc1cc(F)cc2cc(C(=O)Nc3cc(C)c(C(=O)O)cc3CN(C)C3CC3)c(=O)[nH]c12,CNc1cc(F)cc2cc(C(=O)Nc3ccc(C(=O)O)cc3CN(C)C3CC3)c(=O)[nH]c12,Constrained aromatic substitution,452.4860000000003,3.562020000000002,114.53,4,5,7,3,33,0.9372191556038123,0.8,In-domain
CNc1cc(F)cc2cc(C(=O)Nc3ccc(C(=O)O)c(C)c3CN(C)C3CC3)c(=O)[nH]c12,CNc1cc(F)cc2cc(C(=O)Nc3ccc(C(=O)O)cc3CN(C)C3CC3)c(=O)[nH]c12,Constrained aromatic substitution,452.48600000000033,3.5620200000000013,114.53,4,5,7,3,33,0.9325057296918888,0.75,In-domain
CNc1c(F)c(F)cc2cc(C(=O)Nc3ccc(C(=O)O)cc3CN(C)C3CC3)c(=O)[nH]c12,CNc1cc(F)cc2cc(C(=O)Nc3ccc(C(=O)O)cc3CN(C)C3CC3)c(=O)[nH]c12,Constrained aromatic substitution,456.4490000000003,3.3927000000000005,114.53,4,5,7,3,33,0.9305200042512383,0.7910447761194029,In-domain
CNc1cc(F)c(F)c2cc(C(=O)Nc3ccc(C(=O)O)cc3CN(C)C3CC3)c(=O)[nH]c12,CNc1cc(F)cc2cc(C(=O)Nc3ccc(C(=O)O)cc3CN(C)C3CC3)c(=O)[nH]c12,Constrained aromatic substitution,456.4490000000003,3.3927000000000005,114.53,4,5,7,3,33,0.926770788482662,0.7761194029850746,In-domain
CNc1cc(F)cc2c(F)c(C(=O)Nc3ccc(C(=O)O)cc3CN(C)C3CC3)c(=O)[nH]c12,CNc1cc(F)cc2cc(C(=O)Nc3ccc(C(=O)O)cc3CN(C)C3CC3)c(=O)[nH]c12,Constrained aromatic substitution,456.4490000000003,3.3927000000000014,114.53,4,5,7,3,33,0.961055478336741,0.75,In-domain
CNc1cc(F)cc2cc(C(=O)Nc3c(F)cc(C(=O)O)cc3CN(C)C3CC3)c(=O)[nH]c12,CNc1cc(F)cc2cc(C(=O)Nc3ccc(C(=O)O)cc3CN(C)C3CC3)c(=O)[nH]c12,Constrained aromatic substitution,456.4490000000003,3.3927000000000014,114.53,4,5,7,3,33,0.9661599552556749,0.803030303030303,In-domain
CNc1cc(F)cc2cc(C(=O)Nc3cc(F)c(C(=O)O)cc3CN(C)C3CC3)c(=O)[nH]c12,CNc1cc(F)cc2cc(C(=O)Nc3ccc(C(=O)O)cc3CN(C)C3CC3)c(=O)[nH]c12,Constrained aromatic substitution,456.4490000000003,3.3927000000000014,114.53,4,5,7,3,33,0.9199591564648519,0.8,In-domain
CNc1cc(F)cc2cc(C(=O)Nc3ccc(C(=O)O)c(F)c3CN(C)C3CC3)c(=O)[nH]c12,CNc1cc(F)cc2cc(C(=O)Nc3ccc(C(=O)O)cc3CN(C)C3CC3)c(=O)[nH]c12,Constrained aromatic substitution,456.4490000000003,3.3927000000000014,114.53,4,5,7,3,33,0.929360611536408,0.7727272727272727,In-domain
CNc1c(Cl)c(F)cc2cc(C(=O)Nc3ccc(C(=O)O)cc3CN(C)C3CC3)c(=O)[nH]c12,CNc1cc(F)cc2cc(C(=O)Nc3ccc(C(=O)O)cc3CN(C)C3CC3)c(=O)[nH]c12,Constrained aromatic substitution,472.90400000000034,3.907000000000001,114.53,4,5,7,3,33,0.9412320182972415,0.7681159420289855,In-domain
CNc1cc(F)c(Cl)c2cc(C(=O)Nc3ccc(C(=O)O)cc3CN(C)C3CC3)c(=O)[nH]c12,CNc1cc(F)cc2cc(C(=O)Nc3ccc(C(=O)O)cc3CN(C)C3CC3)c(=O)[nH]c12,Constrained aromatic substitution,472.90400000000034,3.907000000000001,114.53,4,5,7,3,33,0.939064760738306,0.7536231884057971,In-domain
CNc1cc(F)cc2c(Cl)c(C(=O)Nc3ccc(C(=O)O)cc3CN(C)C3CC3)c(=O)[nH]c12,CNc1cc(F)cc2cc(C(=O)Nc3ccc(C(=O)O)cc3CN(C)C3CC3)c(=O)[nH]c12,Constrained aromatic substitution,472.90400000000034,3.907000000000002,114.53,4,5,7,3,33,0.9676762637931596,0.7285714285714285,In-domain
CNc1cc(F)cc2cc(C(=O)Nc3c(Cl)cc(C(=O)O)cc3CN(C)C3CC3)c(=O)[nH]c12,CNc1cc(F)cc2cc(C(=O)Nc3ccc(C(=O)O)cc3CN(C)C3CC3)c(=O)[nH]c12,Constrained aromatic substitution,472.90400000000034,3.907000000000002,114.53,4,5,7,3,33,0.9629527412827497,0.7794117647058824,In-domain
CNc1cc(F)cc2cc(C(=O)Nc3cc(Cl)c(C(=O)O)cc3CN(C)C3CC3)c(=O)[nH]c12,CNc1cc(F)cc2cc(C(=O)Nc3ccc(C(=O)O)cc3CN(C)C3CC3)c(=O)[nH]c12,Constrained aromatic substitution,472.90400000000034,3.907000000000002,114.53,4,5,7,3,33,0.9380032365603646,0.7761194029850746,In-domain
CNc1cc(F)cc2cc(C(=O)Nc3ccc(C(=O)O)c(Cl)c3CN(C)C3CC3)c(=O)[nH]c12,CNc1cc(F)cc2cc(C(=O)Nc3ccc(C(=O)O)cc3CN(C)C3CC3)c(=O)[nH]c12,Constrained aromatic substitution,472.9040000000003,3.907000000000002,114.53,4,5,7,3,33,0.9304142673992128,0.7391304347826086,In-domain
CNc1c(O)c(F)cc2cc(C(=O)Nc3ccc(C(=O)O)cc3CN(C)C3CC3)c(=O)[nH]c12,CNc1cc(F)cc2cc(C(=O)Nc3ccc(C(=O)O)cc3CN(C)C3CC3)c(=O)[nH]c12,Constrained aromatic substitution,454.4580000000003,2.9592,134.76,5,6,7,3,33,0.9288729306394747,0.7910447761194029,In-domain
CNc1cc(F)c(O)c2cc(C(=O)Nc3ccc(C(=O)O)cc3CN(C)C3CC3)c(=O)[nH]c12,CNc1cc(F)cc2cc(C(=O)Nc3ccc(C(=O)O)cc3CN(C)C3CC3)c(=O)[nH]c12,Constrained aromatic substitution,454.4580000000003,2.9592,134.76,5,6,7,3,33,0.9307723815893202,0.7761194029850746,In-domain
CNc1cc(F)cc2c(O)c(C(=O)Nc3ccc(C(=O)O)cc3CN(C)C3CC3)c(=O)[nH]c12,CNc1cc(F)cc2cc(C(=O)Nc3ccc(C(=O)O)cc3CN(C)C3CC3)c(=O)[nH]c12,Constrained aromatic substitution,454.4580000000003,2.959200000000001,134.76,5,6,7,3,33,0.9691643075462786,0.7391304347826086,In-domain
CNc1cc(F)cc2cc(C(=O)Nc3c(O)cc(C(=O)O)cc3CN(C)C3CC3)c(=O)[nH]c12,CNc1cc(F)cc2cc(C(=O)Nc3ccc(C(=O)O)cc3CN(C)C3CC3)c(=O)[nH]c12,Constrained aromatic substitution,454.4580000000003,2.9592,134.76,5,6,7,3,33,0.9364019220556024,0.7910447761194029,In-domain
CNc1cc(F)cc2cc(C(=O)Nc3cc(O)c(C(=O)O)cc3CN(C)C3CC3)c(=O)[nH]c12,CNc1cc(F)cc2cc(C(=O)Nc3ccc(C(=O)O)cc3CN(C)C3CC3)c(=O)[nH]c12,Constrained aromatic substitution,454.4580000000003,2.959200000000001,134.76,5,6,7,3,33,0.9349192735103733,0.7878787878787878,In-domain
CNc1cc(F)cc2cc(C(=O)Nc3ccc(C(=O)O)c(O)c3CN(C)C3CC3)c(=O)[nH]c12,CNc1cc(F)cc2cc(C(=O)Nc3ccc(C(=O)O)cc3CN(C)C3CC3)c(=O)[nH]c12,Constrained aromatic substitution,454.4580000000003,2.959200000000001,134.76,5,6,7,3,33,0.9234456167770616,0.75,In-domain
CNc1c(C#N)c(F)cc2cc(C(=O)Nc3ccc(C(=O)O)cc3CN(C)C3CC3)c(=O)[nH]c12,CNc1cc(F)cc2cc(C(=O)Nc3ccc(C(=O)O)cc3CN(C)C3CC3)c(=O)[nH]c12,Constrained aromatic substitution,463.4690000000003,3.125280000000001,138.32,4,6,7,3,34,0.9313865244890706,0.7361111111111112,In-domain
CNc1cc(F)c(C#N)c2cc(C(=O)Nc3ccc(C(=O)O)cc3CN(C)C3CC3)c(=O)[nH]c12,CNc1cc(F)cc2cc(C(=O)Nc3ccc(C(=O)O)cc3CN(C)C3CC3)c(=O)[nH]c12,Constrained aromatic substitution,463.46900000000034,3.125280000000001,138.32,4,6,7,3,34,0.9241394030771208,0.7222222222222222,In-domain
CNc1cc(F)cc2c(C#N)c(C(=O)Nc3ccc(C(=O)O)cc3CN(C)C3CC3)c(=O)[nH]c12,CNc1cc(F)cc2cc(C(=O)Nc3ccc(C(=O)O)cc3CN(C)C3CC3)c(=O)[nH]c12,Constrained aromatic substitution,463.4690000000003,3.125280000000001,138.32,4,6,7,3,34,0.9636356995527535,0.6986301369863014,In-domain
CNc1cc(F)cc2cc(C(=O)Nc3c(C#N)cc(C(=O)O)cc3CN(C)C3CC3)c(=O)[nH]c12,CNc1cc(F)cc2cc(C(=O)Nc3ccc(C(=O)O)cc3CN(C)C3CC3)c(=O)[nH]c12,Constrained aromatic substitution,463.4690000000003,3.125280000000001,138.32,4,6,7,3,34,0.9660439051877769,0.7464788732394366,In-domain
CNc1cc(F)cc2cc(C(=O)Nc3cc(C#N)c(C(=O)O)cc3CN(C)C3CC3)c(=O)[nH]c12,CNc1cc(F)cc2cc(C(=O)Nc3ccc(C(=O)O)cc3CN(C)C3CC3)c(=O)[nH]c12,Constrained aromatic substitution,463.4690000000003,3.125280000000001,138.32,4,6,7,3,34,0.9352590078015253,0.7428571428571429,In-domain
CNc1cc(F)cc2cc(C(=O)Nc3ccc(C(=O)O)c(C#N)c3CN(C)C3CC3)c(=O)[nH]c12,CNc1cc(F)cc2cc(C(=O)Nc3ccc(C(=O)O)cc3CN(C)C3CC3)c(=O)[nH]c12,Constrained aromatic substitution,463.46900000000034,3.125280000000001,138.32,4,6,7,3,34,0.93229969507688,0.7183098591549296,In-domain
CNc1c(C)c(F)cc2c(NCC3CNC3)c(C(=O)Nc3ccc(C(=O)O)cc3)c(=O)[nH]c12,CNc1cc(F)cc2c(NCC3CNC3)c(C(=O)Nc3ccc(C(=O)O)cc3)c(=O)[nH]c12,Constrained aromatic substitution,453.47400000000016,2.59912,135.35,6,6,7,3,33,0.8721727692101411,0.7536231884057971,In-domain
CNc1cc(F)c(C)c2c(NCC3CNC3)c(C(=O)Nc3ccc(C(=O)O)cc3)c(=O)[nH]c12,CNc1cc(F)cc2c(NCC3CNC3)c(C(=O)Nc3ccc(C(=O)O)cc3)c(=O)[nH]c12,Constrained aromatic substitution,453.47400000000016,2.59912,135.35,6,6,7,3,33,0.9177146378764257,0.7428571428571429,In-domain
CNc1cc(F)cc2c(NCC3CNC3)c(C(=O)Nc3ccc(C(=O)O)cc3C)c(=O)[nH]c12,CNc1cc(F)cc2c(NCC3CNC3)c(C(=O)Nc3ccc(C(=O)O)cc3)c(=O)[nH]c12,Constrained aromatic substitution,453.47400000000016,2.59912,135.35,6,6,7,3,33,0.9632977500401919,0.8088235294117647,In-domain
CNc1cc(F)cc2c(NCC3CNC3)c(C(=O)Nc3ccc(C(=O)O)c(C)c3)c(=O)[nH]c12,CNc1cc(F)cc2c(NCC3CNC3)c(C(=O)Nc3ccc(C(=O)O)cc3)c(=O)[nH]c12,Constrained aromatic substitution,453.47400000000016,2.59912,135.35,6,6,7,3,33,0.9114684732100067,0.8235294117647058,In-domain
CNc1c(F)c(F)cc2c(NCC3CNC3)c(C(=O)Nc3ccc(C(=O)O)cc3)c(=O)[nH]c12,CNc1cc(F)cc2c(NCC3CNC3)c(C(=O)Nc3ccc(C(=O)O)cc3)c(=O)[nH]c12,Constrained aromatic substitution,457.4370000000002,2.4297999999999993,135.35,6,6,7,3,33,0.8738672698864252,0.7647058823529411,In-domain
CNc1cc(F)c(F)c2c(NCC3CNC3)c(C(=O)Nc3ccc(C(=O)O)cc3)c(=O)[nH]c12,CNc1cc(F)cc2c(NCC3CNC3)c(C(=O)Nc3ccc(C(=O)O)cc3)c(=O)[nH]c12,Constrained aromatic substitution,457.4370000000002,2.4297999999999993,135.35,6,6,7,3,33,0.9206192852819518,0.7536231884057971,In-domain
CNc1cc(F)cc2c(NCC3CNC3)c(C(=O)Nc3ccc(C(=O)O)cc3F)c(=O)[nH]c12,CNc1cc(F)cc2c(NCC3CNC3)c(C(=O)Nc3ccc(C(=O)O)cc3)c(=O)[nH]c12,Constrained aromatic substitution,457.4370000000001,2.4297999999999993,135.35,6,6,7,3,33,0.9537797173422359,0.8208955223880597,In-domain
CNc1cc(F)cc2c(NCC3CNC3)c(C(=O)Nc3ccc(C(=O)O)c(F)c3)c(=O)[nH]c12,CNc1cc(F)cc2c(NCC3CNC3)c(C(=O)Nc3ccc(C(=O)O)cc3)c(=O)[nH]c12,Constrained aromatic substitution,457.4370000000001,2.4297999999999993,135.35,6,6,7,3,33,0.9009514228237703,0.8088235294117647,In-domain
CNc1c(Cl)c(F)cc2c(NCC3CNC3)c(C(=O)Nc3ccc(C(=O)O)cc3)c(=O)[nH]c12,CNc1cc(F)cc2c(NCC3CNC3)c(C(=O)Nc3ccc(C(=O)O)cc3)c(=O)[nH]c12,Constrained aromatic substitution,473.8920000000002,2.9440999999999997,135.35,6,6,7,3,33,0.8778168958400459,0.7428571428571429,In-domain
CNc1cc(F)c(Cl)c2c(NCC3CNC3)c(C(=O)Nc3ccc(C(=O)O)cc3)c(=O)[nH]c12,CNc1cc(F)cc2c(NCC3CNC3)c(C(=O)Nc3ccc(C(=O)O)cc3)c(=O)[nH]c12,Constrained aromatic substitution,473.89200000000017,2.9440999999999997,135.35,6,6,7,3,33,0.9197860845731215,0.7323943661971831,In-domain
CNc1cc(F)cc2c(NCC3CNC3)c(C(=O)Nc3ccc(C(=O)O)cc3Cl)c(=O)[nH]c12,CNc1cc(F)cc2c(NCC3CNC3)c(C(=O)Nc3ccc(C(=O)O)cc3)c(=O)[nH]c12,Constrained aromatic substitution,473.89200000000017,2.9441000000000006,135.35,6,6,7,3,33,0.9630626973076136,0.7971014492753623,In-domain
CNc1cc(F)cc2c(NCC3CNC3)c(C(=O)Nc3ccc(C(=O)O)c(Cl)c3)c(=O)[nH]c12,CNc1cc(F)cc2c(NCC3CNC3)c(C(=O)Nc3ccc(C(=O)O)cc3)c(=O)[nH]c12,Constrained aromatic substitution,473.89200000000017,2.9441000000000006,135.35,6,6,7,3,33,0.8973056351264606,0.7857142857142857,In-domain
CNc1c(O)c(F)cc2c(NCC3CNC3)c(C(=O)Nc3ccc(C(=O)O)cc3)c(=O)[nH]c12,CNc1cc(F)cc2c(NCC3CNC3)c(C(=O)Nc3ccc(C(=O)O)cc3)c(=O)[nH]c12,Constrained aromatic substitution,455.44600000000014,1.9962999999999997,155.58,7,7,7,3,33,0.8598130582260118,0.7536231884057971,In-domain
CNc1cc(F)c(O)c2c(NCC3CNC3)c(C(=O)Nc3ccc(C(=O)O)cc3)c(=O)[nH]c12,CNc1cc(F)cc2c(NCC3CNC3)c(C(=O)Nc3ccc(C(=O)O)cc3)c(=O)[nH]c12,Constrained aromatic substitution,455.44600000000014,1.9962999999999997,155.58,7,7,7,3,33,0.9122775965765394,0.7428571428571429,In-domain
CNc1cc(F)cc2c(NCC3CNC3)c(C(=O)Nc3ccc(C(=O)O)cc3O)c(=O)[nH]c12,CNc1cc(F)cc2c(NCC3CNC3)c(C(=O)Nc3ccc(C(=O)O)cc3)c(=O)[nH]c12,Constrained aromatic substitution,455.44600000000014,1.9962999999999997,155.57999999999998,7,7,7,3,33,0.95414435307314,0.8088235294117647,In-domain
CNc1cc(F)cc2c(NCC3CNC3)c(C(=O)Nc3ccc(C(=O)O)c(O)c3)c(=O)[nH]c12,CNc1cc(F)cc2c(NCC3CNC3)c(C(=O)Nc3ccc(C(=O)O)cc3)c(=O)[nH]c12,Constrained aromatic substitution,455.44600000000014,1.9962999999999997,155.57999999999998,7,7,7,3,33,0.9001538939023398,0.7971014492753623,In-domain
CNc1c(C#N)c(F)cc2c(NCC3CNC3)c(C(=O)Nc3ccc(C(=O)O)cc3)c(=O)[nH]c12,CNc1cc(F)cc2c(NCC3CNC3)c(C(=O)Nc3ccc(C(=O)O)cc3)c(=O)[nH]c12,Constrained aromatic substitution,464.45700000000016,2.1623799999999997,159.14000000000001,6,7,7,3,34,0.8844237048328374,0.7123287671232876,In-domain
CNc1cc(F)c(C#N)c2c(NCC3CNC3)c(C(=O)Nc3ccc(C(=O)O)cc3)c(=O)[nH]c12,CNc1cc(F)cc2c(NCC3CNC3)c(C(=O)Nc3ccc(C(=O)O)cc3)c(=O)[nH]c12,Constrained aromatic substitution,464.4570000000002,2.1623799999999997,159.14000000000001,6,7,7,3,34,0.9199253408822645,0.7027027027027027,In-domain
CNc1cc(F)cc2c(NCC3CNC3)c(C(=O)Nc3ccc(C(=O)O)cc3C#N)c(=O)[nH]c12,CNc1cc(F)cc2c(NCC3CNC3)c(C(=O)Nc3ccc(C(=O)O)cc3)c(=O)[nH]c12,Constrained aromatic substitution,464.45700000000016,2.1623799999999997,159.14,6,7,7,3,34,0.9550058456144687,0.7638888888888888,In-domain
CNc1cc(F)cc2c(NCC3CNC3)c(C(=O)Nc3ccc(C(=O)O)c(C#N)c3)c(=O)[nH]c12,CNc1cc(F)cc2c(NCC3CNC3)c(C(=O)Nc3ccc(C(=O)O)cc3)c(=O)[nH]c12,Constrained aromatic substitution,464.45700000000016,2.1623799999999997,159.14,6,7,7,3,34,0.8914895388099173,0.7534246575342466,In-domain
CCCCCN(CCCCC)Cc1c(NC(=O)c2cc3cc(F)cc(NC)c3[nH]c2=O)ccc(C(=O)O)c1C,CCCCCN(CCCCC)Cc1cc(C(=O)O)ccc1NC(=O)c1cc2cc(F)cc(NC)c2[nH]c1=O,Constrained aromatic substitution,538.6640000000002,6.1502200000000045,114.53000000000002,4,5,14,3,39,0.9283307232074408,0.7647058823529411,In-domain
CCCCCN(CCCCC)Cc1cc(C(=O)O)c(C)cc1NC(=O)c1cc2cc(F)cc(NC)c2[nH]c1=O,CCCCCN(CCCCC)Cc1cc(C(=O)O)ccc1NC(=O)c1cc2cc(F)cc(NC)c2[nH]c1=O,Constrained aromatic substitution,538.6640000000002,6.150220000000005,114.53,4,5,14,3,39,0.9319724154244919,0.8,In-domain
CCCCCN(CCCCC)Cc1cc(C(=O)O)cc(C)c1NC(=O)c1cc2cc(F)cc(NC)c2[nH]c1=O,CCCCCN(CCCCC)Cc1cc(C(=O)O)ccc1NC(=O)c1cc2cc(F)cc(NC)c2[nH]c1=O,Constrained aromatic substitution,538.6640000000002,6.150220000000005,114.53,4,5,14,3,39,0.9692307997604397,0.7910447761194029,In-domain
CCCCCN(CCCCC)Cc1cc(C(=O)O)ccc1NC(=O)c1c(C)c2cc(F)cc(NC)c2[nH]c1=O,CCCCCN(CCCCC)Cc1cc(C(=O)O)ccc1NC(=O)c1cc2cc(F)cc(NC)c2[nH]c1=O,Constrained aromatic substitution,538.6640000000002,6.150220000000005,114.53,4,5,14,3,39,0.9633316557941813,0.7536231884057971,In-domain
CCCCCN(CCCCC)Cc1cc(C(=O)O)ccc1NC(=O)c1cc2c(C)c(F)cc(NC)c2[nH]c1=O,CCCCCN(CCCCC)Cc1cc(C(=O)O)ccc1NC(=O)c1cc2cc(F)cc(NC)c2[nH]c1=O,Constrained aromatic substitution,538.6640000000002,6.150220000000005,114.53,4,5,14,3,39,0.9373502621757391,0.7794117647058824,In-domain
CCCCCN(CCCCC)Cc1cc(C(=O)O)ccc1NC(=O)c1cc2cc(F)c(C)c(NC)c2[nH]c1=O,CCCCCN(CCCCC)Cc1cc(C(=O)O)ccc1NC(=O)c1cc2cc(F)cc(NC)c2[nH]c1=O,Constrained aromatic substitution,538.6640000000002,6.150220000000005,114.53,4,5,14,3,39,0.9345731461491456,0.7794117647058824,In-domain
CCCCCN(CCCCC)Cc1c(NC(=O)c2cc3cc(F)cc(NC)c3[nH]c2=O)ccc(C(=O)O)c1F,CCCCCN(CCCCC)Cc1cc(C(=O)O)ccc1NC(=O)c1cc2cc(F)cc(NC)c2[nH]c1=O,Constrained aromatic substitution,542.6270000000003,5.9809000000000045,114.53000000000002,4,5,14,3,39,0.922183645742205,0.8,In-domain
CCCCCN(CCCCC)Cc1cc(C(=O)O)c(F)cc1NC(=O)c1cc2cc(F)cc(NC)c2[nH]c1=O,CCCCCN(CCCCC)Cc1cc(C(=O)O)ccc1NC(=O)c1cc2cc(F)cc(NC)c2[nH]c1=O,Constrained aromatic substitution,542.6270000000002,5.980900000000005,114.53,4,5,14,3,39,0.9160786419600272,0.8,In-domain
CCCCCN(CCCCC)Cc1cc(C(=O)O)cc(F)c1NC(=O)c1cc2cc(F)cc(NC)c2[nH]c1=O,CCCCCN(CCCCC)Cc1cc(C(=O)O)ccc1NC(=O)c1cc2cc(F)cc(NC)c2[nH]c1=O,Constrained aromatic substitution,542.6270000000002,5.980900000000005,114.53,4,5,14,3,39,0.9651821401774786,0.803030303030303,In-domain
CCCCCN(CCCCC)Cc1cc(C(=O)O)ccc1NC(=O)c1c(F)c2cc(F)cc(NC)c2[nH]c1=O,CCCCCN(CCCCC)Cc1cc(C(=O)O)ccc1NC(=O)c1cc2cc(F)cc(NC)c2[nH]c1=O,Constrained aromatic substitution,542.6270000000002,5.980900000000005,114.53,4,5,14,3,39,0.9636218691906057,0.7761194029850746,In-domain
CCCCCN(CCCCC)Cc1cc(C(=O)O)ccc1NC(=O)c1cc2c(F)c(F)cc(NC)c2[nH]c1=O,CCCCCN(CCCCC)Cc1cc(C(=O)O)ccc1NC(=O)c1cc2cc(F)cc(NC)c2[nH]c1=O,Constrained aromatic substitution,542.6270000000002,5.980900000000005,114.53,4,5,14,3,39,0.9331370059257552,0.7910447761194029,In-domain
CCCCCN(CCCCC)Cc1cc(C(=O)O)ccc1NC(=O)c1cc2cc(F)c(F)c(NC)c2[nH]c1=O,CCCCCN(CCCCC)Cc1cc(C(=O)O)ccc1NC(=O)c1cc2cc(F)cc(NC)c2[nH]c1=O,Constrained aromatic substitution,542.6270000000002,5.9809000000000045,114.53,4,5,14,3,39,0.9258274826741227,0.7910447761194029,In-domain
CCCCCN(CCCCC)Cc1c(NC(=O)c2cc3cc(F)cc(NC)c3[nH]c2=O)ccc(C(=O)O)c1Cl,CCCCCN(CCCCC)Cc1cc(C(=O)O)ccc1NC(=O)c1cc2cc(F)cc(NC)c2[nH]c1=O,Constrained aromatic substitution,559.0820000000002,6.495200000000005,114.53000000000002,4,5,14,3,39,0.9246200425178407,0.7536231884057971,In-domain
CCCCCN(CCCCC)Cc1cc(C(=O)O)c(Cl)cc1NC(=O)c1cc2cc(F)cc(NC)c2[nH]c1=O,CCCCCN(CCCCC)Cc1cc(C(=O)O)ccc1NC(=O)c1cc2cc(F)cc(NC)c2[nH]c1=O,Constrained aromatic substitution,559.0820000000001,6.495200000000006,114.53,4,5,14,3,39,0.9305712537353419,0.7761194029850746,In-domain
CCCCCN(CCCCC)Cc1cc(C(=O)O)cc(Cl)c1NC(=O)c1cc2cc(F)cc(NC)c2[nH]c1=O,CCCCCN(CCCCC)Cc1cc(C(=O)O)ccc1NC(=O)c1cc2cc(F)cc(NC)c2[nH]c1=O,Constrained aromatic substitution,559.0820000000001,6.495200000000006,114.53,4,5,14,3,39,0.9571498371306849,0.7794117647058824,In-domain
CCCCCN(CCCCC)Cc1cc(C(=O)O)ccc1NC(=O)c1c(Cl)c2cc(F)cc(NC)c2[nH]c1=O,CCCCCN(CCCCC)Cc1cc(C(=O)O)ccc1NC(=O)c1cc2cc(F)cc(NC)c2[nH]c1=O,Constrained aromatic substitution,559.0820000000002,6.495200000000006,114.53,4,5,14,3,39,0.9560891207929187,0.7428571428571429,In-domain
CCCCCN(CCCCC)Cc1cc(C(=O)O)ccc1NC(=O)c1cc2c(Cl)c(F)cc(NC)c2[nH]c1=O,CCCCCN(CCCCC)Cc1cc(C(=O)O)ccc1NC(=O)c1cc2cc(F)cc(NC)c2[nH]c1=O,Constrained aromatic substitution,559.0820000000001,6.495200000000006,114.53,4,5,14,3,39,0.9375927228141854,0.7681159420289855,In-domain
CCCCCN(CCCCC)Cc1cc(C(=O)O)ccc1NC(=O)c1cc2cc(F)c(Cl)c(NC)c2[nH]c1=O,CCCCCN(CCCCC)Cc1cc(C(=O)O)ccc1NC(=O)c1cc2cc(F)cc(NC)c2[nH]c1=O,Constrained aromatic substitution,559.0820000000001,6.495200000000006,114.53,4,5,14,3,39,0.9317679127404519,0.7681159420289855,In-domain
CCCCCN(CCCCC)Cc1c(NC(=O)c2cc3cc(F)cc(NC)c3[nH]c2=O)ccc(C(=O)O)c1O,CCCCCN(CCCCC)Cc1cc(C(=O)O)ccc1NC(=O)c1cc2cc(F)cc(NC)c2[nH]c1=O,Constrained aromatic substitution,540.6360000000003,5.547400000000004,134.76000000000002,5,6,14,3,39,0.9174307986629363,0.7647058823529411,In-domain
CCCCCN(CCCCC)Cc1cc(C(=O)O)c(O)cc1NC(=O)c1cc2cc(F)cc(NC)c2[nH]c1=O,CCCCCN(CCCCC)Cc1cc(C(=O)O)ccc1NC(=O)c1cc2cc(F)cc(NC)c2[nH]c1=O,Constrained aromatic substitution,540.6360000000002,5.547400000000005,134.76,5,6,14,3,39,0.9327350766027223,0.7878787878787878,In-domain
CCCCCN(CCCCC)Cc1cc(C(=O)O)cc(O)c1NC(=O)c1cc2cc(F)cc(NC)c2[nH]c1=O,CCCCCN(CCCCC)Cc1cc(C(=O)O)ccc1NC(=O)c1cc2cc(F)cc(NC)c2[nH]c1=O,Constrained aromatic substitution,540.6360000000002,5.547400000000005,134.76,5,6,14,3,39,0.9387994372034281,0.7910447761194029,In-domain
CCCCCN(CCCCC)Cc1cc(C(=O)O)ccc1NC(=O)c1c(O)c2cc(F)cc(NC)c2[nH]c1=O,CCCCCN(CCCCC)Cc1cc(C(=O)O)ccc1NC(=O)c1cc2cc(F)cc(NC)c2[nH]c1=O,Constrained aromatic substitution,540.6360000000002,5.547400000000005,134.76000000000002,5,6,14,3,39,0.9674601904222294,0.7536231884057971,In-domain
CCCCCN(CCCCC)Cc1cc(C(=O)O)ccc1NC(=O)c1cc2c(O)c(F)cc(NC)c2[nH]c1=O,CCCCCN(CCCCC)Cc1cc(C(=O)O)ccc1NC(=O)c1cc2cc(F)cc(NC)c2[nH]c1=O,Constrained aromatic substitution,540.6360000000002,5.547400000000005,134.76000000000002,5,6,14,3,39,0.9364483605876073,0.7910447761194029,In-domain
CCCCCN(CCCCC)Cc1cc(C(=O)O)ccc1NC(=O)c1cc2cc(F)c(O)c(NC)c2[nH]c1=O,CCCCCN(CCCCC)Cc1cc(C(=O)O)ccc1NC(=O)c1cc2cc(F)cc(NC)c2[nH]c1=O,Constrained aromatic substitution,540.6360000000002,5.547400000000005,134.76000000000002,5,6,14,3,39,0.9263731518928126,0.7910447761194029,In-domain
CCCCCN(CCCCC)Cc1c(NC(=O)c2cc3cc(F)cc(NC)c3[nH]c2=O)ccc(C(=O)O)c1C#N,CCCCCN(CCCCC)Cc1cc(C(=O)O)ccc1NC(=O)c1cc2cc(F)cc(NC)c2[nH]c1=O,Constrained aromatic substitution,549.6470000000002,5.713480000000004,138.32000000000002,4,6,14,3,40,0.9296827114171606,0.7323943661971831,In-domain
CCCCCN(CCCCC)Cc1cc(C(=O)O)c(C#N)cc1NC(=O)c1cc2cc(F)cc(NC)c2[nH]c1=O,CCCCCN(CCCCC)Cc1cc(C(=O)O)ccc1NC(=O)c1cc2cc(F)cc(NC)c2[nH]c1=O,Constrained aromatic substitution,549.6470000000003,5.713480000000004,138.32,4,6,14,3,40,0.9313784932967003,0.7428571428571429,In-domain
CCCCCN(CCCCC)Cc1cc(C(=O)O)cc(C#N)c1NC(=O)c1cc2cc(F)cc(NC)c2[nH]c1=O,CCCCCN(CCCCC)Cc1cc(C(=O)O)ccc1NC(=O)c1cc2cc(F)cc(NC)c2[nH]c1=O,Constrained aromatic substitution,549.6470000000003,5.713480000000004,138.32,4,6,14,3,40,0.9630310315843595,0.7464788732394366,In-domain
CCCCCN(CCCCC)Cc1cc(C(=O)O)ccc1NC(=O)c1c(C#N)c2cc(F)cc(NC)c2[nH]c1=O,CCCCCN(CCCCC)Cc1cc(C(=O)O)ccc1NC(=O)c1cc2cc(F)cc(NC)c2[nH]c1=O,Constrained aromatic substitution,549.6470000000003,5.713480000000004,138.32,4,6,14,3,40,0.9644620640264078,0.7123287671232876,In-domain
CCCCCN(CCCCC)Cc1cc(C(=O)O)ccc1NC(=O)c1cc2c(C#N)c(F)cc(NC)c2[nH]c1=O,CCCCCN(CCCCC)Cc1cc(C(=O)O)ccc1NC(=O)c1cc2cc(F)cc(NC)c2[nH]c1=O,Constrained aromatic substitution,549.6470000000003,5.713480000000004,138.32,4,6,14,3,40,0.9316240318390148,0.7361111111111112,In-domain
CCCCCN(CCCCC)Cc1cc(C(=O)O)ccc1NC(=O)c1cc2cc(F)c(C#N)c(NC)c2[nH]c1=O,CCCCCN(CCCCC)Cc1cc(C(=O)O)ccc1NC(=O)c1cc2cc(F)cc(NC)c2[nH]c1=O,Constrained aromatic substitution,549.6470000000003,5.713480000000004,138.32,4,6,14,3,40,0.9270104235462941,0.7361111111111112,In-domain
CNc1c(C)c(F)cc2c(NCCN)c(C(=O)Nc3ccc(C(=O)O)cc3)c(=O)[nH]c12,CNc1cc(F)cc2c(NCCN)c(C(=O)Nc3ccc(C(=O)O)cc3)c(=O)[nH]c12,Constrained aromatic substitution,427.43600000000015,2.33842,149.34,6,6,7,3,31,0.8753506365981569,0.75,In-domain
CNc1cc(F)c(C)c2c(NCCN)c(C(=O)Nc3ccc(C(=O)O)cc3)c(=O)[nH]c12,CNc1cc(F)cc2c(NCCN)c(C(=O)Nc3ccc(C(=O)O)cc3)c(=O)[nH]c12,Constrained aromatic substitution,427.43600000000015,2.33842,149.34,6,6,7,3,31,0.9274366363686253,0.7384615384615385,In-domain
CNc1cc(F)cc2c(NCCN)c(C(=O)Nc3ccc(C(=O)O)cc3C)c(=O)[nH]c12,CNc1cc(F)cc2c(NCCN)c(C(=O)Nc3ccc(C(=O)O)cc3)c(=O)[nH]c12,Constrained aromatic substitution,427.43600000000015,2.33842,149.34,6,6,7,3,31,0.974458179178722,0.796875,In-domain
CNc1cc(F)cc2c(NCCN)c(C(=O)Nc3ccc(C(=O)O)c(C)c3)c(=O)[nH]c12,CNc1cc(F)cc2c(NCCN)c(C(=O)Nc3ccc(C(=O)O)cc3)c(=O)[nH]c12,Constrained aromatic substitution,427.43600000000015,2.33842,149.34,6,6,7,3,31,0.9111903448879849,0.8125,In-domain
CNc1c(F)c(F)cc2c(NCCN)c(C(=O)Nc3ccc(C(=O)O)cc3)c(=O)[nH]c12,CNc1cc(F)cc2c(NCCN)c(C(=O)Nc3ccc(C(=O)O)cc3)c(=O)[nH]c12,Constrained aromatic substitution,431.39900000000017,2.1691,149.34,6,6,7,3,31,0.8777248877768166,0.7619047619047619,In-domain
CNc1cc(F)c(F)c2c(NCCN)c(C(=O)Nc3ccc(C(=O)O)cc3)c(=O)[nH]c12,CNc1cc(F)cc2c(NCCN)c(C(=O)Nc3ccc(C(=O)O)cc3)c(=O)[nH]c12,Constrained aromatic substitution,431.39900000000017,2.1691,149.34,6,6,7,3,31,0.9292762334087067,0.75,In-domain
CNc1cc(F)cc2c(NCCN)c(C(=O)Nc3ccc(C(=O)O)cc3F)c(=O)[nH]c12,CNc1cc(F)cc2c(NCCN)c(C(=O)Nc3ccc(C(=O)O)cc3)c(=O)[nH]c12,Constrained aromatic substitution,431.3990000000001,2.1691000000000003,149.34,6,6,7,3,31,0.9651074843733597,0.8225806451612904,In-domain
CNc1cc(F)cc2c(NCCN)c(C(=O)Nc3ccc(C(=O)O)c(F)c3)c(=O)[nH]c12,CNc1cc(F)cc2c(NCCN)c(C(=O)Nc3ccc(C(=O)O)cc3)c(=O)[nH]c12,Constrained aromatic substitution,431.3990000000001,2.1691000000000003,149.34,6,6,7,3,31,0.9017023199827009,0.8095238095238095,In-domain
CNc1c(Cl)c(F)cc2c(NCCN)c(C(=O)Nc3ccc(C(=O)O)cc3)c(=O)[nH]c12,CNc1cc(F)cc2c(NCCN)c(C(=O)Nc3ccc(C(=O)O)cc3)c(=O)[nH]c12,Constrained aromatic substitution,447.85400000000016,2.6834,149.34,6,6,7,3,31,0.8795078345554265,0.7384615384615385,In-domain
CNc1cc(F)c(Cl)c2c(NCCN)c(C(=O)Nc3ccc(C(=O)O)cc3)c(=O)[nH]c12,CNc1cc(F)cc2c(NCCN)c(C(=O)Nc3ccc(C(=O)O)cc3)c(=O)[nH]c12,Constrained aromatic substitution,447.85400000000016,2.6834,149.34,6,6,7,3,31,0.9254281228493035,0.7272727272727273,In-domain
CNc1cc(F)cc2c(NCCN)c(C(=O)Nc3ccc(C(=O)O)cc3Cl)c(=O)[nH]c12,CNc1cc(F)cc2c(NCCN)c(C(=O)Nc3ccc(C(=O)O)cc3)c(=O)[nH]c12,Constrained aromatic substitution,447.85400000000016,2.6834,149.34,6,6,7,3,31,0.9681071555365424,0.7846153846153846,In-domain
CNc1cc(F)cc2c(NCCN)c(C(=O)Nc3ccc(C(=O)O)c(Cl)c3)c(=O)[nH]c12,CNc1cc(F)cc2c(NCCN)c(C(=O)Nc3ccc(C(=O)O)cc3)c(=O)[nH]c12,Constrained aromatic substitution,447.85400000000016,2.6834,149.34,6,6,7,3,31,0.8904273630113492,0.7727272727272727,In-domain
CNc1c(O)c(F)cc2c(NCCN)c(C(=O)Nc3ccc(C(=O)O)cc3)c(=O)[nH]c12,CNc1cc(F)cc2c(NCCN)c(C(=O)Nc3ccc(C(=O)O)cc3)c(=O)[nH]c12,Constrained aromatic substitution,429.40800000000013,1.7356,169.56999999999996,7,7,7,3,31,0.8641469060717193,0.75,In-domain
CNc1cc(F)c(O)c2c(NCCN)c(C(=O)Nc3ccc(C(=O)O)cc3)c(=O)[nH]c12,CNc1cc(F)cc2c(NCCN)c(C(=O)Nc3ccc(C(=O)O)cc3)c(=O)[nH]c12,Constrained aromatic substitution,429.40800000000013,1.7356,169.56999999999996,7,7,7,3,31,0.9187999620400775,0.7384615384615385,In-domain
CNc1cc(F)cc2c(NCCN)c(C(=O)Nc3ccc(C(=O)O)cc3O)c(=O)[nH]c12,CNc1cc(F)cc2c(NCCN)c(C(=O)Nc3ccc(C(=O)O)cc3)c(=O)[nH]c12,Constrained aromatic substitution,429.40800000000013,1.7356,169.57,7,7,7,3,31,0.9625044696806205,0.796875,In-domain
CNc1cc(F)cc2c(NCCN)c(C(=O)Nc3ccc(C(=O)O)c(O)c3)c(=O)[nH]c12,CNc1cc(F)cc2c(NCCN)c(C(=O)Nc3ccc(C(=O)O)cc3)c(=O)[nH]c12,Constrained aromatic substitution,429.40800000000013,1.7356,169.57,7,7,7,3,31,0.8935852911115084,0.7846153846153846,In-domain
CNc1c(C#N)c(F)cc2c(NCCN)c(C(=O)Nc3ccc(C(=O)O)cc3)c(=O)[nH]c12,CNc1cc(F)cc2c(NCCN)c(C(=O)Nc3ccc(C(=O)O)cc3)c(=O)[nH]c12,Constrained aromatic substitution,438.4190000000001,1.90168,173.12999999999997,6,7,7,3,32,0.8878901112301277,0.7058823529411765,In-domain
CNc1cc(F)c(C#N)c2c(NCCN)c(C(=O)Nc3ccc(C(=O)O)cc3)c(=O)[nH]c12,CNc1cc(F)cc2c(NCCN)c(C(=O)Nc3ccc(C(=O)O)cc3)c(=O)[nH]c12,Constrained aromatic substitution,438.41900000000015,1.90168,173.12999999999997,6,7,7,3,32,0.9313659905982898,0.6956521739130435,In-domain
CNc1cc(F)cc2c(NCCN)c(C(=O)Nc3ccc(C(=O)O)cc3C#N)c(=O)[nH]c12,CNc1cc(F)cc2c(NCCN)c(C(=O)Nc3ccc(C(=O)O)cc3)c(=O)[nH]c12,Constrained aromatic substitution,438.41900000000015,1.90168,173.13,6,7,7,3,32,0.9671918086972304,0.75,In-domain
CNc1cc(F)cc2c(NCCN)c(C(=O)Nc3ccc(C(=O)O)c(C#N)c3)c(=O)[nH]c12,CNc1cc(F)cc2c(NCCN)c(C(=O)Nc3ccc(C(=O)O)cc3)c(=O)[nH]c12,Constrained aromatic substitution,438.41900000000015,1.90168,173.13,6,7,7,3,32,0.8909029448258406,0.7391304347826086,In-domain
CNc1c(C)c(F)cc2cc(C(=O)Nc3cnc(C(=O)O)nc3)c(=O)[nH]c12,CNc1cc(F)cc2cc(C(=O)Nc3cnc(C(=O)O)nc3)c(=O)[nH]c12,Constrained aromatic substitution,371.3280000000001,1.7578199999999995,137.07,4,6,4,3,27,0.8474176764816523,0.7017543859649122,In-domain
CNc1cc(F)c(C)c2cc(C(=O)Nc3cnc(C(=O)O)nc3)c(=O)[nH]c12,CNc1cc(F)cc2cc(C(=O)Nc3cnc(C(=O)O)nc3)c(=O)[nH]c12,Constrained aromatic substitution,371.32800000000015,1.7578199999999997,137.07,4,6,4,3,27,0.8705496384922827,0.7017543859649122,In-domain
CNc1cc(F)cc2c(C)c(C(=O)Nc3cnc(C(=O)O)nc3)c(=O)[nH]c12,CNc1cc(F)cc2cc(C(=O)Nc3cnc(C(=O)O)nc3)c(=O)[nH]c12,Constrained aromatic substitution,371.3280000000001,1.7578199999999997,137.07,4,6,4,3,27,0.8990458612962552,0.6724137931034483,In-domain
CNc1cc(F)cc2cc(C(=O)Nc3cnc(C(=O)O)nc3C)c(=O)[nH]c12,CNc1cc(F)cc2cc(C(=O)Nc3cnc(C(=O)O)nc3)c(=O)[nH]c12,Constrained aromatic substitution,371.32800000000015,1.7578199999999997,137.07,4,6,4,3,27,0.9471443265964663,0.7636363636363637,In-domain
CNc1c(F)c(F)cc2cc(C(=O)Nc3cnc(C(=O)O)nc3)c(=O)[nH]c12,CNc1cc(F)cc2cc(C(=O)Nc3cnc(C(=O)O)nc3)c(=O)[nH]c12,Constrained aromatic substitution,375.2910000000001,1.5884999999999991,137.07,4,6,4,3,27,0.8413558647947837,0.7142857142857143,In-domain
CNc1cc(F)c(F)c2cc(C(=O)Nc3cnc(C(=O)O)nc3)c(=O)[nH]c12,CNc1cc(F)cc2cc(C(=O)Nc3cnc(C(=O)O)nc3)c(=O)[nH]c12,Constrained aromatic substitution,375.2910000000001,1.5884999999999991,137.07,4,6,4,3,27,0.8691617617053891,0.7142857142857143,In-domain
CNc1cc(F)cc2c(F)c(C(=O)Nc3cnc(C(=O)O)nc3)c(=O)[nH]c12,CNc1cc(F)cc2cc(C(=O)Nc3cnc(C(=O)O)nc3)c(=O)[nH]c12,Constrained aromatic substitution,375.2910000000001,1.5884999999999996,137.07,4,6,4,3,27,0.8946313332926755,0.6842105263157895,In-domain
CNc1cc(F)cc2cc(C(=O)Nc3cnc(C(=O)O)nc3F)c(=O)[nH]c12,CNc1cc(F)cc2cc(C(=O)Nc3cnc(C(=O)O)nc3)c(=O)[nH]c12,Constrained aromatic substitution,375.2910000000001,1.5884999999999996,137.07,4,6,4,3,27,0.9548616431911174,0.7777777777777778,In-domain
CNc1c(Cl)c(F)cc2cc(C(=O)Nc3cnc(C(=O)O)nc3)c(=O)[nH]c12,CNc1cc(F)cc2cc(C(=O)Nc3cnc(C(=O)O)nc3)c(=O)[nH]c12,Constrained aromatic substitution,391.74600000000015,2.1027999999999993,137.07,4,6,4,3,27,0.852887773857487,0.6896551724137931,In-domain
CNc1cc(F)c(Cl)c2cc(C(=O)Nc3cnc(C(=O)O)nc3)c(=O)[nH]c12,CNc1cc(F)cc2cc(C(=O)Nc3cnc(C(=O)O)nc3)c(=O)[nH]c12,Constrained aromatic substitution,391.74600000000015,2.1027999999999993,137.07,4,6,4,3,27,0.8745815986233548,0.6896551724137931,In-domain
CNc1cc(F)cc2c(Cl)c(C(=O)Nc3cnc(C(=O)O)nc3)c(=O)[nH]c12,CNc1cc(F)cc2cc(C(=O)Nc3cnc(C(=O)O)nc3)c(=O)[nH]c12,Constrained aromatic substitution,391.74600000000015,2.1028,137.07,4,6,4,3,27,0.898748174004443,0.6610169491525424,In-domain
CNc1cc(F)cc2cc(C(=O)Nc3cnc(C(=O)O)nc3Cl)c(=O)[nH]c12,CNc1cc(F)cc2cc(C(=O)Nc3cnc(C(=O)O)nc3)c(=O)[nH]c12,Constrained aromatic substitution,391.7460000000001,2.1028,137.07,4,6,4,3,27,0.9534391197217883,0.75,In-domain
CNc1c(O)c(F)cc2cc(C(=O)Nc3cnc(C(=O)O)nc3)c(=O)[nH]c12,CNc1cc(F)cc2cc(C(=O)Nc3cnc(C(=O)O)nc3)c(=O)[nH]c12,Constrained aromatic substitution,373.3000000000001,1.1549999999999994,157.29999999999998,5,7,4,3,27,0.8298972094730834,0.7017543859649122,In-domain
CNc1cc(F)c(O)c2cc(C(=O)Nc3cnc(C(=O)O)nc3)c(=O)[nH]c12,CNc1cc(F)cc2cc(C(=O)Nc3cnc(C(=O)O)nc3)c(=O)[nH]c12,Constrained aromatic substitution,373.3000000000001,1.1549999999999994,157.29999999999998,5,7,4,3,27,0.8696279793783375,0.7017543859649122,In-domain
CNc1cc(F)cc2c(O)c(C(=O)Nc3cnc(C(=O)O)nc3)c(=O)[nH]c12,CNc1cc(F)cc2cc(C(=O)Nc3cnc(C(=O)O)nc3)c(=O)[nH]c12,Constrained aromatic substitution,373.3000000000001,1.1549999999999998,157.29999999999998,5,7,4,3,27,0.8994663581286149,0.7192982456140351,In-domain
CNc1cc(F)cc2cc(C(=O)Nc3cnc(C(=O)O)nc3O)c(=O)[nH]c12,CNc1cc(F)cc2cc(C(=O)Nc3cnc(C(=O)O)nc3)c(=O)[nH]c12,Constrained aromatic substitution,373.3000000000001,1.1549999999999996,157.3,5,7,4,3,27,0.953108789389041,0.7636363636363637,In-domain
CNc1c(C#N)c(F)cc2cc(C(=O)Nc3cnc(C(=O)O)nc3)c(=O)[nH]c12,CNc1cc(F)cc2cc(C(=O)Nc3cnc(C(=O)O)nc3)c(=O)[nH]c12,Constrained aromatic substitution,382.3110000000001,1.3210799999999998,160.85999999999999,4,7,4,3,28,0.8461601510565919,0.6557377049180327,In-domain
CNc1cc(F)c(C#N)c2cc(C(=O)Nc3cnc(C(=O)O)nc3)c(=O)[nH]c12,CNc1cc(F)cc2cc(C(=O)Nc3cnc(C(=O)O)nc3)c(=O)[nH]c12,Constrained aromatic substitution,382.31100000000015,1.3210799999999996,160.85999999999999,4,7,4,3,28,0.8739065112291143,0.6557377049180327,In-domain
CNc1cc(F)cc2c(C#N)c(C(=O)Nc3cnc(C(=O)O)nc3)c(=O)[nH]c12,CNc1cc(F)cc2cc(C(=O)Nc3cnc(C(=O)O)nc3)c(=O)[nH]c12,Constrained aromatic substitution,382.3110000000001,1.3210799999999998,160.85999999999999,4,7,4,3,28,0.9033254316746865,0.6290322580645161,In-domain
CNc1cc(F)cc2cc(C(=O)Nc3cnc(C(=O)O)nc3C#N)c(=O)[nH]c12,CNc1cc(F)cc2cc(C(=O)Nc3cnc(C(=O)O)nc3)c(=O)[nH]c12,Constrained aromatic substitution,382.31100000000015,1.3210799999999998,160.85999999999999,4,7,4,3,28,0.9440782996359399,0.7241379310344828,In-domain
