Canonical_SMILES,pIC50,IC50_nM,n_measurements,MW,LogP,TPSA,HBD,HBA,Rotatable_Bonds,Aromatic_Rings,Heavy_Atoms,Murcko_Scaffold,Activity_Class
C#CCCC[C@H](NC(=O)c1ccc(NC(=O)c2ccc(C#N)cc2)cc1)C(=O)Nc1ccc(C(=O)Nc2ccc(C(=O)Nc3ccc(C(=O)O)cc3)c(O)c2OC(C)C)cc1,6.638272163982407,230.0,1,820.8590000000002,7.046780000000006,236.04999999999995,7.0,9.0,16.0,5.0,61.0,O=C(CNC(=O)c1ccc(NC(=O)c2ccccc2)cc1)Nc1ccc(C(=O)Nc2ccc(C(=O)Nc3ccccc3)cc2)cc1,1
C#CCC[C@H](NC(=O)c1ccc(NC(=O)c2ccc(C#N)cc2)cc1)C(=O)Nc1ccc(C(=O)Nc2ccc(C(=O)Nc3ccc(C(=O)O)cc3)c(O)c2OC(C)C)cc1,6.6777807052660805,210.0,1,806.8320000000001,6.656680000000006,236.04999999999995,7.0,9.0,15.0,5.0,60.0,O=C(CNC(=O)c1ccc(NC(=O)c2ccccc2)cc1)Nc1ccc(C(=O)Nc2ccc(C(=O)Nc3ccccc3)cc2)cc1,1
C#CC[C@H](NC(=O)c1ccc(NC(=O)c2ccc(C#N)cc2)cc1)C(=O)Nc1ccc(C(=O)Nc2ccc(C(=O)Nc3ccc(C(=O)O)cc3)c(O)c2OC(C)C)cc1,6.638272163982407,230.0,1,792.8050000000002,6.266580000000005,236.04999999999995,7.0,9.0,14.0,5.0,59.0,O=C(CNC(=O)c1ccc(NC(=O)c2ccccc2)cc1)Nc1ccc(C(=O)Nc2ccc(C(=O)Nc3ccccc3)cc2)cc1,1
C=C1CC[C@@H](O[C@H]2C[C@@](O)([C@H](C)NC(=O)c3[nH]c(C)c(Cl)c3Cl)[C@H](O)[C@@H](C)O2)[C@@H]2CC[C@H](C)[C@H](/C(O)=C3\C(=O)[C@H](C(C)C)N([C@@H]4O[C@@H](C)[C@@H](OC(N)=O)[C@@H](OC(C)=O)[C@H]4OC)C3=O)[C@@H]12,7.590228032229065,35.5,2,941.9,4.3922200000000045,258.5,6.0,14.0,11.0,1.0,64.0,C=C1CCC(OC2CC(CNC(=O)c3ccc[nH]3)CCO2)C2CCCC(C=C3C(=O)CN(C4CCCCO4)C3=O)C12,1
C=C1CC[C@@H](O[C@H]2C[C@@](O)([C@H](C)NC(=O)c3[nH]cc(Cl)c3Cl)[C@H](O)[C@@H](C)O2)[C@@H]2CC[C@H](C)[C@H](/C(O)=C3\C(=O)[C@H](C(C)C)N([C@@H]4O[C@@H](C)[C@@H](OC(N)=O)[C@@H](OC(C)=O)[C@H]4OC)C3=O)[C@@H]12,7.673393743112328,29.5,2,927.8730000000002,4.083800000000004,258.5,6.0,14.0,11.0,1.0,63.0,C=C1CCC(OC2CC(CNC(=O)c3ccc[nH]3)CCO2)C2CCCC(C=C3C(=O)CN(C4CCCCO4)C3=O)C12,1
C=CC[C@H](NC(=O)c1ccc(NC(=O)c2ccc(C#N)cc2)cc1)C(=O)Nc1ccc(C(=O)Nc2ccc(C(=O)Nc3ccc(C(=O)O)cc3)c(O)c2OC(C)C)cc1,6.309803919971486,490.0,1,794.8210000000001,6.819380000000006,236.04999999999995,7.0,9.0,15.0,5.0,59.0,O=C(CNC(=O)c1ccc(NC(=O)c2ccccc2)cc1)Nc1ccc(C(=O)Nc2ccc(C(=O)Nc3ccccc3)cc2)cc1,1
C=CCc1cc(C(=O)Nc2c(O)c3ccc(O[C@@H]4OC(C)(C)[C@H](OC)[C@@H](O)[C@H]4OC(=O)c4ccc(C)[nH]4)c(C)c3oc2=O)ccc1O,5.946052599802561,1623.5,2,648.6650000000003,4.245140000000004,189.78,5.0,11.0,9.0,4.0,47.0,O=C(Nc1cc2ccc(OC3OCCCC3OC(=O)c3ccc[nH]3)cc2oc1=O)c1ccccc1,0
C=CCc1cc(C(=O)Nc2c(O)c3ccc(O[C@@H]4OC(C)(C)[C@H](OC)[C@@H](OC(=O)c5ccc(C)[nH]5)[C@H]4O)c(C)c3oc2=O)ccc1O,7.202031546865413,75.0,2,648.6650000000003,4.245140000000004,189.78,5.0,11.0,9.0,4.0,47.0,O=C(Nc1cc2ccc(OC3CC(OC(=O)c4ccc[nH]4)CCO3)cc2oc1=O)c1ccccc1,1
C=C[C@H]1C[C@@]1(NC(=O)c1ccc(NC(=O)c2ccc(C#N)cc2)cc1)C(=O)Nc1ccc(C(=O)Nc2ccc(C(=O)Nc3ccc(C(=O)O)cc3)c(O)c2OC(C)C)cc1,6.7447274948966935,180.0,1,806.8320000000001,6.819380000000006,236.04999999999995,7.0,9.0,14.0,5.0,60.0,O=C(Nc1ccc(C(=O)NC2(C(=O)Nc3ccc(C(=O)Nc4ccc(C(=O)Nc5ccccc5)cc4)cc3)CC2)cc1)c1ccccc1,1
CC(=O)N1CCN(c2noc3c(F)c4c(cc23)CC2(C(=O)NC(=O)NC2=O)[C@H]2[C@H](C)O[C@H](C)CN42)CC1,5.080921907623926,8300.0,1,514.5140000000004,0.526100000000001,137.32,2.0,9.0,1.0,2.0,37.0,O=C1NC(=O)C2(Cc3cc4c(N5CCNCC5)noc4cc3N3CCOCC32)C(=O)N1,0
CC(=O)NC(=S)NNC(=O)c1ccc(C2CCCCC2)cc1,5.723538195826756,1890.0,1,319.4300000000001,2.3897000000000004,70.23,3.0,3.0,2.0,1.0,22.0,c1ccc(C2CCCCC2)cc1,0
CC(=O)NC1CN(C(=O)c2noc3c(F)c4c(cc23)CC2(C(=O)NC(=O)NC2=O)[C@H]2[C@H](C)O[C@H](C)CN42)C1,6.0,1000.0,1,528.4970000000003,-0.1818999999999974,163.17999999999998,3.0,9.0,2.0,2.0,38.0,O=C1NC(=O)C2(Cc3cc4c(C(=O)N5CCC5)noc4cc3N3CCOCC32)C(=O)N1,1
CC(=O)NC[C@H]1CN(c2ccc(OCC3CCN(c4nc5c(cc4F)c(=O)c(C(=O)O)cn5C4CC4)C3)c(F)c2)C(=O)O1,5.698970004336019,2000.0,1,597.5750000000003,3.0744,143.3,2.0,8.0,9.0,3.0,43.0,O=C1OCCN1c1ccc(OCC2CCN(c3ccc4c(=O)ccn(C5CC5)c4n3)C2)cc1,0
CC(=O)NC[C@H]1CN(c2ccc(O[C@H]3CCN(c4nc5c(cc4F)c(=O)c(C(=O)O)cn5C4CC4)C3)c(F)c2)C(=O)O1,5.0,10000.0,1,583.5480000000002,2.8268000000000004,143.3,2.0,8.0,8.0,3.0,42.0,O=C1OCCN1c1ccc(OC2CCN(c3ccc4c(=O)ccn(C5CC5)c4n3)C2)cc1,0
CC(=O)Nc1ccc2c(c1)sc(=NC(=O)c1[nH]c(C)c(Cl)c1Cl)n2CCc1ccccc1,6.2076083105017466,620.0,1,487.41200000000026,5.588320000000004,79.25,2.0,3.0,5.0,4.0,32.0,O=C(N=c1sc2ccccc2n1CCc1ccccc1)c1ccc[nH]1,1
CC(=O)Nc1ccc2c(c1)sc(=NC(=O)c1[nH]c(C)c(Cl)c1Cl)n2Cc1ccc(C(=O)O)cc1,6.221848749616356,600.0,1,517.3940000000003,5.092120000000003,116.55,3.0,4.0,5.0,4.0,34.0,O=C(N=c1sc2ccccc2n1Cc1ccccc1)c1ccc[nH]1,1
CC(=O)Nc1ccc2c(c1)sc(=NC(=O)c1[nH]c(C)c(Cl)c1Cl)n2Cc1cccc(C(=O)O)c1,7.0,100.0,1,517.3940000000003,5.092120000000003,116.55,3.0,4.0,5.0,4.0,34.0,O=C(N=c1sc2ccccc2n1Cc1ccccc1)c1ccc[nH]1,1
CC(=O)Nc1ccc2c(c1)sc(=NC(=O)c1[nH]c(C)c(Cl)c1Cl)n2Cc1ccccc1,5.236572006437063,5800.0,1,473.3850000000002,5.393920000000003,79.25,2.0,3.0,4.0,4.0,31.0,O=C(N=c1sc2ccccc2n1Cc1ccccc1)c1ccc[nH]1,0
CC(=O)Nc1ccn(-c2noc3c(F)c4c(cc23)CC2(C(=O)NC(=O)NC2=O)[C@H]2[C@H](C)O[C@H](C)CN42)n1,5.508638306165727,3100.0,1,511.4700000000002,1.0016999999999996,160.69,3.0,9.0,2.0,3.0,37.0,O=C1NC(=O)C2(Cc3cc4c(-n5cccn5)noc4cc3N3CCOCC32)C(=O)N1,0
CC(=O)Nc1nc2c(s1)C[C@@H](NC(=O)c1cc(Br)c(Br)[nH]1)CC2,6.823908740944319,150.0,1,462.1670000000001,3.241900000000001,86.88,3.0,4.0,3.0,2.0,23.0,O=C(NC1CCc2ncsc2C1)c1ccc[nH]1,1
CC(=O)Nc1nc2ccc(NC(=O)c3[nH]c(C)c(Cl)c3Cl)cc2s1,7.180456064458132,66.0,1,383.2600000000001,4.450320000000001,86.88,3.0,4.0,3.0,3.0,24.0,O=C(Nc1ccc2ncsc2c1)c1ccc[nH]1,1
CC(=O)Nc1noc2c(F)c3c(cc12)CC1(C(=O)NC(=O)NC1=O)[C@H]1[C@H](C)O[C@H](C)CN31,6.096910013008056,800.0,1,445.40700000000015,0.8159999999999998,142.86999999999998,3.0,8.0,1.0,2.0,32.0,O=C1NC(=O)C2(Cc3cc4cnoc4cc3N3CCOCC32)C(=O)N1,1
CC(C(=O)Nc1ccc(S(=O)(=O)Nc2cnc3ccccc3n2)cc1)N1CCN(c2cc3c(cc2F)c(=O)c(C(=O)O)cn3C2CC2)CC1,5.841637507904751,1440.0,1,685.738,4.066900000000002,166.82999999999998,3.0,9.0,9.0,5.0,49.0,O=C(CN1CCN(c2ccc3c(=O)ccn(C4CC4)c3c2)CC1)Nc1ccc(S(=O)(=O)Nc2cnc3ccccc3n2)cc1,0
CC(C(=O)Nc1ccc(S(N)(=O)=O)cc1)N1CCN(c2cc3c(cc2F)c(=O)c(C(=O)O)cn3C2CC2)CC1,5.247951552180561,5650.0,1,557.6040000000003,1.9703,155.04,3.0,7.0,7.0,3.0,39.0,O=C(CN1CCN(c2ccc3c(=O)ccn(C4CC4)c3c2)CC1)Nc1ccccc1,0
CC(C)C(=O)Oc1c2c(c(C(=O)C(C)C)c3c1[C@@H](C(C)C)C1=C(O3)C(C)(C)C(=O)C(C)(C)C1=O)OC1=C(C(=O)C(C)(C)C(=O)C1(C)C)[C@H]2C(C)C,6.929118384862106,186.0,2,702.8850000000001,8.267300000000008,130.11,0.0,9.0,6.0,1.0,51.0,O=C1CC(=O)C2=C(C1)Oc1cc3c(cc1C2)CC1=C(CC(=O)CC1=O)O3,1
CC(C)C(=O)c1c2c(c(O)c3c1OC1=C(C(=O)C(C)(C)C(=O)C1(C)C)[C@@H]3C(C)C)[C@@H](C(C)C)C1=C(O2)C(C)(C)C(=O)C(C)(C)C1=O,5.84518491628705,1450.0,2,632.7940000000001,7.411500000000008,124.04,1.0,8.0,4.0,1.0,46.0,O=C1CC(=O)C2=C(C1)Oc1cc3c(cc1C2)CC1=C(CC(=O)CC1=O)O3,0
CC(C)C(=O)c1c2c(c(O)c3c1OC1=C(C(=O)C(C)(C)C(=O)C1(C)C)[C@@H]3C(C)C)[C@H](C(C)C)C1=C(O2)C(C)(C)C(=O)C(C)(C)C1=O,6.610924374808178,245.0,2,632.7940000000001,7.411500000000008,124.04,1.0,8.0,4.0,1.0,46.0,O=C1CC(=O)C2=C(C1)Oc1cc3c(cc1C2)CC1=C(CC(=O)CC1=O)O3,1
CC(C)C(=O)c1c2c(c(O)c3c1OC1=C(C(=O)C(C)(C)C(=O)C1(C)C)[C@H]3C(C)C)[C@H](C(C)C)C1=C(O2)C(C)(C)C(=O)C(C)(C)C1=O,5.828788659588897,1550.0,2,632.7940000000001,7.411500000000008,124.04,1.0,8.0,4.0,1.0,46.0,O=C1CC(=O)C2=C(C1)Oc1cc3c(cc1C2)CC1=C(CC(=O)CC1=O)O3,0
CC(C)C(=O)c1c2c(c(OCC3CC3)c3c1OC1=C(C(=O)C(C)(C)C(=O)C1(C)C)[C@@H]3C(C)C)[C@H](C(C)C)C1=C(O2)C(C)(C)C(=O)C(C)(C)C1=O,6.529244283682798,305.0,2,686.8860000000001,8.494700000000005,113.04,0.0,8.0,7.0,1.0,50.0,O=C1CC(=O)C2=C(C1)Oc1cc3c(c(OCC4CC4)c1C2)CC1=C(CC(=O)CC1=O)O3,1
CC(C)C(=O)c1c2c(c(OCC3CO3)c3c1OC1=C(C(=O)C(C)(C)C(=O)C1(C)C)[C@@H]3C(C)C)[C@H](C(C)C)C1=C(O2)C(C)(C)C(=O)C(C)(C)C1=O,7.164413578642458,68.5,2,688.8580000000001,7.483500000000009,125.57,0.0,9.0,7.0,1.0,50.0,O=C1CC(=O)C2=C(C1)Oc1cc3c(c(OCC4CO4)c1C2)CC1=C(CC(=O)CC1=O)O3,1
CC(C)C(=O)c1c2c(c(OCCC3OCCO3)c3c1OC1=C(C(=O)C(C)(C)C(=O)C1(C)C)[C@@H]3C(C)C)[C@H](C(C)C)C1=C(O2)C(C)(C)C(=O)C(C)(C)C1=O,7.057602318025509,94.5,2,732.9110000000001,7.8477000000000094,131.5,0.0,10.0,8.0,1.0,53.0,O=C1CC(=O)C2=C(C1)Oc1cc3c(c(OCCC4OCCO4)c1C2)CC1=C(CC(=O)CC1=O)O3,1
CC(C)C(=O)c1c2c(c(OCCCCCCO)c3c1OC1=C(C(=O)C(C)(C)C(=O)C1(C)C)[C@@H]3C(C)C)[C@H](C(C)C)C1=C(O2)C(C)(C)C(=O)C(C)(C)C1=O,5.658026434624244,2200.0,2,732.955,8.637400000000005,133.27,1.0,9.0,11.0,1.0,53.0,O=C1CC(=O)C2=C(C1)Oc1cc3c(cc1C2)CC1=C(CC(=O)CC1=O)O3,0
CC(C)C(=O)c1c2c(c(OCCCCl)c3c1OC1=C(C(=O)C(C)(C)C(=O)C1(C)C)[C@@H]3C(C)C)[C@H](C(C)C)C1=C(O2)C(C)(C)C(=O)C(C)(C)C1=O,6.3980757681268825,400.0,2,709.3199999999999,8.713600000000005,113.04,0.0,8.0,8.0,1.0,50.0,O=C1CC(=O)C2=C(C1)Oc1cc3c(cc1C2)CC1=C(CC(=O)CC1=O)O3,1
CC(C)C(=O)c1c2c(c(OCCCN3CCCCC3)c3c1OC1=C(C(=O)C(C)(C)C(=O)C1(C)C)[C@@H]3C(C)C)[C@H](C(C)C)C1=C(O2)C(C)(C)C(=O)C(C)(C)C1=O,6.718734615568869,261.5,2,758.009,8.960700000000005,116.28,0.0,9.0,9.0,1.0,55.0,O=C1CC(=O)C2=C(C1)Oc1cc3c(c(OCCCN4CCCCC4)c1C2)CC1=C(CC(=O)CC1=O)O3,1
CC(C)C(=O)c1c2c(c(OCCCN3CCN(C)CC3)c3c1OC1=C(C(=O)C(C)(C)C(=O)C1(C)C)[C@@H]3C(C)C)[C@H](C(C)C)C1=C(O2)C(C)(C)C(=O)C(C)(C)C1=O,7.387345359137068,47.0,2,773.024,7.72220000000001,119.52,0.0,10.0,9.0,1.0,56.0,O=C1CC(=O)C2=C(C1)Oc1cc3c(c(OCCCN4CCNCC4)c1C2)CC1=C(CC(=O)CC1=O)O3,1
CC(C)C(=O)c1c2c(c(OCCCN3CCOCC3)c3c1OC1=C(C(=O)C(C)(C)C(=O)C1(C)C)[C@@H]3C(C)C)[C@H](C(C)C)C1=C(O2)C(C)(C)C(=O)C(C)(C)C1=O,7.268801001050522,54.0,2,759.981,7.80700000000001,125.51,0.0,10.0,9.0,1.0,55.0,O=C1CC(=O)C2=C(C1)Oc1cc3c(c(OCCCN4CCOCC4)c1C2)CC1=C(CC(=O)CC1=O)O3,1
CC(C)C(=O)c1c2c(c(OCCCc3ccccc3)c3c1OC1=C(C(=O)C(C)(C)C(=O)C1(C)C)[C@@H]3C(C)C)[C@H](C(C)C)C1=C(O2)C(C)(C)C(=O)C(C)(C)C1=O,6.77642098432889,190.0,2,750.9730000000001,9.717499999999998,113.04,0.0,8.0,9.0,2.0,55.0,O=C1CC(=O)C2=C(C1)Oc1cc3c(c(OCCCc4ccccc4)c1C2)CC1=C(CC(=O)CC1=O)O3,1
CC(C)C(=O)c1c2c(c(OCCN(C)C)c3c1OC1=C(C(=O)C(C)(C)C(=O)C1(C)C)[C@@H]3C(C)C)[C@H](C(C)C)C1=C(O2)C(C)(C)C(=O)C(C)(C)C1=O,7.131403678647631,86.0,2,703.917,7.64630000000001,116.28,0.0,9.0,8.0,1.0,51.0,O=C1CC(=O)C2=C(C1)Oc1cc3c(cc1C2)CC1=C(CC(=O)CC1=O)O3,1
CC(C)C(=O)c1c2c(c(OCCN3C(=O)c4ccccc4C3=O)c3c1OC1=C(C(=O)C(C)(C)C(=O)C1(C)C)[C@@H]3C(C)C)[C@H](C(C)C)C1=C(O2)C(C)(C)C(=O)C(C)(C)C1=O,5.917526313689079,2320.0,2,805.965,8.380900000000008,150.42,0.0,10.0,8.0,2.0,59.0,O=C1CC(=O)C2=C(C1)Oc1cc3c(c(OCCN4C(=O)c5ccccc5C4=O)c1C2)CC1=C(CC(=O)CC1=O)O3,0
CC(C)C(=O)c1c2c(c(OCCN3CCCC3)c3c1OC1=C(C(=O)C(C)(C)C(=O)C1(C)C)[C@@H]3C(C)C)[C@H](C(C)C)C1=C(O2)C(C)(C)C(=O)C(C)(C)C1=O,7.86407919673175,14.0,2,729.955,8.18050000000001,116.28,0.0,9.0,8.0,1.0,53.0,O=C1CC(=O)C2=C(C1)Oc1cc3c(c(OCCN4CCCC4)c1C2)CC1=C(CC(=O)CC1=O)O3,1
CC(C)C(=O)c1c2c(c(OCCN3CCCCC3)c3c1OC1=C(C(=O)C(C)(C)C(=O)C1(C)C)[C@@H]3C(C)C)[C@H](C(C)C)C1=C(O2)C(C)(C)C(=O)C(C)(C)C1=O,7.1153113369619305,150.5,2,743.982,8.570600000000008,116.28,0.0,9.0,8.0,1.0,54.0,O=C1CC(=O)C2=C(C1)Oc1cc3c(c(OCCN4CCCCC4)c1C2)CC1=C(CC(=O)CC1=O)O3,1
CC(C)C(=O)c1c2c(c(OCCN3CCCCCC3)c3c1OC1=C(C(=O)C(C)(C)C(=O)C1(C)C)[C@@H]3C(C)C)[C@H](C(C)C)C1=C(O2)C(C)(C)C(=O)C(C)(C)C1=O,7.412534203235778,39.0,2,758.009,8.960700000000005,116.28,0.0,9.0,8.0,1.0,55.0,O=C1CC(=O)C2=C(C1)Oc1cc3c(c(OCCN4CCCCCC4)c1C2)CC1=C(CC(=O)CC1=O)O3,1
CC(C)C(=O)c1c2c(c(OCCO)c3c1OC1=C(C(=O)C(C)(C)C(=O)C1(C)C)[C@@H]3C(C)C)[C@H](C(C)C)C1=C(O2)C(C)(C)C(=O)C(C)(C)C1=O,6.406239639581768,415.0,2,676.8470000000001,7.077000000000009,133.27,1.0,9.0,7.0,1.0,49.0,O=C1CC(=O)C2=C(C1)Oc1cc3c(cc1C2)CC1=C(CC(=O)CC1=O)O3,1
CC(C)CCOc1c2c(c(C(=O)C(C)C)c3c1[C@@H](C(C)C)C1=C(O3)C(C)(C)C(=O)C(C)(C)C1=O)OC1=C(C(=O)C(C)(C)C(=O)C1(C)C)[C@H]2C(C)C,5.721848749616356,1900.0,2,702.9290000000002,9.130800000000002,113.04,0.0,8.0,8.0,1.0,51.0,O=C1CC(=O)C2=C(C1)Oc1cc3c(cc1C2)CC1=C(CC(=O)CC1=O)O3,0
CC(C)NC(=O)c1noc2c(F)c3c(cc12)CC1(C(=O)NC(=O)NC1=O)[C@H]1[C@H](C)O[C@H](C)CN31,5.727346441767088,2400.0,2,473.4610000000002,0.9958,142.87,3.0,8.0,2.0,2.0,34.0,O=C1NC(=O)C2(Cc3cc4cnoc4cc3N3CCOCC32)C(=O)N1,0
CC(C)Oc1c(NC(=O)c2ccc(NC(=O)[C@@H](NC(=O)c3ccc(NC(=O)c4ccc(C#N)cc4)cc3)[C@@H](C)O)cc2)ccc(C(=O)Nc2ccc(C(=O)O)cc2)c1O,6.853871964321762,140.0,1,798.8090000000003,5.6240800000000055,256.28,8.0,10.0,14.0,5.0,59.0,O=C(CNC(=O)c1ccc(NC(=O)c2ccccc2)cc1)Nc1ccc(C(=O)Nc2ccc(C(=O)Nc3ccccc3)cc2)cc1,1
CC(C)Oc1c(NC(=O)c2ccc(NC(=O)[C@@H](NC(=O)c3ccc(NC(=O)c4ccc(C#N)cc4)cc3)[C@H](C)O)cc2)ccc(C(=O)Nc2ccc(C(=O)O)cc2)c1O,7.045757490560675,90.0,1,798.8090000000003,5.6240800000000055,256.28,8.0,10.0,14.0,5.0,59.0,O=C(CNC(=O)c1ccc(NC(=O)c2ccccc2)cc1)Nc1ccc(C(=O)Nc2ccc(C(=O)Nc3ccccc3)cc2)cc1,1
CC(C)Oc1c(NC(=O)c2ccc(NC(=O)[C@@H]3CC(=O)CCN3C(=O)c3ccc(NC(=O)c4ccc(C#N)cc4)cc3)cc2)ccc(C(=O)Nc2ccc(C(=O)O)cc2)c1O,6.0655015487564325,860.0,1,822.8310000000004,6.318580000000006,244.33,6.0,10.0,12.0,5.0,61.0,O=C1CCN(C(=O)c2ccc(NC(=O)c3ccccc3)cc2)C(C(=O)Nc2ccc(C(=O)Nc3ccc(C(=O)Nc4ccccc4)cc3)cc2)C1,1
CC(C)Oc1c(NC(=O)c2ccc(NC(=O)[C@@H]3CCCCN3C(=O)c3ccc(NC(=O)c4ccc(C#N)cc4)cc3)cc2)ccc(C(=O)Nc2ccc(C(=O)O)cc2)c1O,6.7447274948966935,180.0,1,808.8480000000004,7.139580000000007,227.26,6.0,9.0,12.0,5.0,60.0,O=C(Nc1ccc(C(=O)N2CCCCC2C(=O)Nc2ccc(C(=O)Nc3ccc(C(=O)Nc4ccccc4)cc3)cc2)cc1)c1ccccc1,1
CC(C)Oc1c(NC(=O)c2ccc(NC(=O)[C@H](CC(=O)N(C)C)NC(=O)c3ccc(NC(=O)c4ccc(C#N)cc4)cc3)cc2)ccc(C(=O)Nc2ccc(C(=O)O)cc2)c1O,5.832682665251824,1470.0,1,839.8620000000002,5.721580000000005,256.36,7.0,10.0,15.0,5.0,62.0,O=C(CNC(=O)c1ccc(NC(=O)c2ccccc2)cc1)Nc1ccc(C(=O)Nc2ccc(C(=O)Nc3ccccc3)cc2)cc1,0
CC(C)Oc1c(NC(=O)c2ccc(NC(=O)[C@H](CC(N)=O)NC(=O)c3ccc(NC(=O)c4ccc(C#N)cc4)cc3)cc2)ccc(C(=O)Nc2ccc(C(=O)O)cc2)c1O,6.886056647693163,130.0,1,811.8080000000003,5.118680000000003,279.14,8.0,10.0,15.0,5.0,60.0,O=C(CNC(=O)c1ccc(NC(=O)c2ccccc2)cc1)Nc1ccc(C(=O)Nc2ccc(C(=O)Nc3ccccc3)cc2)cc1,1
CC(C)Oc1c(NC(=O)c2ccc(NC(=O)[C@H](CCCN)NC(=O)c3ccc(NC(=O)c4ccc(C#N)cc4)cc3)cc2)ccc(C(=O)Nc2ccc(C(=O)O)cc2)c1O,6.200659450546418,630.0,1,811.8520000000003,5.982180000000004,262.07,8.0,10.0,16.0,5.0,60.0,O=C(CNC(=O)c1ccc(NC(=O)c2ccccc2)cc1)Nc1ccc(C(=O)Nc2ccc(C(=O)Nc3ccccc3)cc2)cc1,1
CC(C)Oc1c(NC(=O)c2ccc(NC(=O)[C@H](CN)NC(=O)c3ccc(NC(=O)c4ccc(C#N)cc4)cc3)cc2)ccc(C(=O)Nc2ccc(C(=O)O)cc2)c1O,6.0655015487564325,860.0,1,783.7980000000002,5.201980000000003,262.07,8.0,10.0,14.0,5.0,58.0,O=C(CNC(=O)c1ccc(NC(=O)c2ccccc2)cc1)Nc1ccc(C(=O)Nc2ccc(C(=O)Nc3ccccc3)cc2)cc1,1
CC(C)Oc1c(NC(=O)c2ccc(NC(=O)[C@H](Cc3cnn[nH]3)NC(=O)c3ccc(NC(=O)c4ccc(C#N)cc4)cc3)cc2)ccc(C(=O)Nc2ccc(C(=O)O)cc2)c1O,6.481486060122113,330.0,1,835.8340000000002,5.604080000000004,277.62,8.0,11.0,15.0,6.0,62.0,O=C(Nc1ccc(C(=O)NC(Cc2cnn[nH]2)C(=O)Nc2ccc(C(=O)Nc3ccc(C(=O)Nc4ccccc4)cc3)cc2)cc1)c1ccccc1,1
CC(C)Oc1c(NC(=O)c2ccc(NC(=O)[C@H](Cc3cscn3)NC(=O)c3ccc(NC(=O)c4ccc(C#N)cc4)cc3)cc2)ccc(C(=O)Nc2ccc(C(=O)O)cc2)c1O,6.468521082957745,340.0,1,851.8980000000001,6.942480000000006,248.94,7.0,11.0,15.0,6.0,62.0,O=C(Nc1ccc(C(=O)NC(Cc2cscn2)C(=O)Nc2ccc(C(=O)Nc3ccc(C(=O)Nc4ccccc4)cc3)cc2)cc1)c1ccccc1,1
CC(C)Oc1c(NC(=O)c2ccc(NC(=O)[C@H]3CCCCN3C(=O)c3ccc(NC(=O)c4ccc(C#N)cc4)cc3)cc2)ccc(C(=O)Nc2ccc(C(=O)O)cc2)c1O,5.97061622231479,1070.0,1,808.8480000000004,7.139580000000007,227.26,6.0,9.0,12.0,5.0,60.0,O=C(Nc1ccc(C(=O)N2CCCCC2C(=O)Nc2ccc(C(=O)Nc3ccc(C(=O)Nc4ccccc4)cc3)cc2)cc1)c1ccccc1,0
CC(C)Oc1c2c(c(C(=O)C(C)C)c3c1[C@@H](C(C)C)C1=C(O3)C(C)(C)C(=O)C(C)(C)C1=O)OC1=C(C(=O)C(C)(C)C(=O)C1(C)C)[C@H]2C(C)C,6.511138197355576,315.0,2,674.8750000000002,8.493100000000005,113.04,0.0,8.0,6.0,1.0,49.0,O=C1CC(=O)C2=C(C1)Oc1cc3c(cc1C2)CC1=C(CC(=O)CC1=O)O3,1
CC(C)Oc1cc(C(=O)N[C@@H](C)C(=O)O)ccc1NC(=O)c1cc(Br)c(Br)[nH]1,6.431798275933005,370.0,1,517.1740000000001,3.7821000000000016,120.51999999999998,4.0,4.0,7.0,2.0,28.0,O=C(Nc1ccccc1)c1ccc[nH]1,1
CC(C)Oc1cc(NC(=O)c2cc(Br)c(Br)[nH]2)ccc1C(=O)NCC(=O)O,6.3979400086720375,400.0,1,503.14700000000016,3.393600000000001,120.52,4.0,4.0,7.0,2.0,27.0,O=C(Nc1ccccc1)c1ccc[nH]1,1
CC(C)[C@@H]1C2=C(Oc3cc4c(c(O)c31)[C@@H](C(C)C)C1=C(O4)C(C)(C)C(=O)C(C)(C)C1=O)C(C)(C)C(=O)C(C)(C)C2=O,5.789198036565084,1750.0,2,562.7030000000003,6.572800000000006,106.97,1.0,7.0,2.0,1.0,41.0,O=C1CC(=O)C2=C(C1)Oc1cc3c(cc1C2)CC1=C(CC(=O)CC1=O)O3,0
CC(C)[C@@H]1C2=C(Oc3cc4c(c(O)c31)[C@H](C(C)C)C1=C(O4)C(C)(C)C(=O)C(C)(C)C1=O)C(C)(C)C(=O)C(C)(C)C2=O,5.796729909783022,1600.0,2,562.7030000000003,6.572800000000006,106.97,1.0,7.0,2.0,1.0,41.0,O=C1CC(=O)C2=C(C1)Oc1cc3c(cc1C2)CC1=C(CC(=O)CC1=O)O3,0
CC(C)[C@H]1C2=C(Oc3cc4c(c(O)c31)[C@@H](C(C)C)C1=C(O4)C(C)(C)C(=O)C(C)(C)C1=O)C(C)(C)C(=O)C(C)(C)C2=O,5.48369061957464,4550.0,2,562.7030000000003,6.572800000000006,106.97,1.0,7.0,2.0,1.0,41.0,O=C1CC(=O)C2=C(C1)Oc1cc3c(cc1C2)CC1=C(CC(=O)CC1=O)O3,0
CC(N)COc1cc(F)c2c(c1)CC(CCOCC1CN(c3cnc4c(n3)NC(=O)CO4)C(=O)O1)C2,6.769551078621726,170.0,1,501.5150000000002,1.8194999999999992,138.13,2.0,9.0,9.0,2.0,36.0,O=C1COc2ncc(N3CC(COCCC4Cc5ccccc5C4)OC3=O)nc2N1,1
CC1(CN)CCN(c2cc3c(cc2F)c(=O)c(C(=O)O)cn3C2CC2)C1,5.555955204081924,2780.0,1,359.4010000000002,2.3488000000000007,88.56,2.0,4.0,4.0,2.0,26.0,O=c1ccn(C2CC2)c2cc(N3CCCC3)ccc12,0
CC1CN2c3c(cc4c(C(C)(C)C)noc4c3F)CC3(C(=O)NC(=O)NC3=O)C2C(C)O1,5.3979400086720375,4000.0,1,444.4630000000002,2.1551,113.76999999999998,2.0,7.0,0.0,2.0,32.0,O=C1NC(=O)C2(Cc3cc4cnoc4cc3N3CCOCC32)C(=O)N1,0
CC1CN2c3c(cc4c(C5CC5)noc4c3F)CC3(C(=O)NC(=O)NC3=O)C2C(C)O1,6.468521082957745,340.0,1,428.4200000000002,1.7349999999999997,113.76999999999998,2.0,7.0,1.0,2.0,31.0,O=C1NC(=O)C2(Cc3cc4c(C5CC5)noc4cc3N3CCOCC32)C(=O)N1,1
CCC1CCC(c2ccc(C(=O)NNC(=S)NC(C)=O)cc2)CC1,6.638272163982407,230.0,1,347.4840000000001,3.025800000000001,70.23,3.0,3.0,3.0,1.0,24.0,c1ccc(C2CCCCC2)cc1,1
CCCCCN(C)Cc1cc(C(=O)O)ccc1NC(=O)c1cc2cc(F)cc(NC)c2[nH]c1=O,9.67778070526608,0.21,1,468.5290000000002,4.281400000000001,114.53,4.0,5.0,10.0,3.0,34.0,O=C(Nc1ccccc1)c1cc2ccccc2[nH]c1=O,1
CCCCCN(CCCCC)Cc1cc(C(=O)O)ccc1NC(=O)c1cc2cc(F)cc(NC)c2[nH]c1=O,9.096910013008056,0.8,1,524.6370000000002,5.841800000000004,114.53,4.0,5.0,14.0,3.0,38.0,O=C(Nc1ccccc1)c1cc2ccccc2[nH]c1=O,1
CCCCN(CCCC)CCCOc1c2c(c(C(=O)C(C)C)c3c1[C@@H](C(C)C)C1=C(O3)C(C)(C)C(=O)C(C)(C)C1=O)OC1=C(C(=O)C(C)(C)C(=O)C1(C)C)[C@H]2C(C)C,6.555629519658554,305.0,2,802.106,10.376999999999995,116.28,0.0,9.0,15.0,1.0,58.0,O=C1CC(=O)C2=C(C1)Oc1cc3c(cc1C2)CC1=C(CC(=O)CC1=O)O3,1
CCCC[C@H](NC(=O)c1ccc(NC(=O)c2ccc(C#N)cc2)cc1)C(=O)Nc1ccc(C(=O)Nc2ccc(C(=O)Nc3ccc(C(=O)O)cc3)c(O)c2OC(C)C)cc1,6.346787486224656,450.0,1,810.8640000000001,7.4334800000000065,236.04999999999995,7.0,9.0,16.0,5.0,60.0,O=C(CNC(=O)c1ccc(NC(=O)c2ccccc2)cc1)Nc1ccc(C(=O)Nc2ccc(C(=O)Nc3ccccc3)cc2)cc1,1
CCCN(C)c1noc2c(F)c3c(cc12)CC1(C(=O)NC(=O)NC1=O)[C@H]1[C@H](C)O[C@H](C)CN31,6.301029995663981,500.0,1,459.4780000000002,1.7037999999999998,117.01,2.0,8.0,3.0,2.0,33.0,O=C1NC(=O)C2(Cc3cc4cnoc4cc3N3CCOCC32)C(=O)N1,1
CCCNC1CN(c2c(F)cc3c(=O)c(C(=O)O)cn(-c4nc(N)c(F)cc4F)c3c2C)C1,6.386158178123931,411.0,1,461.4440000000002,2.5800199999999998,113.48,3.0,6.0,6.0,3.0,33.0,O=c1ccn(-c2ccccn2)c2cc(N3CCC3)ccc12,1
CCCNc1noc2c(F)c3c(cc12)CC1(C(=O)NC(=O)NC1=O)[C@H]1[C@H](C)O[C@H](C)CN31,5.657577319177793,2200.0,1,445.4510000000002,1.6794999999999998,125.79999999999998,3.0,8.0,3.0,2.0,32.0,O=C1NC(=O)C2(Cc3cc4cnoc4cc3N3CCOCC32)C(=O)N1,0
CCC[C@H](NC(=O)c1ccc(NC(=O)c2ccc(C#N)cc2)cc1)C(=O)Nc1ccc(C(=O)Nc2ccc(C(=O)Nc3ccc(C(=O)O)cc3)c(O)c2OC(C)C)cc1,6.552841968657781,280.0,1,796.8370000000002,7.043380000000006,236.04999999999995,7.0,9.0,15.0,5.0,59.0,O=C(CNC(=O)c1ccc(NC(=O)c2ccccc2)cc1)Nc1ccc(C(=O)Nc2ccc(C(=O)Nc3ccccc3)cc2)cc1,1
CCCc1cc(C(=O)Nc2c(O)c3ccc(O[C@@H]4OC(C)(C)[C@H](OC)[C@@H](O)[C@H]4O)c(C)c3oc2=O)ccc1O,5.0,10000.0,1,543.5690000000003,2.967920000000001,167.92000000000002,5.0,10.0,7.0,3.0,39.0,O=C(Nc1cc2ccc(OC3CCCCO3)cc2oc1=O)c1ccccc1,0
CCCc1cc(C(=O)Nc2c(O)c3ccc(O[C@@H]4OC(C)(C)[C@H](OC)[C@@H](O)[C@H]4OC(=O)c4ccc(C)[nH]4)c(C)c3oc2=O)ccc1O,6.487101379344854,449.0,2,650.6810000000002,4.469140000000003,189.78000000000003,5.0,11.0,9.0,4.0,47.0,O=C(Nc1cc2ccc(OC3OCCCC3OC(=O)c3ccc[nH]3)cc2oc1=O)c1ccccc1,1
CCCc1cc(C(=O)Nc2c(O)c3ccc(O[C@@H]4OC(C)(C)[C@H](OC)[C@@H](OC(=O)c5ccc(C)[nH]5)[C@H]4O)c(C)c3oc2=O)ccc1O,7.3984835564926446,51.5,2,650.6810000000003,4.469140000000005,189.78,5.0,11.0,9.0,4.0,47.0,O=C(Nc1cc2ccc(OC3CC(OC(=O)c4ccc[nH]4)CCO3)cc2oc1=O)c1ccccc1,1
CCCc1nn(CN2CCN(c3cc4c(cc3F)c(=O)c(C(=O)O)cn4C3CC3)CC2)c(=S)n1-c1cccc(I)c1,5.202040356262804,6280.0,1,688.5670000000003,5.227190000000005,88.53,1.0,6.0,8.0,4.0,41.0,O=c1ccn(C2CC2)c2cc(N3CCN(Cn4ncn(-c5ccccc5)c4=S)CC3)ccc12,0
CCN(C)C(=O)c1noc2c(F)c3c(cc12)CC1(C(=O)NC(=O)NC1=O)[C@H]1[C@H](C)O[C@H](C)CN31,5.119186407719209,7600.0,1,473.4610000000002,0.9494999999999992,134.07999999999998,2.0,8.0,2.0,2.0,34.0,O=C1NC(=O)C2(Cc3cc4cnoc4cc3N3CCOCC32)C(=O)N1,0
CCN(CC)CCCOc1c2c(c(C(=O)C(C)C)c3c1[C@@H](C(C)C)C1=C(O3)C(C)(C)C(=O)C(C)(C)C1=O)OC1=C(C(=O)C(C)(C)C(=O)C1(C)C)[C@H]2C(C)C,7.4358003656410965,37.0,2,745.998,8.816600000000006,116.28,0.0,9.0,11.0,1.0,54.0,O=C1CC(=O)C2=C(C1)Oc1cc3c(cc1C2)CC1=C(CC(=O)CC1=O)O3,1
CCN(CC)CCOc1c2c(c(C(=O)C(C)C)c3c1[C@@H](C(C)C)C1=C(O3)C(C)(C)C(=O)C(C)(C)C1=O)OC1=C(C(=O)C(C)(C)C(=O)C1(C)C)[C@H]2C(C)C,7.200167610605791,64.5,2,731.9710000000001,8.426500000000008,116.28,0.0,9.0,10.0,1.0,53.0,O=C1CC(=O)C2=C(C1)Oc1cc3c(cc1C2)CC1=C(CC(=O)CC1=O)O3,1
CCN(CC)c1noc2c(F)c3c(cc12)CC1(C(=O)NC(=O)NC1=O)[C@H]1[C@H](C)O[C@H](C)CN31,5.366531544420414,4300.0,1,459.4780000000002,1.7037999999999998,117.01,2.0,8.0,3.0,2.0,33.0,O=C1NC(=O)C2(Cc3cc4cnoc4cc3N3CCOCC32)C(=O)N1,0
CCNC(=O)Nc1cc(-c2nc(C(F)(F)F)cs2)c(-c2cc(-c3n[nH]c(=O)o3)cnc2N2[C@@H]3CC[C@H]2C[C@@H](N)C3)cn1,8.397940008672037,4.0,1,601.615,4.2291000000000025,167.95,4.0,10.0,6.0,4.0,42.0,O=c1[nH]nc(-c2cnc(N3C4CCCC3CC4)c(-c3cnccc3-c3nccs3)c2)o1,1
CCNC(=O)Nc1cc(-c2nc(C(F)(F)F)cs2)c(-c2cc3ncccc3nc2N2C3CC2CN(C)C3)cn1,8.301029995663981,5.0,1,554.6020000000001,4.868200000000005,99.17,2.0,8.0,5.0,4.0,39.0,c1cnc2cc(-c3cnccc3-c3nccs3)c(N3C4CNCC3C4)nc2c1,1
CCNC(=O)Nc1cc(-c2nc(C(F)(F)F)cs2)c(-c2cc3ncccc3nc2N2C3CCC2CN(C)C3)cn1,8.154901959985743,7.0,1,568.629,5.2583000000000055,99.17,2.0,8.0,5.0,4.0,40.0,c1cnc2cc(-c3cnccc3-c3nccs3)c(N3C4CCC3CNC4)nc2c1,1
CCNC(=O)Nc1cc(-c2nc(C(F)(F)F)cs2)c(-c2cc3ncccc3nc2N2CC3CCC2CN3)cn1,8.096910013008056,8.0,1,554.6020000000002,4.916100000000005,107.96,3.0,8.0,5.0,4.0,39.0,c1cnc2cc(-c3cnccc3-c3nccs3)c(N3CC4CCC3CN4)nc2c1,1
CCNC(=O)Nc1cc(-c2nc(C(F)(F)F)cs2)c(-c2cc3ncccc3nc2N2CCN(C)CC2)cn1,8.522878745280337,3.0,1,542.5910000000001,4.727300000000005,99.17,2.0,8.0,5.0,4.0,38.0,c1cnc2cc(-c3cnccc3-c3nccs3)c(N3CCNCC3)nc2c1,1
CCNC(=O)Nc1cc(-c2nc(C(F)(F)F)cs2)c(-c2cc3ncccc3nc2N2[C@@H]3CC[C@H]2C[C@@H](N)C3)cn1,8.522878745280337,3.0,1,568.6290000000004,5.434000000000004,121.95,3.0,8.0,5.0,4.0,40.0,c1cnc2cc(-c3cnccc3-c3nccs3)c(N3C4CCCC3CC4)nc2c1,1
CCNC(=O)Nc1cc(-c2nc(C(F)(F)F)cs2)c(-c2cnc3cccnc3c2)cn1,8.397940008672037,4.0,1,444.4420000000001,4.975500000000004,92.69,2.0,6.0,4.0,4.0,31.0,c1cnc2cc(-c3cnccc3-c3nccs3)cnc2c1,1
CCNC(=O)Nc1cc(-c2nc(C(F)(F)F)cs2)c(-c2cncc(C(=O)O)c2)cn1,8.221848749616356,6.0,1,437.4030000000001,4.125500000000003,117.1,3.0,6.0,5.0,3.0,30.0,c1cncc(-c2cnccc2-c2nccs2)c1,1
CCNC(=O)Nc1cc(-c2nc(C3CC3)cs2)c(-c2cc(-c3n[nH]c(=O)o3)cnc2N2C3CCC2CN(C)C3)cn1,8.698970004336019,2.0,1,573.6830000000001,3.912000000000004,145.17000000000002,3.0,10.0,7.0,4.0,41.0,O=c1[nH]nc(-c2cnc(N3C4CCC3CNC4)c(-c3cnccc3-c3nc(C4CC4)cs3)c2)o1,1
CCNC(=O)Nc1nc2cc(-c3cnc(N4CCC(C(=O)O)CC4)nc3)cc(-c3ccccn3)c2s1,6.703334809738469,198.0,1,503.5880000000004,4.257700000000003,133.23,3.0,8.0,6.0,4.0,36.0,c1ccc(-c2cc(-c3cnc(N4CCCCC4)nc3)cc3ncsc23)nc1,1
CCNC(=O)Nc1nc2cc(-c3cnc(N4CCC(C)(C(=O)O)CC4)nc3)cc(-c3ccccn3)c2s1,8.387216143280265,4.1,1,517.6150000000004,4.647800000000004,133.23,3.0,8.0,6.0,4.0,37.0,c1ccc(-c2cc(-c3cnc(N4CCCCC4)nc3)cc3ncsc23)nc1,1
CCNC(=O)Nc1nc2ccc(NC(=O)Cc3csc(NC(=O)OC(C)(C)C)n3)cc2s1,5.4089353929735005,3900.0,1,476.5840000000002,4.422400000000003,134.34,4.0,8.0,6.0,3.0,32.0,O=C(Cc1cscn1)Nc1ccc2ncsc2c1,0
CCNC(=O)Nc1nc2ccc(NC(=O)Cc3csc(NC(C)=O)n3)cc2s1,5.251811972993799,5600.0,1,418.5040000000001,3.033800000000001,125.11,4.0,7.0,6.0,3.0,28.0,O=C(Cc1cscn1)Nc1ccc2ncsc2c1,0
CCNC(=O)c1noc2c(Cl)c3c(nc12)CC1(C(=O)NC(=O)NC1=O)[C@H]1[C@H](C)O[C@H](C)CN31,6.301029995663981,500.0,1,476.8770000000002,0.5166000000000005,155.76,3.0,9.0,2.0,2.0,33.0,O=C1NC(=O)C2(Cc3nc4cnoc4cc3N3CCOCC32)C(=O)N1,1
CCNC(=O)c1noc2c(F)c3c(cc12)CC1(C(=O)NC(=O)NC1=O)[C@H]1[C@H](C)O[C@H](C)CN31,5.769551078621726,1700.0,1,459.4340000000002,0.6073000000000005,142.87,3.0,8.0,2.0,2.0,33.0,O=C1NC(=O)C2(Cc3cc4cnoc4cc3N3CCOCC32)C(=O)N1,0
CCNC1CN(c2c(F)cc3c(=O)c(C(=O)O)cn(-c4nc(N)c(F)cc4F)c3c2C)C1,6.7594507517174005,174.0,1,447.4170000000002,2.18992,113.48,3.0,6.0,5.0,3.0,32.0,O=c1ccn(-c2ccccn2)c2cc(N3CCC3)ccc12,1
CCNCC1CCN(c2c(F)c(N)c3c(=O)c(C(=O)O)cn(C4CC4)c3c2F)C1,5.177831920631983,6640.0,1,406.43300000000016,2.3308,100.59,3.0,5.0,6.0,2.0,29.0,O=c1ccn(C2CC2)c2cc(N3CCCC3)ccc12,0
CCNCC1CCN(c2c(F)cc3c(=O)c(C(=O)O)cn(C4CC4)c3c2F)C1,5.447331783887806,3570.0,1,391.4180000000002,2.7486000000000006,74.57,2.0,4.0,6.0,2.0,28.0,O=c1ccn(C2CC2)c2cc(N3CCCC3)ccc12,0
CCN[C@H](C)[C@H]1CCN(c2c(F)cc3c(=O)c(C(=O)O)cn(C4CC4)c3c2C(F)(F)F)C1,5.714442690992226,1930.0,1,455.4520000000002,4.016800000000003,74.57,2.0,4.0,6.0,2.0,32.0,O=c1ccn(C2CC2)c2cc(N3CCCC3)ccc12,0
CCOC(=O)C(=O)N1CCC(NC(=O)c2cc(Br)c(Br)[nH]2)CC1,5.361510743045363,4350.0,1,451.115,1.8236,91.5,2.0,4.0,3.0,1.0,23.0,O=C(NC1CCNCC1)c1ccc[nH]1,0
CCOC(=O)C(=O)Nc1ccc2nc(NC(=O)c3cc(Br)c(Br)[nH]3)[nH]c2c1,5.3979400086720375,4000.0,1,499.119,3.1699,128.97,4.0,5.0,4.0,3.0,27.0,O=C(Nc1nc2ccccc2[nH]1)c1ccc[nH]1,0
CCOC(=O)C(=O)Nc1nc2c(s1)C[C@@H](NC(=O)c1cc(Br)c(Br)[nH]1)CC2,7.0,100.0,1,520.2030000000001,2.785100000000001,113.18,3.0,6.0,4.0,2.0,27.0,O=C(NC1CCc2ncsc2C1)c1ccc[nH]1,1
CCOC(=O)C(=O)Nc1nc2c(s1)C[C@@H](NC(=O)c1cc(Cl)c(Cl)[nH]1)CC2,6.3979400086720375,400.0,1,431.30100000000016,2.5669000000000004,113.18,3.0,6.0,4.0,2.0,27.0,O=C(NC1CCc2ncsc2C1)c1ccc[nH]1,1
CCOC(=O)C(=O)Nc1nc2c(s1)C[C@@H](NC(=O)c1cc3ccccc3[nH]1)CC2,5.0,10000.0,1,412.4710000000002,2.4133000000000004,113.18,3.0,6.0,4.0,3.0,29.0,O=C(NC1CCc2ncsc2C1)c1cc2ccccc2[nH]1,0
CCOC(=O)C(=O)Nc1nc2ccc(NC(=O)c3[nH]c(C)c(Cl)c3Cl)cc2s1,6.537602002101044,290.0,1,441.2960000000001,3.993520000000002,113.18,3.0,6.0,4.0,3.0,28.0,O=C(Nc1ccc2ncsc2c1)c1ccc[nH]1,1
CCOC(=O)C(=O)Nc1nc2ccc(NC(=O)c3cc(Br)c(Br)[nH]3)cc2s1,7.091514981121351,81.0,1,516.171,3.9033000000000015,113.18,3.0,6.0,4.0,3.0,27.0,O=C(Nc1ccc2ncsc2c1)c1ccc[nH]1,1
CCOC(=O)C(=O)Nc1nc2ccc(NC(=O)c3cc(Cl)c(Cl)[nH]3)cc2s1,5.7447274948966935,1800.0,1,427.26900000000006,3.685100000000001,113.18,3.0,6.0,4.0,3.0,27.0,O=C(Nc1ccc2ncsc2c1)c1ccc[nH]1,0
CCOC(=O)C(NC(=O)c1ccc(NC(=O)c2[nH]c(C)c(Cl)c2Cl)cc1)C(=O)OCC,5.113509274827518,7700.0,1,470.3090000000003,3.1068200000000017,126.59,3.0,6.0,8.0,2.0,31.0,O=C(Nc1ccccc1)c1ccc[nH]1,0
CCOC(=O)c1cn(CC)c2cc(NC(=O)c3[nH]c(C)c(Cl)c3Cl)ccc2c1=O,7.275724130399211,53.0,1,436.2950000000002,4.393720000000004,93.19,2.0,4.0,5.0,3.0,29.0,O=C(Nc1ccc2c(=O)cc[nH]c2c1)c1ccc[nH]1,1
CCOC(=O)c1cnn(-c2noc3c(F)c4c(cc23)CC2(C(=O)NC(=O)NC2=O)[C@H]2[C@H](C)O[C@H](C)CN42)c1,5.070581074285707,8500.0,1,526.4810000000003,1.2199999999999998,157.89,2.0,10.0,3.0,3.0,38.0,O=C1NC(=O)C2(Cc3cc4c(-n5cccn5)noc4cc3N3CCOCC32)C(=O)N1,0
CCOC(=O)c1noc2c(F)c3c(cc12)CC1(C(=O)NC(=O)NC1=O)[C@H]1[C@H](C)O[C@H](C)CN31,6.0,1000.0,1,460.4180000000002,1.0342999999999998,140.07,2.0,9.0,2.0,2.0,33.0,O=C1NC(=O)C2(Cc3cc4cnoc4cc3N3CCOCC32)C(=O)N1,1
CCOC(CCCOc1c2c(c(C(=O)C(C)C)c3c1[C@@H](C(C)C)C1=C(O3)C(C)(C)C(=O)C(C)(C)C1=O)OC1=C(C(=O)C(C)(C)C(=O)C1(C)C)[C@H]2C(C)C)OCC,7.420818753952375,46.0,2,777.008,9.264000000000005,131.5,0.0,10.0,13.0,1.0,56.0,O=C1CC(=O)C2=C(C1)Oc1cc3c(cc1C2)CC1=C(CC(=O)CC1=O)O3,1
CCOc1c2c(c(C(=O)C(C)C)c3c1[C@@H](C(C)C)C1=C(O3)C(C)(C)C(=O)C(C)(C)C1=O)OC1=C(C(=O)C(C)(C)C(=O)C1(C)C)[C@H]2C(C)C,6.517399149487044,420.0,2,660.8480000000002,8.10460000000001,113.04,0.0,8.0,6.0,1.0,48.0,O=C1CC(=O)C2=C(C1)Oc1cc3c(cc1C2)CC1=C(CC(=O)CC1=O)O3,1
CC[C@@H]1CCN(c2c(F)cc3c(=O)c(C(=O)O)cn(C4CC4)c3c2F)C[C@H]1N,6.292429823902063,510.0,1,391.4180000000002,2.876400000000001,88.56,2.0,4.0,4.0,2.0,28.0,O=c1ccn(C2CC2)c2cc(N3CCCCC3)ccc12,1
CC[C@@H]1CCN(c2c(F)cc3c(=O)c(C(=O)O)cn(C4CC4)c3c2OC)C[C@H]1N,5.100726812682396,7930.0,1,403.4540000000002,2.7459000000000007,97.79,2.0,5.0,5.0,2.0,29.0,O=c1ccn(C2CC2)c2cc(N3CCCCC3)ccc12,0
CC[C@@H]1CCN(c2ccc3c(=O)c(C(=O)O)cn(C4CC4)c3c2Cl)C[C@H]1N,5.236701145448274,6150.0,2,389.8830000000002,3.2516000000000016,88.56,2.0,4.0,4.0,2.0,27.0,O=c1ccn(C2CC2)c2cc(N3CCCCC3)ccc12,0
CC[C@@H]1CCN(c2ccc3c(=O)c(C(=O)O)cn(C4CC4)c3c2OC)C[C@H]1N,5.080921907623926,8300.0,1,385.4640000000002,2.6068000000000007,97.79,2.0,5.0,5.0,2.0,28.0,O=c1ccn(C2CC2)c2cc(N3CCCCC3)ccc12,0
CC[C@@H]1CN2c3c(cc4c(C)noc4c3F)CC3(C(=O)NC(=O)NC3=O)[C@H]2[C@H](CC)O1,6.698970004336019,200.0,1,430.43600000000015,1.94622,113.76999999999998,2.0,7.0,2.0,2.0,31.0,O=C1NC(=O)C2(Cc3cc4cnoc4cc3N3CCOCC32)C(=O)N1,1
CC[C@@H]1O[C@H](C)CN2c3c(cc4c(C)noc4c3F)CC3(C(=O)NC(=O)NC3=O)[C@@H]12,6.698970004336019,200.0,1,416.4090000000001,1.5561199999999995,113.76999999999998,2.0,7.0,1.0,2.0,30.0,O=C1NC(=O)C2(Cc3cc4cnoc4cc3N3CCOCC32)C(=O)N1,1
CC[C@H]1OC(=O)[C@H](C)[C@@H](OC(=O)Cc2ccccn2)[C@H](C)[C@@H](O[C@@H]2O[C@H](C)C[C@H](N(C)C)[C@H]2O)[C@](C)(OC(=O)CCN2CCN(c3c(F)cc4c(=O)c(C(N)=O)cn(C5CC5)c4c3OC)CC2C)C[C@@H](C)CN(C)[C@H](C)[C@@H](O)[C@]1(C)O,5.017728766960431,9600.0,1,1138.385999999999,4.212200000000009,258.22,4.0,19.0,15.0,3.0,81.0,O=C1CC(OC(=O)Cc2ccccn2)CC(OC2CCCCO2)C(OC(=O)CCN2CCN(c3ccc4c(=O)ccn(C5CC5)c4c3)CC2)CCCNCCCCO1,0
CCc1c2s[nH]c(=O)c2c(=O)n2ccc(-c3cc(C)nc(C)c3)cc12,6.698970004336019,200.0,1,351.4310000000001,3.443740000000002,67.23,1.0,4.0,2.0,4.0,25.0,O=c1[nH]sc2cc3cc(-c4ccncc4)ccn3c(=O)c12,1
CCc1c2s[nH]c(=O)c2c(=O)n2ccc(-c3ccncc3)cc12,6.3979400086720375,400.0,1,323.377,2.826900000000001,67.23,1.0,4.0,2.0,4.0,23.0,O=c1[nH]sc2cc3cc(-c4ccncc4)ccn3c(=O)c12,1
CCn1c(=O)c(C(=O)Nc2nnc(-c3ccc(C)cn3)s2)c(O)c2ccccc21,5.924453038607469,1190.0,1,407.4550000000001,3.201220000000002,110.0,2.0,7.0,4.0,4.0,29.0,O=C(Nc1nnc(-c2ccccn2)s1)c1cc2ccccc2[nH]c1=O,0
CCn1cc(-c2nc(/N=C/c3ccc(Br)cc3)n[nH]2)c(=O)c2cc(Br)c(C)nc21,8.632200550150909,2.45,2,516.1970000000002,4.785520000000003,88.82000000000001,1.0,5.0,4.0,4.0,29.0,O=c1c(-c2nc(N=Cc3ccccc3)n[nH]2)c[nH]c2ncccc12,1
CCn1cc(-c2nc(/N=C/c3ccc(F)cc3)n[nH]2)c(=O)c2ccc(C)nc21,8.431798275933005,3.7,1,376.39500000000015,3.3996200000000014,88.82000000000001,1.0,5.0,4.0,4.0,28.0,O=c1c(-c2nc(N=Cc3ccccc3)n[nH]2)c[nH]c2ncccc12,1
CCn1cc(-c2nc(NC(=O)c3ccccc3)n[nH]2)c(=O)c2cc(Br)c(C)nc21,5.377785977033705,4190.0,1,453.3000000000002,3.524720000000001,105.56,2.0,5.0,4.0,4.0,29.0,O=C(Nc1n[nH]c(-c2c[nH]c3ncccc3c2=O)n1)c1ccccc1,0
CCn1cc(-c2nc(NC(=O)c3ccccc3)n[nH]2)c(=O)c2ccc(C)nc21,8.4089353929735,3.9,1,374.40400000000017,2.76222,105.56,2.0,5.0,4.0,4.0,28.0,O=C(Nc1n[nH]c(-c2c[nH]c3ncccc3c2=O)n1)c1ccccc1,1
CCn1cc(-c2nnc(Nc3ccc(OC)cc3)o2)c(=O)c2cc(Br)c(C)nc21,8.4089353929735,3.9,1,456.3000000000002,4.289520000000003,95.07,1.0,7.0,5.0,4.0,29.0,O=c1c(-c2nnc(Nc3ccccc3)o2)c[nH]c2ncccc12,1
CCn1cc(C(=O)O)c(=O)c2cc(F)c(N3CCNCC3)cc21,6.221848749616356,600.0,1,319.3360000000001,1.2683000000000002,74.57000000000001,2.0,4.0,3.0,2.0,23.0,O=c1cc[nH]c2cc(N3CCNCC3)ccc12,1
CCn1cc(C(=O)O)c(=O)c2ccc(C)nc21,6.952519998781667,3660.85,2,232.239,1.42302,72.19,1.0,3.0,2.0,2.0,17.0,O=c1cc[nH]c2ncccc12,1
CCn1cc(C(=O)O)c(=O)c2ccc(NC(=O)c3[nH]c(C)c(Cl)c3Cl)cc21,5.926935982160881,1200.0,2,408.24100000000016,3.9152200000000015,104.19,3.0,3.0,4.0,3.0,27.0,O=C(Nc1ccc2c(=O)cc[nH]c2c1)c1ccc[nH]1,0
CN(C(=O)CN1CCC1)c1cc(F)c2c(c1)CC(CNCCC1CN(c3cnc4c(n3)NC(=O)CO4)C(=O)O1)C2,5.958607314841775,1100.0,1,553.5950000000004,1.3350000000000009,129.23000000000002,2.0,9.0,9.0,2.0,40.0,O=C(CN1CCC1)Nc1ccc2c(c1)CC(CNCCC1CN(c3cnc4c(n3)NC(=O)CO4)C(=O)O1)C2,0
CN(C(=O)c1[nH]c(CN)c(Cl)c1Cl)c1nc2c(OCc3ccccc3)cc(C(=O)O)cc2s1,6.886056647693163,130.0,1,505.38300000000027,4.943700000000002,121.54,3.0,6.0,7.0,4.0,33.0,O=C(Nc1nc2c(OCc3ccccc3)cccc2s1)c1ccc[nH]1,1
CN(C)C(C)(C)C(=O)Nc1cc(F)c2c(c1)CC(CNCCC1CN(c3cnc4c(n3)NC(=O)CO4)C(=O)O1)C2,7.366531544420414,43.0,1,555.6110000000003,1.9452,138.02000000000004,3.0,9.0,9.0,2.0,40.0,O=C1COc2ncc(N3CC(CCNCC4Cc5ccccc5C4)OC3=O)nc2N1,1
CN(C)CC(=O)Nc1cc(F)c2c(c1)CC(CNCCC1CN(c3cnc4c(n3)NC(=O)CO4)C(=O)O1)C2,7.585026652029182,26.0,1,527.5570000000004,1.1666000000000003,138.02000000000004,3.0,9.0,9.0,2.0,38.0,O=C1COc2ncc(N3CC(CCNCC4Cc5ccccc5C4)OC3=O)nc2N1,1
CN1C(=O)C=CC2NC=C(OCCNC[C@@H]3CN(c4cnc5c(n4)NC(=O)CS5)C(=O)O3)N=C21,7.602059991327962,25.0,1,486.5140000000002,-0.3503999999999982,150.38,3.0,11.0,7.0,1.0,34.0,O=C1C=CC2NC=C(OCCNCC3CN(c4cnc5c(n4)NC(=O)CS5)C(=O)O3)N=C2N1,1
CN1C(=O)C=CC2NC=C(OCCNC[C@H]3CN(c4cnc5c(n4)NC(=O)CS5)C(=O)O3)N=C21,7.886056647693163,13.0,1,486.5140000000002,-0.3503999999999982,150.38,3.0,11.0,7.0,1.0,34.0,O=C1C=CC2NC=C(OCCNCC3CN(c4cnc5c(n4)NC(=O)CS5)C(=O)O3)N=C2N1,1
CN1C(=O)CNc2cc(F)c(OCCNC[C@@H]3CN(c4cnc5c(n4)NC(=O)CS5)C(=O)O3)nc21,7.173925197299173,67.0,1,504.5040000000002,0.4369999999999988,150.91000000000005,3.0,11.0,7.0,2.0,35.0,O=C1CNc2ccc(OCCNCC3CN(c4cnc5c(n4)NC(=O)CS5)C(=O)O3)nc2N1,1
CN1C(=O)CNc2cc(F)c(OCCNC[C@H]3CN(c4cnc5c(n4)NC(=O)CS5)C(=O)O3)nc21,7.022276394711152,95.0,1,504.5040000000002,0.4369999999999988,150.91000000000005,3.0,11.0,7.0,2.0,35.0,O=C1CNc2ccc(OCCNCC3CN(c4cnc5c(n4)NC(=O)CS5)C(=O)O3)nc2N1,1
CN1C(=O)CNc2ccc(OCCNC[C@@H]3CN(c4cnc5c(n4)NC(=O)CS5)C(=O)O3)nc21,6.494850021680094,320.0,1,486.5140000000002,0.2978999999999999,150.91000000000005,3.0,11.0,7.0,2.0,34.0,O=C1CNc2ccc(OCCNCC3CN(c4cnc5c(n4)NC(=O)CS5)C(=O)O3)nc2N1,1
CN1C(=O)CNc2ccc(OCCNC[C@H]3CN(c4cnc5c(n4)NC(=O)CS5)C(=O)O3)nc21,6.920818753952375,120.0,1,486.5140000000002,0.2978999999999999,150.91000000000005,3.0,11.0,7.0,2.0,34.0,O=C1CNc2ccc(OCCNCC3CN(c4cnc5c(n4)NC(=O)CS5)C(=O)O3)nc2N1,1
CNC(=O)c1cnn(-c2noc3c(F)c4c(cc23)CC2(C(=O)NC(=O)NC2=O)[C@H]2[C@H](C)O[C@H](C)CN42)c1,5.568636235841013,2700.0,1,511.47000000000025,0.4028999999999999,160.69,3.0,9.0,2.0,3.0,37.0,O=C1NC(=O)C2(Cc3cc4c(-n5cccn5)noc4cc3N3CCOCC32)C(=O)N1,0
CNC(=O)c1noc2c(Cl)c3c(nc12)CC1(C(=O)NC(=O)NC1=O)[C@H]1[C@H](C)O[C@H](C)CN31,6.154901959985743,700.0,1,462.85000000000025,0.1264999999999999,155.76,3.0,9.0,1.0,2.0,32.0,O=C1NC(=O)C2(Cc3nc4cnoc4cc3N3CCOCC32)C(=O)N1,1
CNC(=O)c1noc2c(F)c3c(cc12)CC1(C(=O)NC(=O)NC1=O)[C@H]1[C@H](C)O[C@H](C)CN31,6.002182402701225,1000.0,2,445.4070000000002,0.2172000000000006,142.87,3.0,8.0,1.0,2.0,32.0,O=C1NC(=O)C2(Cc3cc4cnoc4cc3N3CCOCC32)C(=O)N1,1
CNC1CN(c2c(F)cc3c(=O)c(C(=O)O)cn(-c4nc(N)c(F)cc4F)c3c2C)C1,6.257274868695301,553.0,1,433.39000000000016,1.79982,113.48,3.0,6.0,4.0,3.0,31.0,O=c1ccn(-c2ccccn2)c2cc(N3CCC3)ccc12,1
CNCC1CCN(c2c(F)c(N)c3c(=O)c(C(=O)O)cn(C4CC4)c3c2F)C1,5.11690664142431,7640.0,1,392.4060000000002,1.9407,100.59,3.0,5.0,5.0,2.0,28.0,O=c1ccn(C2CC2)c2cc(N3CCCC3)ccc12,0
CNCCCc1c(C(=O)Nc2ccc(C(=O)O)cc2)c(=O)[nH]c2c(NC)cc(F)cc12,6.882728704344236,131.0,1,426.44800000000015,2.811400000000001,123.32,5.0,5.0,8.0,3.0,31.0,O=C(Nc1ccccc1)c1cc2ccccc2[nH]c1=O,1
CNCCNc1c(C(=O)Nc2ccc(C(=O)O)cc2)c(=O)[nH]c2c(NC)cc(F)cc12,8.67778070526608,2.1,1,427.4360000000001,2.2907,135.35,6.0,6.0,8.0,3.0,31.0,O=C(Nc1ccccc1)c1cc2ccccc2[nH]c1=O,1
CNCCc1c(C(=O)Nc2ccc(C(=O)O)cc2)c(=O)[nH]c2c(NC)cc(F)cc12,6.962573502059376,109.0,1,412.4210000000001,2.4213000000000005,123.32,5.0,5.0,7.0,3.0,30.0,O=C(Nc1ccccc1)c1cc2ccccc2[nH]c1=O,1
CNc1cc(F)cc2c(NCC3CNC3)c(C(=O)Nc3ccc(C(=O)O)cc3)c(=O)[nH]c12,9.18045606445813,0.66,1,439.4470000000001,2.2907,135.35,6.0,6.0,7.0,3.0,32.0,O=C(Nc1ccccc1)c1c(NCC2CNC2)c2ccccc2[nH]c1=O,1
CNc1cc(F)cc2c(NCCCN)c(C(=O)Nc3ccc(C(=O)O)cc3)c(=O)[nH]c12,9.2839966563652,0.52,1,427.4360000000001,2.4200999999999997,149.33999999999995,6.0,6.0,8.0,3.0,31.0,O=C(Nc1ccccc1)c1cc2ccccc2[nH]c1=O,1
CNc1cc(F)cc2c(NCCN)c(C(=O)Nc3ccc(C(=O)O)cc3)c(=O)[nH]c12,9.0268721464003,0.94,1,413.4090000000001,2.03,149.34,6.0,6.0,7.0,3.0,30.0,O=C(Nc1ccccc1)c1cc2ccccc2[nH]c1=O,1
CNc1cc(F)cc2c(NCCN3CCOCC3)c(C(=O)Nc3ccc(C(=O)O)cc3)c(=O)[nH]c12,7.823908740944319,15.0,1,483.50000000000017,2.4035,135.79,5.0,7.0,8.0,3.0,35.0,O=C(Nc1ccccc1)c1c(NCCN2CCOCC2)c2ccccc2[nH]c1=O,1
CNc1cc(F)cc2c(O)c(C(=O)Nc3ccc(C(=O)NS(=O)(=O)N(C)C)cc3)c(=O)[nH]c12,8.568636235841012,2.7,1,477.4740000000002,1.2029999999999998,160.7,5.0,7.0,6.0,3.0,33.0,O=C(Nc1ccccc1)c1cc2ccccc2[nH]c1=O,1
CNc1cc(F)cc2c(O)c(C(=O)Nc3ccc(C(=O)NS(=O)(=O)N(C)C)cc3CN3CCCCC3)c(=O)[nH]c12,8.356547323513812,4.4,1,574.6350000000003,2.1889,163.93999999999997,5.0,8.0,8.0,3.0,40.0,O=C(Nc1ccccc1CN1CCCCC1)c1cc2ccccc2[nH]c1=O,1
CNc1cc(F)cc2c(O)c(C(=O)Nc3ccc(C(=O)O)cc3)c(=O)[nH]c12,8.958607314841775,1.1,1,371.3240000000001,2.3649999999999998,131.52,5.0,5.0,4.0,3.0,27.0,O=C(Nc1ccccc1)c1cc2ccccc2[nH]c1=O,1
CNc1cc(F)cc2c(O)c(C(=O)Nc3ccc(C(=O)O)cc3CN3CCCCC3)c(=O)[nH]c12,8.1249387366083,7.5,1,468.4850000000004,3.350900000000001,134.76,5.0,6.0,6.0,3.0,34.0,O=C(Nc1ccccc1CN1CCCCC1)c1cc2ccccc2[nH]c1=O,1
CNc1cc(F)cc2cc(C(=O)Nc3ccc(C(=O)N(C)CCN4CCOCC4)cc3)c(=O)[nH]c12,8.193820026016112,6.4,1,481.5280000000004,2.3653999999999997,106.77,3.0,6.0,7.0,3.0,35.0,O=C(NCCN1CCOCC1)c1ccc(NC(=O)c2cc3ccccc3[nH]c2=O)cc1,1
CNc1cc(F)cc2cc(C(=O)Nc3ccc(C(=O)NCCN)cc3)c(=O)[nH]c12,8.0268721464003,9.4,1,397.4100000000002,1.6496999999999995,129.11,5.0,5.0,6.0,3.0,29.0,O=C(Nc1ccccc1)c1cc2ccccc2[nH]c1=O,1
CNc1cc(F)cc2cc(C(=O)Nc3ccc(C(=O)NCCN4CCOCC4)cc3)c(=O)[nH]c12,8.136677139879543,7.3,1,467.5010000000004,2.023199999999999,115.56,4.0,6.0,7.0,3.0,34.0,O=C(NCCN1CCOCC1)c1ccc(NC(=O)c2cc3ccccc3[nH]c2=O)cc1,1
CNc1cc(F)cc2cc(C(=O)Nc3ccc(C(=O)NS(=O)(=O)N(C)C)cc3)c(=O)[nH]c12,9.366531544420411,0.43,1,461.4750000000002,1.4973999999999994,140.47,4.0,6.0,6.0,3.0,32.0,O=C(Nc1ccccc1)c1cc2ccccc2[nH]c1=O,1
CNc1cc(F)cc2cc(C(=O)Nc3ccc(C(=O)O)c(O)c3)c(=O)[nH]c12,8.67778070526608,2.1,1,371.3240000000001,2.3649999999999998,131.52,5.0,5.0,4.0,3.0,27.0,O=C(Nc1ccccc1)c1cc2ccccc2[nH]c1=O,1
CNc1cc(F)cc2cc(C(=O)Nc3ccc(C(=O)O)cc3)c(=O)[nH]c12,9.443697499232712,0.36,1,355.32500000000005,2.6594,111.29,4.0,4.0,4.0,3.0,26.0,O=C(Nc1ccccc1)c1cc2ccccc2[nH]c1=O,1
CNc1cc(F)cc2cc(C(=O)Nc3ccc(C(=O)O)cc3CN(C)C3CC3)c(=O)[nH]c12,9.221848749616356,0.6,1,438.4590000000003,3.2536000000000014,114.53,4.0,5.0,7.0,3.0,32.0,O=C(Nc1ccccc1CNC1CC1)c1cc2ccccc2[nH]c1=O,1
CNc1cc(F)cc2cc(C(=O)Nc3ccc(C(=O)O)cc3CN(C)C3CCCCC3)c(=O)[nH]c12,9.275724130399212,0.53,1,480.5400000000004,4.423900000000002,114.53,4.0,5.0,7.0,3.0,35.0,O=C(Nc1ccccc1CNC1CCCCC1)c1cc2ccccc2[nH]c1=O,1
CNc1cc(F)cc2cc(C(=O)Nc3ccc(C(=O)O)cc3CN(CC(=O)O)C3CCCCC3)c(=O)[nH]c12,9.244125144327509,0.57,1,524.5490000000004,3.878700000000002,151.83,5.0,6.0,9.0,3.0,38.0,O=C(Nc1ccccc1CNC1CCCCC1)c1cc2ccccc2[nH]c1=O,1
CNc1cc(F)cc2cc(C(=O)Nc3ccc(C(=O)O)cc3CN(CCN)C3CCCCC3)c(=O)[nH]c12,8.431798275933005,3.7,1,509.5820000000005,3.7528000000000015,140.54999999999998,5.0,6.0,9.0,3.0,37.0,O=C(Nc1ccccc1CNC1CCCCC1)c1cc2ccccc2[nH]c1=O,1
CNc1cc(F)cc2cc(C(=O)Nc3ccc(C(=O)O)cc3CN(CCO)C3CCCCC3)c(=O)[nH]c12,9.537602002101044,0.29,1,510.5660000000005,3.786400000000002,134.76,5.0,6.0,9.0,3.0,37.0,O=C(Nc1ccccc1CNC1CCCCC1)c1cc2ccccc2[nH]c1=O,1
CNc1cc(F)cc2cc(C(=O)Nc3ccc(C(=O)O)cc3CN3CCCCC3)c(=O)[nH]c12,9.508638306165729,0.31,1,452.4860000000004,3.6453000000000015,114.53,4.0,5.0,6.0,3.0,33.0,O=C(Nc1ccccc1CN1CCCCC1)c1cc2ccccc2[nH]c1=O,1
CNc1cc(F)cc2cc(C(=O)Nc3ccc(C(=O)O)cc3CNC3CCCCC3)c(=O)[nH]c12,9.585026652029182,0.26,1,466.5130000000004,4.081700000000002,123.32,5.0,5.0,7.0,3.0,34.0,O=C(Nc1ccccc1CNC1CCCCC1)c1cc2ccccc2[nH]c1=O,1
CNc1cc(F)cc2cc(C(=O)Nc3ccc(C(=O)O)cc3CNCCO)c(=O)[nH]c12,6.889410289700751,129.0,1,428.4200000000002,1.7412999999999994,143.55,6.0,6.0,8.0,3.0,31.0,O=C(Nc1ccccc1)c1cc2ccccc2[nH]c1=O,1
CNc1cc(F)cc2cc(C(=O)Nc3ccc(C(N)=O)cc3CN(C)C3CCCCC3)c(=O)[nH]c12,8.602059991327963,2.5,1,479.5560000000005,3.824600000000002,120.32,4.0,5.0,7.0,3.0,35.0,O=C(Nc1ccccc1CNC1CCCCC1)c1cc2ccccc2[nH]c1=O,1
CNc1cc(F)cc2cc(C(=O)Nc3ccc(CO)cc3CN(C)C3CCCCC3)c(=O)[nH]c12,8.721246399047171,1.9,1,466.5570000000004,4.218000000000003,97.45999999999998,4.0,5.0,7.0,3.0,34.0,O=C(Nc1ccccc1CNC1CCCCC1)c1cc2ccccc2[nH]c1=O,1
CNc1cc(F)cc2cc(C(=O)Nc3ccc(CO)cc3CN(CCO)C3CCCCC3)c(=O)[nH]c12,8.795880017344075,1.6,1,496.5830000000004,3.5805000000000016,117.69,5.0,6.0,9.0,3.0,36.0,O=C(Nc1ccccc1CNC1CCCCC1)c1cc2ccccc2[nH]c1=O,1
CNc1cc(F)cc2cc(C(=O)Nc3cnc(C(=O)O)nc3)c(=O)[nH]c12,9.022276394711152,0.95,1,357.3010000000001,1.4493999999999996,137.07,4.0,6.0,4.0,3.0,26.0,O=C(Nc1cncnc1)c1cc2ccccc2[nH]c1=O,1
CNc1cccc2cc(C(=O)Nc3ccc(C(=O)O)cc3)c(=O)[nH]c12,8.769551078621726,1.7,1,337.3350000000001,2.5203,111.29,4.0,4.0,4.0,3.0,25.0,O=C(Nc1ccccc1)c1cc2ccccc2[nH]c1=O,1
CO/N=C1\CN(c2nc3c(cc2F)c(=O)c(C(=O)O)cn3C2CC2)CC1CN,6.301029995663981,500.0,1,389.38700000000017,0.966,123.04,2.0,7.0,5.0,2.0,28.0,N=C1CCN(c2ccc3c(=O)ccn(C4CC4)c3n2)C1,1
COC(=O)C1CCCC(NCc2cc(/C=C/c3cn(C)c4ccc(Cl)cc34)[nH]n2)C1,5.6307841425898575,2340.0,1,426.9480000000001,4.546600000000003,71.94,2.0,4.0,6.0,3.0,30.0,C(=Cc1c[nH]c2ccccc12)c1cc(CNC2CCCCC2)n[nH]1,0
COC(=O)C1CCCC(NCc2cc(/C=C\c3cn(C)c4ccc(Cl)cc34)[nH]n2)C1,5.781299140421848,1755.0,2,426.9480000000001,4.546600000000003,71.94,2.0,4.0,6.0,3.0,30.0,C(=Cc1c[nH]c2ccccc12)c1cc(CNC2CCCCC2)n[nH]1,0
COC(=O)C1CCCC(Nc2[nH]nc3cccc(OCc4ccc(C(C)(C)C)cc4)c23)C1,5.037157318798758,9180.0,1,435.5680000000003,5.583100000000004,76.24,2.0,5.0,6.0,3.0,32.0,c1ccc(COc2cccc3n[nH]c(NC4CCCCC4)c23)cc1,0
COC(=O)C1CCCC(Nc2[nH]nc3cccc(OCc4ccc(Cl)c(Cl)c4)c23)C1,5.651695136951839,2230.0,1,448.3500000000003,5.592400000000004,76.24,2.0,5.0,6.0,3.0,30.0,c1ccc(COc2cccc3n[nH]c(NC4CCCCC4)c23)cc1,0
COC(=O)C1CN(Cc2n[nH]c3cccc(OCc4ccc(C(C)(C)C)cc4)c23)CCC1=O,5.051098239029786,8890.0,1,449.55100000000033,4.003400000000003,84.52000000000001,1.0,6.0,6.0,3.0,33.0,O=C1CCN(Cc2n[nH]c3cccc(OCc4ccccc4)c23)CC1,0
COC(=O)CC(=O)Nc1ccc2nc(NC(=O)c3cc(Br)c(Br)[nH]3)[nH]c2c1,5.154901959985743,7000.0,1,499.119,3.1699,128.97,4.0,5.0,5.0,3.0,27.0,O=C(Nc1nc2ccccc2[nH]1)c1ccc[nH]1,0
COC(=O)CC(=O)Nc1nc2c(s1)C[C@@H](NC(=O)c1[nH]c(C)c(Br)c1Cl)CC2,7.251811972993799,56.0,1,489.7790000000002,2.984420000000002,113.18,3.0,6.0,5.0,2.0,28.0,O=C(NC1CCc2ncsc2C1)c1ccc[nH]1,1
COC(=O)CC(=O)Nc1nc2c(s1)C[C@@H](NC(=O)c1cc(Br)c(Br)[nH]1)CC2,7.017728766960431,96.0,1,520.2030000000001,2.785100000000001,113.18,3.0,6.0,5.0,2.0,27.0,O=C(NC1CCc2ncsc2C1)c1ccc[nH]1,1
COC(=O)CC(=O)Nc1nc2c(s1)C[C@@H](NC(=O)c1cc(Cl)c(Cl)[nH]1)CC2,6.3979400086720375,400.0,1,431.30100000000016,2.5669000000000004,113.18,3.0,6.0,5.0,2.0,27.0,O=C(NC1CCc2ncsc2C1)c1ccc[nH]1,1
COC(=O)CC(=O)Nc1nc2c(s1)C[C@H](NC(=O)c1cc(Br)c(Br)[nH]1)CC2,5.040958607678906,9100.0,1,520.2030000000001,2.785100000000001,113.18,3.0,6.0,5.0,2.0,27.0,O=C(NC1CCc2ncsc2C1)c1ccc[nH]1,0
COC(=O)CC(=O)Nc1nc2ccc(NC(=O)c3[nH]c(C)c(Cl)c3Cl)cc2s1,6.698970004336019,200.0,1,441.2960000000001,3.993520000000002,113.18,3.0,6.0,5.0,3.0,28.0,O=C(Nc1ccc2ncsc2c1)c1ccc[nH]1,1
COC(=O)CC(=O)Nc1nc2ccc(NC(=O)c3cc(Br)c(Br)[nH]3)cc2s1,6.619788758288394,240.0,1,516.171,3.9033000000000015,113.18,3.0,6.0,5.0,3.0,27.0,O=C(Nc1ccc2ncsc2c1)c1ccc[nH]1,1
COC(=O)CC(=O)Nc1nc2ccc(NC(=O)c3cc(Cl)c(Cl)[nH]3)cc2s1,5.102372908709558,7900.0,1,427.26900000000006,3.685100000000001,113.18,3.0,6.0,5.0,3.0,27.0,O=C(Nc1ccc2ncsc2c1)c1ccc[nH]1,0
COC(=O)CCC(=O)Nc1nc2c(s1)C[C@@H](NC(=O)c1cc(Br)c(Br)[nH]1)CC2,7.031517051446065,93.0,1,534.23,3.175200000000001,113.18,3.0,6.0,6.0,2.0,28.0,O=C(NC1CCc2ncsc2C1)c1ccc[nH]1,1
COC(=O)CCC(=O)Nc1nc2c(s1)C[C@@H](NC(=O)c1cc(Cl)c(Cl)[nH]1)CC2,6.050609993355087,890.0,1,445.3280000000002,2.9570000000000007,113.18,3.0,6.0,6.0,2.0,28.0,O=C(NC1CCc2ncsc2C1)c1ccc[nH]1,1
COC(=O)CCC(=O)Nc1nc2c(s1)C[C@@H](NC(=O)c1cc3ccccc3[nH]1)CC2,5.040958607678906,9100.0,1,426.4980000000002,2.803400000000001,113.18,3.0,6.0,6.0,3.0,30.0,O=C(NC1CCc2ncsc2C1)c1cc2ccccc2[nH]1,0
COC(=O)CCC(=O)Nc1nc2ccc(NC(=O)c3cc(Br)c(Br)[nH]3)cc2s1,6.060480747381382,870.0,1,530.1980000000001,4.293400000000002,113.18,3.0,6.0,6.0,3.0,28.0,O=C(Nc1ccc2ncsc2c1)c1ccc[nH]1,1
COC(=O)CNC(=O)c1ccc(NC(=O)c2[nH]c(C)c(Cl)c2Cl)c(O[C@H]2CCNC2)c1.Cl,7.130768280269024,74.0,1,505.78600000000034,2.947520000000001,121.55,4.0,6.0,7.0,2.0,32.0,O=C(Nc1ccccc1OC1CCNC1)c1ccc[nH]1,1
COC(=O)CNC(=O)c1ccc(NC(=O)c2cc(Cl)c(Cl)[nH]2)c(OCC(C)C)c1,5.638272163982407,2300.0,1,442.29900000000015,3.511400000000001,109.52,3.0,5.0,8.0,2.0,29.0,O=C(Nc1ccccc1)c1ccc[nH]1,0
COC(=O)[C@H](C)NC(=O)c1ccc(NC(=O)c2[nH]c(C)c(Cl)c2Cl)c(OCCN)c1,7.468521082957745,34.0,1,457.31400000000025,2.51102,135.54,4.0,6.0,8.0,2.0,30.0,O=C(Nc1ccccc1)c1ccc[nH]1,1
COC(=O)c1cc(N2CC[C@H](N)C2)c2nc(NC(=O)c3[nH]c(C)c(Cl)c3Cl)sc2c1,7.318758762624412,48.0,1,468.36600000000016,3.815920000000001,113.34,3.0,7.0,4.0,3.0,30.0,O=C(Nc1nc2c(N3CCCC3)cccc2s1)c1ccc[nH]1,1
COC(=O)c1cc(N2CC[C@H](NC(=O)OC(C)(C)C)C2)c2nc(NC(=O)c3[nH]c(C)c(Cl)c3Cl)sc2c1,5.0,10000.0,1,568.4830000000003,5.381920000000005,125.65,3.0,8.0,5.0,3.0,37.0,O=C(Nc1nc2c(N3CCCC3)cccc2s1)c1ccc[nH]1,0
COCC(Oc1cc(C(=O)O)cc2sc(NC(=O)c3[nH]c(C)c(Cl)c3Cl)nc12)c1ccccc1,8.0,10.0,1,520.3940000000003,5.956620000000004,113.54,3.0,6.0,8.0,4.0,34.0,O=C(Nc1nc2c(OCc3ccccc3)cccc2s1)c1ccc[nH]1,1
COCCNC(=O)c1noc2c(F)c3c(cc12)CC1(C(=O)NC(=O)NC1=O)[C@H]1[C@H](C)O[C@H](C)CN31,6.0,1000.0,1,489.4600000000002,0.233800000000001,152.1,3.0,9.0,4.0,2.0,35.0,O=C1NC(=O)C2(Cc3cc4cnoc4cc3N3CCOCC32)C(=O)N1,1
COCCNc1nccc(-c2noc3c(F)c4c(cc23)CC2(C(=O)NC(=O)NC2=O)[C@H]2[C@H](C)O[C@H](C)CN42)n1,6.154901959985743,700.0,1,539.5240000000003,1.3728999999999998,160.80999999999997,3.0,11.0,5.0,3.0,39.0,O=C1NC(=O)C2(Cc3cc4c(-c5ccncn5)noc4cc3N3CCOCC32)C(=O)N1,1
COCCOCOc1c2c(c(C(=O)C(C)C)c3c1[C@@H](C(C)C)C1=C(O3)C(C)(C)C(=O)C(C)(C)C1=O)OC1=C(C(=O)C(C)(C)C(=O)C1(C)C)[C@H]2C(C)C,6.9230925678277355,132.5,2,720.9000000000001,7.70520000000001,131.5,0.0,10.0,10.0,1.0,52.0,O=C1CC(=O)C2=C(C1)Oc1cc3c(cc1C2)CC1=C(CC(=O)CC1=O)O3,1
COC[C@@H]1CN2c3c(cc4c(C)noc4c3F)CC3(C(=O)NC(=O)NC3=O)[C@H]2[C@H](C)O1,5.958607314841775,1100.0,1,432.4080000000002,0.7925199999999997,123.0,2.0,8.0,2.0,2.0,31.0,O=C1NC(=O)C2(Cc3cc4cnoc4cc3N3CCOCC32)C(=O)N1,0
COC[C@@H]1O[C@H](C)CN2c3c(cc4c(C)noc4c3F)CC3(C(=O)NC(=O)NC3=O)[C@@H]12,6.154901959985743,700.0,1,432.4080000000002,0.7925199999999997,123.0,2.0,8.0,2.0,2.0,31.0,O=C1NC(=O)C2(Cc3cc4cnoc4cc3N3CCOCC32)C(=O)N1,1
COCc1noc2c(Cl)c3c(cc12)CC1(C(=O)NC(=O)NC1=O)[C@H]1[C@H](C)O[C@H](C)CN31,5.769551078621726,1700.0,1,448.8630000000002,1.5183,123.0,2.0,8.0,2.0,2.0,31.0,O=C1NC(=O)C2(Cc3cc4cnoc4cc3N3CCOCC32)C(=O)N1,0
COCc1noc2c(F)c3c(cc12)CC1(C(=O)NC(=O)NC1=O)C1C(C)OC(C)CN31,5.795880017344075,1600.0,1,432.4080000000002,1.004,123.0,2.0,8.0,2.0,2.0,31.0,O=C1NC(=O)C2(Cc3cc4cnoc4cc3N3CCOCC32)C(=O)N1,0
CON(C)C(=O)c1noc2c(F)c3c(cc12)CC1(C(=O)NC(=O)NC1=O)[C@H]1[C@H](C)O[C@H](C)CN31,5.638272163982407,2300.0,1,475.4330000000002,0.4910000000000004,143.31,2.0,9.0,2.0,2.0,34.0,O=C1NC(=O)C2(Cc3cc4cnoc4cc3N3CCOCC32)C(=O)N1,0
CO[C@@H]1[C@@H](O)[C@@H](O)[C@H](Oc2ccc3c(O)c(NC(=O)/C=C/c4ccccc4)c(=O)oc3c2C)OC1(C)C,5.0,10000.0,1,511.5270000000003,2.7094200000000006,147.68999999999997,4.0,9.0,6.0,3.0,37.0,O=C(C=Cc1ccccc1)Nc1cc2ccc(OC3CCCCO3)cc2oc1=O,0
CO[C@@H]1[C@@H](O)[C@@H](O)[C@H](Oc2ccc3c(O)c(NC(=O)c4cc(C)c(O)c(C)c4)c(=O)oc3c2C)OC1(C)C,5.0,10000.0,1,529.5420000000004,2.6322600000000005,167.92,5.0,10.0,5.0,3.0,38.0,O=C(Nc1cc2ccc(OC3CCCCO3)cc2oc1=O)c1ccccc1,0
CO[C@@H]1[C@@H](O)[C@@H](O)[C@H](Oc2ccc3c(O)c(NC(=O)c4ccccc4)c(=O)oc3c2C)OC1(C)C,5.0,10000.0,1,485.4890000000003,2.30982,147.68999999999997,4.0,9.0,5.0,3.0,35.0,O=C(Nc1cc2ccc(OC3CCCCO3)cc2oc1=O)c1ccccc1,0
CO[C@@H]1[C@@H](O)[C@@H](OC(=O)c2ccc(C)[nH]2)[C@H](Oc2ccc3c(O)c(NC(=O)/C=C/c4ccccc4)c(=O)oc3c2Cl)OC1(C)C,6.072058784981982,899.0,2,639.057,4.555620000000003,169.54999999999998,4.0,10.0,8.0,4.0,45.0,O=C(C=Cc1ccccc1)Nc1cc2ccc(OC3OCCCC3OC(=O)c3ccc[nH]3)cc2oc1=O,1
CO[C@@H]1[C@@H](O)[C@@H](OC(=O)c2ccc(C)[nH]2)[C@H](Oc2ccc3c(O)c(NC(=O)c4cc(C)c(O)c(C)c4)c(=O)oc3c2Cl)OC1(C)C,6.459831088376216,348.0,2,657.0720000000001,4.478460000000004,189.78,5.0,11.0,7.0,4.0,46.0,O=C(Nc1cc2ccc(OC3OCCCC3OC(=O)c3ccc[nH]3)cc2oc1=O)c1ccccc1,1
CO[C@@H]1[C@@H](O)[C@@H](OC(=O)c2ccc(C)[nH]2)[C@H](Oc2ccc3c(O)c(NC(=O)c4ccc(N)c(C)c4)c(=O)oc3c2C)OC1(C)C,6.413465168181366,487.0,2,621.6430000000001,3.701660000000002,195.57,5.0,11.0,7.0,4.0,45.0,O=C(Nc1cc2ccc(OC3OCCCC3OC(=O)c3ccc[nH]3)cc2oc1=O)c1ccccc1,1
CO[C@@H]1[C@@H](O)[C@@H](OC(=O)c2ccc(C)[nH]2)[C@H](Oc2ccc3c(O)c(NC(=O)c4ccc(SC)cc4)c(=O)oc3c2Cl)OC1(C)C,6.552841968657781,280.0,1,659.113,4.877920000000004,169.54999999999998,4.0,11.0,8.0,4.0,45.0,O=C(Nc1cc2ccc(OC3OCCCC3OC(=O)c3ccc[nH]3)cc2oc1=O)c1ccccc1,1
CO[C@@H]1[C@@H](O)[C@@H](OC(=O)c2ccc(C)[nH]2)[C@H](Oc2ccc3c(O)c(NC(=O)c4ccccc4)c(=O)oc3c2Cl)OC1(C)C,6.742925432762281,203.5,2,613.0190000000001,4.1560200000000025,169.54999999999998,4.0,10.0,7.0,4.0,43.0,O=C(Nc1cc2ccc(OC3OCCCC3OC(=O)c3ccc[nH]3)cc2oc1=O)c1ccccc1,1
CO[C@@H]1[C@@H](OC(=O)c2ccc(C)[nH]2)[C@@H](O)[C@H](Oc2ccc3c(N(C)CCN(C)C)cc(=O)oc3c2C)OC1(C)C,6.202732459169283,627.0,1,557.6440000000002,2.8509400000000005,126.7,2.0,10.0,9.0,3.0,40.0,O=C(OC1CCOC(Oc2ccc3ccc(=O)oc3c2)C1)c1ccc[nH]1,1
CO[C@@H]1[C@@H](OC(=O)c2ccc(C)[nH]2)[C@@H](O)[C@H](Oc2ccc3c(N4CCC(N(C)C)CC4)cc(=O)oc3c2C)OC1(C)C,6.319664486585436,479.0,1,583.6820000000004,3.3835400000000018,126.7,2.0,10.0,7.0,3.0,42.0,O=C(OC1CCOC(Oc2ccc3c(N4CCCCC4)cc(=O)oc3c2)C1)c1ccc[nH]1,1
CO[C@@H]1[C@@H](OC(=O)c2ccc(C)[nH]2)[C@@H](O)[C@H](Oc2ccc3c(N4CCN(c5ccccn5)CC4)cc(=O)oc3c2C)OC1(C)C,5.752026733638194,1770.0,1,618.6870000000001,3.574740000000002,139.59,2.0,11.0,7.0,4.0,45.0,O=C(OC1CCOC(Oc2ccc3c(N4CCN(c5ccccn5)CC4)cc(=O)oc3c2)C1)c1ccc[nH]1,0
CO[C@@H]1[C@@H](OC(=O)c2ccc(C)[nH]2)[C@@H](O)[C@H](Oc2ccc3c(N4CC[N+](C)(C)CC4)cc(=O)oc3c2C)OC1(C)C,6.610833915635467,245.0,1,570.6630000000004,2.7495400000000005,123.46,2.0,9.0,6.0,3.0,41.0,O=C(OC1CCOC(Oc2ccc3c(N4CC[NH2+]CC4)cc(=O)oc3c2)C1)c1ccc[nH]1,1
CO[C@@H]1[C@@H](OC(=O)c2ccc(C)[nH]2)[C@@H](O)[C@H](Oc2ccc3c(O)c(NC(=O)/C=C/c4ccc(O)c(Cl)c4)c(=O)oc3c2)OC1(C)C,6.555966443296281,278.0,2,655.0560000000002,4.2612200000000025,189.78,5.0,11.0,8.0,4.0,46.0,O=C(C=Cc1ccccc1)Nc1cc2ccc(OC3CC(OC(=O)c4ccc[nH]4)CCO3)cc2oc1=O,1
CO[C@@H]1[C@@H](OC(=O)c2ccc(C)[nH]2)[C@@H](O)[C@H](Oc2ccc3c(O)c(NC(=O)/C=C/c4ccc(O)c(Cl)c4)c(=O)oc3c2Cl)OC1(C)C,7.179064727261844,84.5,2,689.5010000000001,4.914620000000004,189.78,5.0,11.0,8.0,4.0,47.0,O=C(C=Cc1ccccc1)Nc1cc2ccc(OC3CC(OC(=O)c4ccc[nH]4)CCO3)cc2oc1=O,1
CO[C@@H]1[C@@H](OC(=O)c2ccc(C)[nH]2)[C@@H](O)[C@H](Oc2ccc3c(O)c(NC(=O)/C=C/c4ccccc4)c(=O)oc3c2C)OC1(C)C,6.97469413473523,106.0,1,618.639,4.210640000000003,169.54999999999998,4.0,10.0,8.0,4.0,45.0,O=C(C=Cc1ccccc1)Nc1cc2ccc(OC3CC(OC(=O)c4ccc[nH]4)CCO3)cc2oc1=O,1
CO[C@@H]1[C@@H](OC(=O)c2ccc(C)[nH]2)[C@@H](O)[C@H](Oc2ccc3c(O)c(NC(=O)/C=C/c4ccccc4)c(=O)oc3c2Cl)OC1(C)C,7.25713928675921,62.0,2,639.057,4.555620000000003,169.54999999999998,4.0,10.0,8.0,4.0,45.0,O=C(C=Cc1ccccc1)Nc1cc2ccc(OC3CC(OC(=O)c4ccc[nH]4)CCO3)cc2oc1=O,1
CO[C@@H]1[C@@H](OC(=O)c2ccc(C)[nH]2)[C@@H](O)[C@H](Oc2ccc3c(O)c(NC(=O)c4c[nH]c(C(=O)Nc5c(O)c6ccc(O[C@@H]7OC(C)(C)[C@H](OC)[C@@H](OC(=O)c8ccc(C)[nH]8)[C@H]7O)c(C)c6oc5=O)c4C)c(=O)oc3c2C)OC1(C)C,7.522878745280337,30.0,1,1110.0919999999996,5.572000000000005,354.89,9.0,20.0,14.0,7.0,80.0,O=C(Nc1cc2ccc(OC3CC(OC(=O)c4ccc[nH]4)CCO3)cc2oc1=O)c1c[nH]c(C(=O)Nc2cc3ccc(OC4CC(OC(=O)c5ccc[nH]5)CCO4)cc3oc2=O)c1,1
CO[C@@H]1[C@@H](OC(=O)c2ccc(C)[nH]2)[C@@H](O)[C@H](Oc2ccc3c(O)c(NC(=O)c4cc(C)c(O)c(C)c4)c(=O)oc3c2)OC1(C)C,6.780491635806243,174.5,2,622.6270000000002,3.8250600000000015,189.78,5.0,11.0,7.0,4.0,45.0,O=C(Nc1cc2ccc(OC3CC(OC(=O)c4ccc[nH]4)CCO3)cc2oc1=O)c1ccccc1,1
CO[C@@H]1[C@@H](OC(=O)c2ccc(C)[nH]2)[C@@H](O)[C@H](Oc2ccc3c(O)c(NC(=O)c4cc(C)c(O)c(C)c4)c(=O)oc3c2Cl)OC1(C)C,7.478318860989435,41.0,2,657.0720000000001,4.478460000000003,189.78,5.0,11.0,7.0,4.0,46.0,O=C(Nc1cc2ccc(OC3CC(OC(=O)c4ccc[nH]4)CCO3)cc2oc1=O)c1ccccc1,1
CO[C@@H]1[C@@H](OC(=O)c2ccc(C)[nH]2)[C@@H](O)[C@H](Oc2ccc3c(O)c(NC(=O)c4ccc(N)c(C)c4)c(=O)oc3c2C)OC1(C)C,7.08735186778452,98.0,2,621.6430000000001,3.701660000000002,195.57,5.0,11.0,7.0,4.0,45.0,O=C(Nc1cc2ccc(OC3CC(OC(=O)c4ccc[nH]4)CCO3)cc2oc1=O)c1ccccc1,1
CO[C@@H]1[C@@H](OC(=O)c2ccc(C)[nH]2)[C@@H](O)[C@H](Oc2ccc3c(O)c(NC(=O)c4ccc(O)c(CC=C(C)C)c4)c(=O)oc3c2Cl)OC1(C)C,7.329777942579941,51.5,2,697.1370000000002,5.370320000000004,189.78,5.0,11.0,9.0,4.0,49.0,O=C(Nc1cc2ccc(OC3CC(OC(=O)c4ccc[nH]4)CCO3)cc2oc1=O)c1ccccc1,1
CO[C@@H]1[C@@H](OC(=O)c2ccc(C)[nH]2)[C@@H](O)[C@H](Oc2ccc3c(O)c(NC(=O)c4ccc(O)c(NC(=O)C(C)C)c4)c(=O)oc3c2Cl)OC1(C)C,7.261946641579904,57.0,2,714.124,4.456120000000002,218.88,6.0,12.0,9.0,4.0,50.0,O=C(Nc1cc2ccc(OC3CC(OC(=O)c4ccc[nH]4)CCO3)cc2oc1=O)c1ccccc1,1
CO[C@@H]1[C@@H](OC(=O)c2ccc(C)[nH]2)[C@@H](O)[C@H](Oc2ccc3c(O)c(NC(=O)c4ccc(SC)cc4)c(=O)oc3c2Cl)OC1(C)C,7.387345359137068,52.0,2,659.113,4.877920000000004,169.54999999999998,4.0,11.0,8.0,4.0,45.0,O=C(Nc1cc2ccc(OC3CC(OC(=O)c4ccc[nH]4)CCO3)cc2oc1=O)c1ccccc1,1
CO[C@@H]1[C@@H](OC(=O)c2ccc(C)[nH]2)[C@@H](O)[C@H](Oc2ccc3c(O)c(NC(=O)c4ccccc4)c(=O)oc3c2)OC1(C)C,6.980292940411932,134.5,2,578.5740000000002,3.502620000000002,169.54999999999998,4.0,10.0,7.0,4.0,42.0,O=C(Nc1cc2ccc(OC3CC(OC(=O)c4ccc[nH]4)CCO3)cc2oc1=O)c1ccccc1,1
CO[C@@H]1[C@@H](OC(=O)c2ccc(C)[nH]2)[C@@H](O)[C@H](Oc2ccc3c(O)c(NC(=O)c4ccccc4)c(=O)oc3c2C)OC1(C)C,6.882728704344236,131.0,1,592.6010000000001,3.811040000000002,169.54999999999998,4.0,10.0,7.0,4.0,43.0,O=C(Nc1cc2ccc(OC3CC(OC(=O)c4ccc[nH]4)CCO3)cc2oc1=O)c1ccccc1,1
CO[C@@H]1[C@@H](OC(=O)c2ccc(C)[nH]2)[C@@H](O)[C@H](Oc2ccc3c(O)c(NC(=O)c4ccccc4)c(=O)oc3c2Cl)OC1(C)C,7.142667503568731,72.0,1,613.0190000000001,4.1560200000000025,169.54999999999998,4.0,10.0,7.0,4.0,43.0,O=C(Nc1cc2ccc(OC3CC(OC(=O)c4ccc[nH]4)CCO3)cc2oc1=O)c1ccccc1,1
CO[C@@H]1[C@@H](OC(N)=O)[C@@H](O)[C@H](Oc2ccc3c(O)c(NC(=O)c4ccc(O)c(CC=C(C)C)c4)c(=O)oc3c2C)OC1(C)C,6.9358003656410965,124.0,8,612.6320000000002,3.6271200000000015,200.01,5.0,11.0,8.0,3.0,44.0,O=C(Nc1cc2ccc(OC3CCCCO3)cc2oc1=O)c1ccccc1,1
CO[C@@H]1[C@@H](OC(N)=O)[C@H](O)[C@@H](Oc2ccc3c(O)c(NC(=O)c4ccc(O)c(CC=C(C)C)c4)c(=O)oc3c2C)OC1(C)C,6.812479279163537,154.0,3,612.6320000000002,3.6271200000000015,200.01,5.0,11.0,8.0,3.0,44.0,O=C(Nc1cc2ccc(OC3CCCCO3)cc2oc1=O)c1ccccc1,1
COc1c(N2CC3CCCNC3C2)c(F)cc2c1N(C1CC1)CC(C(=O)O)C2=O,6.522878745280337,300.0,1,403.4540000000002,1.8884,82.11000000000001,2.0,6.0,4.0,1.0,29.0,O=C1CCN(C2CC2)c2cc(N3CC4CCCNC4C3)ccc21,1
COc1c(N2CCC[C@H](N)C2)c(F)cc2c(=O)c(C(=O)O)cn(C3CC3)c12,5.370590400897281,4260.0,1,375.40000000000015,2.1098000000000003,97.79,2.0,5.0,4.0,2.0,27.0,O=c1ccn(C2CC2)c2cc(N3CCCCC3)ccc12,0
COc1c(N2CC[C@@H](CN)C2)c(F)cc2c(=O)c(C(=O)O)cn(C3CC3)c12,6.920818753952375,120.0,1,375.40000000000015,1.9673,97.79,2.0,5.0,5.0,2.0,27.0,O=c1ccn(C2CC2)c2cc(N3CCCC3)ccc12,1
COc1c(N2CC[C@@H](CN)C2)c(F)cc2c1N(C1CC1)CC(C(=O)O)C2=O,6.920818753952375,120.0,1,377.41600000000017,1.4851999999999996,96.1,2.0,6.0,5.0,1.0,27.0,O=C1CCN(C2CC2)c2cc(N3CCCC3)ccc21,1
COc1c(N2CC[C@@H](CN)C2)c(F)cc2c1N(Cc1ccc(-c3ccccc3)cc1)CC(C(=O)O)C2=O,6.920818753952375,120.0,1,503.5740000000002,4.190000000000003,96.1,2.0,6.0,7.0,3.0,37.0,O=C1CCN(Cc2ccc(-c3ccccc3)cc2)c2cc(N3CCCC3)ccc21,1
COc1c(N2CC[C@@H]([C@H](C)N)C2)c(F)cc2c(=O)n(N)c(=O)n(C3CC3)c12,6.221848749616356,600.0,1,377.4200000000002,0.5331000000000007,108.51,2.0,6.0,4.0,2.0,27.0,O=c1[nH]c(=O)n(C2CC2)c2cc(N3CCCC3)ccc12,1
COc1c2c(c(C(=O)C(C)C)c3c1[C@@H](C(C)C)C1=C(O3)C(C)(C)C(=O)C(C)(C)C1=O)OC1=C(C(=O)C(C)(C)C(=O)C1(C)C)[C@H]2C(C)C,6.244928650298713,610.0,2,646.8210000000003,7.714500000000009,113.04,0.0,8.0,5.0,1.0,47.0,O=C1CC(=O)C2=C(C1)Oc1cc3c(cc1C2)CC1=C(CC(=O)CC1=O)O3,1
COc1cc(/C=C/C(=O)Nc2c(O)c3ccc(O[C@@H]4OC(C)(C)[C@H](OC)[C@@H](OC(=O)c5ccc(C)[nH]5)[C@H]4O)c(Cl)c3oc2=O)ccc1O,6.973287897965328,153.0,2,685.0820000000002,4.269820000000005,199.01,5.0,12.0,9.0,4.0,48.0,O=C(C=Cc1ccccc1)Nc1cc2ccc(OC3CC(OC(=O)c4ccc[nH]4)CCO3)cc2oc1=O,1
COc1cc(C(=O)NCC(=O)O)ccc1NC(=O)c1cc(Cl)c(Cl)[nH]1,6.920818753952375,120.0,1,386.19100000000014,2.3968,120.51999999999998,4.0,4.0,6.0,2.0,25.0,O=C(Nc1ccccc1)c1ccc[nH]1,1
COc1cc(C(=O)Nc2c(O)c3ccc(O[C@@H]4OC(C)(C)[C@H](OC)[C@@H](O)[C@H]4O)c(C)c3oc2=O)ccc1O,5.0,10000.0,1,531.5140000000004,2.02402,177.14999999999995,5.0,11.0,6.0,3.0,38.0,O=C(Nc1cc2ccc(OC3CCCCO3)cc2oc1=O)c1ccccc1,0
COc1cc(C(=O)Nc2c(O)c3ccc(O[C@@H]4OC(C)(C)[C@H](OC)[C@@H](O)[C@H]4OC(=O)c4ccc(C)[nH]4)c(Cl)c3oc2=O)ccc1O,6.193682232140775,675.5,2,659.0440000000002,3.870220000000003,199.01,5.0,12.0,8.0,4.0,46.0,O=C(Nc1cc2ccc(OC3OCCCC3OC(=O)c3ccc[nH]3)cc2oc1=O)c1ccccc1,1
COc1cc(C(=O)Nc2c(O)c3ccc(O[C@@H]4OC(C)(C)[C@H](OC)[C@@H](OC(=O)c5ccc(C)[nH]5)[C@H]4O)c(C)c3oc2=O)ccc1O,7.333780770042197,55.5,2,638.6260000000002,3.5252400000000024,199.01,5.0,12.0,8.0,4.0,46.0,O=C(Nc1cc2ccc(OC3CC(OC(=O)c4ccc[nH]4)CCO3)cc2oc1=O)c1ccccc1,1
COc1cc(C(=O)Nc2c(O)c3ccc(O[C@@H]4OC(C)(C)[C@H](OC)[C@@H](OC(=O)c5ccc(C)[nH]5)[C@H]4O)c(Cl)c3oc2=O)ccc1O,7.2856087442515225,72.0,2,659.0440000000002,3.870220000000003,199.01,5.0,12.0,8.0,4.0,46.0,O=C(Nc1cc2ccc(OC3CC(OC(=O)c4ccc[nH]4)CCO3)cc2oc1=O)c1ccccc1,1
COc1cc(C(=O)Nc2c(O)c3ccc(O[C@@H]4OC(C)(C)[C@H](OC)[C@@H](OC(=O)c5ccc(C)[nH]5)[C@H]4O)cc3oc2=O)ccc1O,6.928883504102643,130.0,2,624.5990000000003,3.2168200000000016,199.01,5.0,12.0,8.0,4.0,45.0,O=C(Nc1cc2ccc(OC3CC(OC(=O)c4ccc[nH]4)CCO3)cc2oc1=O)c1ccccc1,1
COc1ccc2c3conc3c(=O)n(CCN3CCC(NCc4ccc5c(n4)NC(=O)CO5)CC3)c2c1,7.728836308613013,830.105,2,504.5470000000003,2.1313999999999997,123.75,2.0,9.0,7.0,4.0,37.0,O=C1COc2ccc(CNC3CCN(CCn4c(=O)c5nocc5c5ccccc54)CC3)nc2N1,1
COc1ccc2c3conc3c(=O)n(CCN3CCC(NCc4nc5c(cc4F)OCC(=O)N5)CC3)c2c1,9.67778070526608,0.21,1,522.5370000000004,2.2704999999999997,123.75,2.0,9.0,7.0,4.0,38.0,O=C1COc2ccc(CNC3CCN(CCn4c(=O)c5nocc5c5ccccc54)CC3)nc2N1,1
COc1ccc2ccc(=O)n(CCN[C@H]3CC[C@H]4[C@H](C3)OC(=O)N4c3ccc4c(n3)NC(=O)CS4)c2n1,6.978810700930062,105.0,1,522.5870000000002,2.3804,127.68,2.0,9.0,6.0,3.0,37.0,O=C1CSc2ccc(N3C(=O)OC4CC(NCCn5c(=O)ccc6cccnc65)CCC43)nc2N1,1
COc1ccc2ncc(C#N)c(CCN3CCC(NCc4cc5c(cn4)OCS5)CC3)c2c1,7.0,100.0,1,461.5910000000002,3.748780000000002,83.3,1.0,8.0,7.0,3.0,33.0,c1ccc2c(CCN3CCC(NCc4cc5c(cn4)OCS5)CC3)ccnc2c1,1
COc1ccc2ncc(F)c(CCCN3CCN(C/C=C/c4cc(F)ccc4F)C[C@@H]3C(=O)O)c2c1,5.189767482004916,6460.0,1,499.5330000000002,4.377500000000003,65.9,1.0,5.0,9.0,3.0,36.0,C(=Cc1ccccc1)CN1CCN(CCCc2ccnc3ccccc23)CC1,0
COc1ccc2ncc(F)c(CCCN3CCN(CCSc4cccs4)C[C@@H]3C(=O)O)c2c1,5.267606240177032,5400.0,1,489.6380000000002,4.239700000000003,65.9,1.0,7.0,10.0,3.0,33.0,c1csc(SCCN2CCN(CCCc3ccnc4ccccc34)CC2)c1,0
COc1ccc2ncc(F)c([C@@H](O)CC[C@@H]3CCN(CCSc4cccs4)C[C@@H]3C(=O)O)c2c1,5.4089353929735005,3900.0,1,504.6490000000002,5.072600000000004,82.89000000000001,2.0,7.0,10.0,3.0,34.0,c1csc(SCCN2CCC(CCCc3ccnc4ccccc34)CC2)c1,0
COc1ccc2nccc(C(O)C[C@H]3CC[C@H](NCc4cc(F)c(Br)c(F)c4)CC3)c2n1,7.267606240177032,54.0,1,506.3910000000002,5.4512000000000045,67.27000000000001,2.0,5.0,7.0,3.0,32.0,c1ccc(CNC2CCC(CCc3ccnc4cccnc34)CC2)cc1,1
COc1ccc2nccc(CCN3CCC(NC(=O)c4cc(F)c(Br)c(F)c4)CC3)c2n1,6.943095148663527,114.0,1,505.36300000000006,4.116000000000003,67.35,1.0,5.0,6.0,3.0,32.0,O=C(NC1CCN(CCc2ccnc3cccnc23)CC1)c1ccccc1,1
COc1ccc2nccc(CCN3CCC(NC(=O)c4cc(F)c(Cl)c(F)c4)CC3)c2n1,6.627087997029894,236.0,1,460.912,4.006900000000003,67.35,1.0,5.0,6.0,3.0,32.0,O=C(NC1CCN(CCc2ccnc3cccnc23)CC1)c1ccccc1,1
COc1ccc2nccc(CCN3CCC(NC(=O)c4ccc(I)c(F)c4)CC3)c2n1,6.557520230935552,277.0,1,534.3729999999999,3.8190000000000026,67.35,1.0,5.0,6.0,3.0,31.0,O=C(NC1CCN(CCc2ccnc3cccnc23)CC1)c1ccccc1,1
COc1ccc2nccc(CCN3CCC(NCc4cc(F)c(Br)c(F)c4)CC3)c2n1,7.060480747381382,87.0,1,491.38000000000005,4.475800000000003,50.28,1.0,5.0,7.0,3.0,31.0,c1ccc(CNC2CCN(CCc3ccnc4cccnc34)CC2)cc1,1
COc1ccc2nccc(OC[C@@H]3CC[C@@H](NCc4cc(F)c(Br)c(F)c4)CO3)c2n1,6.476253533188435,334.0,1,494.33600000000007,4.395300000000003,65.5,1.0,6.0,7.0,3.0,31.0,c1ccc(CNC2CCC(COc3ccnc4cccnc34)OC2)cc1,1
COc1ccc2nccc(OC[C@H]3CC[C@H](NCc4cc(F)c(Br)c(F)c4)CC3)c2n1,6.6307841425898575,234.0,1,492.36400000000015,5.406500000000005,56.27,1.0,5.0,7.0,3.0,31.0,c1ccc(CNC2CCC(COc3ccnc4cccnc34)CC2)cc1,1
COc1cnc2ccc(=O)n(CCCN[C@H]3CC[C@H]4[C@H](C3)OC(=O)N4c3ccc4c(n3)NC(=O)CO4)c2c1,6.337242168318426,460.0,1,520.5460000000003,2.057199999999999,136.90999999999997,2.0,9.0,7.0,3.0,38.0,O=C1COc2ccc(N3C(=O)OC4CC(NCCCn5c(=O)ccc6ncccc65)CCC43)nc2N1,1
COc1cncc(-c2noc3c(F)c4c(cc23)CC2(C(=O)NC(=O)NC2=O)[C@H]2[C@H](C)O[C@H](C)CN42)n1,5.958607314841775,1100.0,1,496.45500000000027,1.3231999999999997,148.78,2.0,10.0,2.0,3.0,36.0,O=C1NC(=O)C2(Cc3cc4c(-c5cnccn5)noc4cc3N3CCOCC32)C(=O)N1,0
COc1nccc(-c2noc3c(F)c4c(cc23)CC2(C(=O)NC(=O)NC2=O)[C@H]2[C@H](C)O[C@H](C)CN42)n1,6.045757490560675,900.0,1,496.45500000000027,1.3231999999999997,148.78,2.0,10.0,2.0,3.0,36.0,O=C1NC(=O)C2(Cc3cc4c(-c5ccncn5)noc4cc3N3CCOCC32)C(=O)N1,1
COc1noc2c(F)c3c(cc12)CC1(C(=O)NC(=O)NC1=O)[C@H]1[C@H](C)O[C@H](C)CN31,6.006614132866877,985.0,2,418.3810000000002,0.8661999999999999,123.0,2.0,8.0,1.0,2.0,30.0,O=C1NC(=O)C2(Cc3cc4cnoc4cc3N3CCOCC32)C(=O)N1,1
CSc1cnc(-c2noc3c(F)c4c(cc23)CC2(C(=O)NC(=O)NC2=O)[C@H]2[C@H](C)O[C@H](C)CN42)cn1,5.769551078621726,1700.0,1,512.5230000000003,2.0365,139.54999999999998,2.0,10.0,2.0,3.0,36.0,O=C1NC(=O)C2(Cc3cc4c(-c5cnccn5)noc4cc3N3CCOCC32)C(=O)N1,0
CSc1nc(NC(=O)CN2CCN(c3cc4c(cc3F)c(=O)c(C(=O)O)cn4C3CC3)CC2)cc(=O)[nH]1,5.242831807785727,5717.0,1,528.5660000000003,1.7396,140.63,3.0,8.0,7.0,3.0,37.0,O=C(CN1CCN(c2ccc3c(=O)ccn(C4CC4)c3c2)CC1)Nc1cc(=O)[nH]cn1,0
CSc1nccc(-c2noc3c(F)c4c(cc23)CC2(C(=O)NC(=O)NC2=O)[C@H]2[C@H](C)O[C@H](C)CN42)n1,6.221848749616356,600.0,1,512.5230000000003,2.0365,139.54999999999998,2.0,10.0,2.0,3.0,36.0,O=C1NC(=O)C2(Cc3cc4c(-c5ccncn5)noc4cc3N3CCOCC32)C(=O)N1,1
CSc1noc2c(F)c3c(cc12)CC1(C(=O)NC(=O)NC1=O)[C@H]1[C@H](C)O[C@H](C)CN31,6.045757490560675,900.0,1,434.4490000000002,1.5795,113.76999999999998,2.0,8.0,1.0,2.0,30.0,O=C1NC(=O)C2(Cc3cc4cnoc4cc3N3CCOCC32)C(=O)N1,1
C[C@@H](N)COc1cc(F)c2c(c1)CC(CN1CCC3(CC1)CN(c1cnc4c(n1)NC(=O)CO4)C(=O)O3)C2,7.619788758288394,24.0,1,526.5690000000004,1.8787999999999996,132.14,2.0,9.0,6.0,2.0,38.0,O=C1COc2ncc(N3CC4(CCN(CC5Cc6ccccc6C5)CC4)OC3=O)nc2N1,1
C[C@@H](N)[C@@H]1CCN(c2cc3c(cc2F)c(=O)c(C(=O)O)cn3C2CC2)C1,5.681936665037238,2080.0,1,359.4010000000001,2.3472,88.56,2.0,4.0,4.0,2.0,26.0,O=c1ccn(C2CC2)c2cc(N3CCCC3)ccc12,0
C[C@@H](N)[C@@H]1CCN(c2nc3c(cc2F)c(=O)c(C(=O)O)cn3C2CC2)C1,5.681936665037238,2080.0,1,360.3890000000001,1.7422,101.45,2.0,5.0,4.0,2.0,26.0,O=c1ccn(C2CC2)c2nc(N3CCCC3)ccc12,0
C[C@@H](N)[C@H]1CCN(c2cc3c(cc2F)c(=O)c(C(=O)O)cn3C2CC2)C1,5.856985199745905,1390.0,1,359.4010000000001,2.3472,88.56,2.0,4.0,4.0,2.0,26.0,O=c1ccn(C2CC2)c2cc(N3CCCC3)ccc12,0
C[C@@H](N)[C@H]1CCN(c2nc3c(cc2F)c(=O)c(C(=O)O)cn3-c2ccc(F)cc2F)C1,5.939302159646388,1150.0,1,432.4020000000001,2.6747,101.45,2.0,5.0,4.0,3.0,31.0,O=c1ccn(-c2ccccc2)c2nc(N3CCCC3)ccc12,0
C[C@@H](N)[C@H]1CCN(c2nc3c(cc2F)c(=O)c(C(=O)O)cn3C2CC2)C1,5.159266765388193,6930.0,1,360.3890000000001,1.7422,101.45,2.0,5.0,4.0,2.0,26.0,O=c1ccn(C2CC2)c2nc(N3CCCC3)ccc12,0
C[C@@H]1CN2c3c(cc(C(=N)CO)c(O)c3F)CC3(C(=O)NC(=O)NC3=O)[C@H]2[C@H](C)O1,5.853871964321762,1400.0,1,420.3970000000001,-0.2178300000000003,152.04999999999998,5.0,8.0,2.0,1.0,30.0,O=C1NC(=O)C2(Cc3ccccc3N3CCOCC32)C(=O)N1,0
C[C@@H]1CN2c3c(cc4c(-c5ccccc5)noc4c3F)CC3(C(=O)NC(=O)NC3=O)[C@H]2[C@H](C)O1,6.3979400086720375,400.0,1,464.45300000000015,2.524599999999999,113.76999999999998,2.0,7.0,1.0,3.0,34.0,O=C1NC(=O)C2(Cc3cc4c(-c5ccccc5)noc4cc3N3CCOCC32)C(=O)N1,1
C[C@@H]1CN2c3c(cc4c(-c5ccccc5F)noc4c3F)CC3(C(=O)NC(=O)NC3=O)[C@H]2[C@H](C)O1,6.3979400086720375,400.0,1,482.44300000000015,2.6636999999999995,113.76999999999998,2.0,7.0,1.0,3.0,35.0,O=C1NC(=O)C2(Cc3cc4c(-c5ccccc5)noc4cc3N3CCOCC32)C(=O)N1,1
C[C@@H]1CN2c3c(cc4c(-c5ccccn5)noc4c3Cl)CC3(C(=O)NC(=O)NC3=O)[C@H]2[C@H](C)O1,6.096910013008056,800.0,1,481.8960000000001,2.4338999999999995,126.66,2.0,8.0,1.0,3.0,34.0,O=C1NC(=O)C2(Cc3cc4c(-c5ccccn5)noc4cc3N3CCOCC32)C(=O)N1,1
C[C@@H]1CN2c3c(cc4c(-c5ccccn5)noc4c3F)CC3(C(=O)NC(=O)NC3=O)[C@H]2[C@H](C)O1,6.698970004336019,200.0,1,465.44100000000014,1.919599999999999,126.66,2.0,8.0,1.0,3.0,34.0,O=C1NC(=O)C2(Cc3cc4c(-c5ccccn5)noc4cc3N3CCOCC32)C(=O)N1,1
C[C@@H]1CN2c3c(cc4c(-c5cccnc5)noc4c3Cl)CC3(C(=O)NC(=O)NC3=O)[C@H]2[C@H](C)O1,6.522878745280337,300.0,1,481.8960000000001,2.4338999999999995,126.66,2.0,8.0,1.0,3.0,34.0,O=C1NC(=O)C2(Cc3cc4c(-c5cccnc5)noc4cc3N3CCOCC32)C(=O)N1,1
C[C@@H]1CN2c3c(cc4c(-c5ccco5)noc4c3F)CC3(C(=O)NC(=O)NC3=O)[C@H]2[C@H](C)O1,6.154901959985743,700.0,1,454.41400000000016,2.1175999999999995,126.91,2.0,8.0,1.0,3.0,33.0,O=C1NC(=O)C2(Cc3cc4c(-c5ccco5)noc4cc3N3CCOCC32)C(=O)N1,1
C[C@@H]1CN2c3c(cc4c(-c5ccnc(N)n5)noc4c3F)CC3(C(=O)NC(=O)NC3=O)[C@H]2[C@H](C)O1,6.301029995663981,500.0,1,481.4440000000002,0.8967999999999996,165.57,3.0,10.0,1.0,3.0,35.0,O=C1NC(=O)C2(Cc3cc4c(-c5ccncn5)noc4cc3N3CCOCC32)C(=O)N1,1
C[C@@H]1CN2c3c(cc4c(-c5ccnc(N6CCOCC6)n5)noc4c3F)CC3(C(=O)NC(=O)NC3=O)[C@H]2[C@H](C)O1,5.494850021680094,3200.0,1,551.5350000000003,1.151199999999999,152.01999999999998,2.0,11.0,2.0,3.0,40.0,O=C1NC(=O)C2(Cc3cc4c(-c5ccnc(N6CCOCC6)n5)noc4cc3N3CCOCC32)C(=O)N1,0
C[C@@H]1CN2c3c(cc4c(-c5ccnc(NCCO)n5)noc4c3F)CC3(C(=O)NC(=O)NC3=O)[C@H]2[C@H](C)O1,6.522878745280337,300.0,1,525.4970000000002,0.7187999999999997,171.81,4.0,11.0,4.0,3.0,38.0,O=C1NC(=O)C2(Cc3cc4c(-c5ccncn5)noc4cc3N3CCOCC32)C(=O)N1,1
C[C@@H]1CN2c3c(cc4c(-c5ccnc(O)n5)noc4c3F)CC3(C(=O)NC(=O)NC3=O)[C@H]2[C@H](C)O1,6.045757490560675,900.0,1,482.42800000000017,1.020199999999999,159.78,3.0,10.0,1.0,3.0,35.0,O=C1NC(=O)C2(Cc3cc4c(-c5ccncn5)noc4cc3N3CCOCC32)C(=O)N1,1
C[C@@H]1CN2c3c(cc4c(-c5ccncc5)noc4c3Cl)CC3(C(=O)NC(=O)NC3=O)[C@H]2[C@H](C)O1,6.0,1000.0,1,481.8960000000001,2.433899999999999,126.66,2.0,8.0,1.0,3.0,34.0,O=C1NC(=O)C2(Cc3cc4c(-c5ccncc5)noc4cc3N3CCOCC32)C(=O)N1,1
C[C@@H]1CN2c3c(cc4c(-c5ccncc5)noc4c3F)CC3(C(=O)NC(=O)NC3=O)[C@H]2[C@H](C)O1,6.698970004336019,200.0,1,465.44100000000014,1.919599999999999,126.66,2.0,8.0,1.0,3.0,34.0,O=C1NC(=O)C2(Cc3cc4c(-c5ccncc5)noc4cc3N3CCOCC32)C(=O)N1,1
C[C@@H]1CN2c3c(cc4c(-c5ccncn5)noc4c3Cl)CC3(C(=O)NC(=O)NC3=O)[C@H]2[C@H](C)O1,6.301029995663981,500.0,1,482.8840000000001,1.828899999999999,139.54999999999998,2.0,9.0,1.0,3.0,34.0,O=C1NC(=O)C2(Cc3cc4c(-c5ccncn5)noc4cc3N3CCOCC32)C(=O)N1,1
C[C@@H]1CN2c3c(cc4c(-c5ccncn5)noc4c3F)CC3(C(=O)NC(=O)NC3=O)[C@H]2[C@H](C)O1,6.522878745280337,300.0,1,466.42900000000014,1.314599999999999,139.54999999999998,2.0,9.0,1.0,3.0,34.0,O=C1NC(=O)C2(Cc3cc4c(-c5ccncn5)noc4cc3N3CCOCC32)C(=O)N1,1
C[C@@H]1CN2c3c(cc4c(-c5ccnnc5)noc4c3Cl)CC3(C(=O)NC(=O)NC3=O)[C@H]2[C@H](C)O1,5.795880017344075,1600.0,1,482.8840000000001,1.828899999999999,139.54999999999998,2.0,9.0,1.0,3.0,34.0,O=C1NC(=O)C2(Cc3cc4c(-c5ccnnc5)noc4cc3N3CCOCC32)C(=O)N1,0
C[C@@H]1CN2c3c(cc4c(-c5cn[nH]c5)noc4c3F)CC3(C(=O)NC(=O)NC3=O)[C@H]2[C@H](C)O1,6.096910013008056,800.0,1,454.4180000000002,1.2476999999999994,142.45,3.0,8.0,1.0,3.0,33.0,O=C1NC(=O)C2(Cc3cc4c(-c5cn[nH]c5)noc4cc3N3CCOCC32)C(=O)N1,1
C[C@@H]1CN2c3c(cc4c(-c5cncc(Cl)n5)noc4c3F)CC3(C(=O)NC(=O)NC3=O)[C@H]2[C@H](C)O1,6.096910013008056,800.0,1,500.87400000000014,1.9679999999999995,139.54999999999998,2.0,9.0,1.0,3.0,35.0,O=C1NC(=O)C2(Cc3cc4c(-c5cnccn5)noc4cc3N3CCOCC32)C(=O)N1,1
C[C@@H]1CN2c3c(cc4c(-c5cncc(N(C)C)n5)noc4c3F)CC3(C(=O)NC(=O)NC3=O)[C@H]2[C@H](C)O1,5.301029995663981,5000.0,1,509.4980000000002,1.3805999999999992,142.79,2.0,10.0,2.0,3.0,37.0,O=C1NC(=O)C2(Cc3cc4c(-c5cnccn5)noc4cc3N3CCOCC32)C(=O)N1,0
C[C@@H]1CN2c3c(cc4c(-c5cnccn5)noc4c3Cl)CC3(C(=O)NC(=O)NC3=O)[C@H]2[C@H](C)O1,6.698970004336019,200.0,1,482.8840000000001,1.828899999999999,139.54999999999998,2.0,9.0,1.0,3.0,34.0,O=C1NC(=O)C2(Cc3cc4c(-c5cnccn5)noc4cc3N3CCOCC32)C(=O)N1,1
C[C@@H]1CN2c3c(cc4c(-c5cnccn5)noc4c3F)CC3(C(=O)NC(=O)NC3=O)[C@@H]2[C@@H](C)O1,5.107905397309519,7800.0,1,466.42900000000014,1.314599999999999,139.54999999999998,2.0,9.0,1.0,3.0,34.0,O=C1NC(=O)C2(Cc3cc4c(-c5cnccn5)noc4cc3N3CCOCC32)C(=O)N1,0
C[C@@H]1CN2c3c(cc4c(-c5cnccn5)noc4c3F)CC3(C(=O)NC(=O)NC3=O)[C@H]2[C@H](C)O1,6.548455006504028,300.0,2,466.42900000000014,1.314599999999999,139.54999999999998,2.0,9.0,1.0,3.0,34.0,O=C1NC(=O)C2(Cc3cc4c(-c5cnccn5)noc4cc3N3CCOCC32)C(=O)N1,1
C[C@@H]1CN2c3c(cc4c(-c5cncn5C)noc4c3F)CC3(C(=O)NC(=O)NC3=O)[C@H]2[C@H](C)O1,6.301029995663981,500.0,1,468.44500000000016,1.258099999999999,131.59,2.0,8.0,1.0,3.0,34.0,O=C1NC(=O)C2(Cc3cc4c(-c5cnc[nH]5)noc4cc3N3CCOCC32)C(=O)N1,1
C[C@@H]1CN2c3c(cc4c(-c5cncs5)noc4c3Cl)CC3(C(=O)NC(=O)NC3=O)[C@H]2[C@H](C)O1,6.096910013008056,800.0,1,487.9250000000001,2.495399999999999,126.66,2.0,9.0,1.0,3.0,33.0,O=C1NC(=O)C2(Cc3cc4c(-c5cncs5)noc4cc3N3CCOCC32)C(=O)N1,1
C[C@@H]1CN2c3c(cc4c(-c5cncs5)noc4c3F)CC3(C(=O)NC(=O)NC3=O)[C@H]2[C@H](C)O1,6.3979400086720375,400.0,1,471.47000000000014,1.9810999999999992,126.66,2.0,9.0,1.0,3.0,33.0,O=C1NC(=O)C2(Cc3cc4c(-c5cncs5)noc4cc3N3CCOCC32)C(=O)N1,1
C[C@@H]1CN2c3c(cc4c(-c5nc(C(=O)N(C)C)cs5)noc4c3F)CC3(C(=O)NC(=O)NC3=O)[C@H]2[C@H](C)O1,5.301029995663981,5000.0,1,542.5490000000002,1.6828999999999996,146.97,2.0,10.0,2.0,3.0,38.0,O=C1NC(=O)C2(Cc3cc4c(-c5nccs5)noc4cc3N3CCOCC32)C(=O)N1,0
C[C@@H]1CN2c3c(cc4c(-c5ncc(C(=O)N(C)C)s5)noc4c3F)CC3(C(=O)NC(=O)NC3=O)[C@H]2[C@H](C)O1,5.173925197299173,6700.0,1,542.5490000000002,1.6828999999999996,146.97,2.0,10.0,2.0,3.0,38.0,O=C1NC(=O)C2(Cc3cc4c(-c5nccs5)noc4cc3N3CCOCC32)C(=O)N1,0
C[C@@H]1CN2c3c(cc4c(-c5ncccn5)noc4c3Cl)CC3(C(=O)NC(=O)NC3=O)[C@H]2[C@H](C)O1,5.920818753952375,1200.0,1,482.8840000000001,1.828899999999999,139.54999999999998,2.0,9.0,1.0,3.0,34.0,O=C1NC(=O)C2(Cc3cc4c(-c5ncccn5)noc4cc3N3CCOCC32)C(=O)N1,0
C[C@@H]1CN2c3c(cc4c(-c5ncccn5)noc4c3F)CC3(C(=O)NC(=O)NC3=O)[C@H]2[C@H](C)O1,6.221848749616356,650.0,2,466.42900000000014,1.314599999999999,139.54999999999998,2.0,9.0,1.0,3.0,34.0,O=C1NC(=O)C2(Cc3cc4c(-c5ncccn5)noc4cc3N3CCOCC32)C(=O)N1,1
C[C@@H]1CN2c3c(cc4c(-c5nccn5C)noc4c3Cl)CC3(C(=O)NC(=O)NC3=O)[C@H]2[C@H](C)O1,5.886056647693163,1300.0,1,484.90000000000015,1.772399999999999,131.59,2.0,8.0,1.0,3.0,34.0,O=C1NC(=O)C2(Cc3cc4c(-c5ncc[nH]5)noc4cc3N3CCOCC32)C(=O)N1,0
C[C@@H]1CN2c3c(cc4c(-c5nccn5C)noc4c3F)CC3(C(=O)NC(=O)NC3=O)[C@@H]2[C@H](C)O1,6.154901959985743,700.0,1,468.44500000000016,1.2580999999999996,131.59,2.0,8.0,1.0,3.0,34.0,O=C1NC(=O)C2(Cc3cc4c(-c5ncc[nH]5)noc4cc3N3CCOCC32)C(=O)N1,1
C[C@@H]1CN2c3c(cc4c(-c5nccnc5Cl)noc4c3F)CC3(C(=O)NC(=O)NC3=O)[C@H]2[C@H](C)O1,6.096910013008056,800.0,1,500.8740000000002,1.9679999999999995,139.54999999999998,2.0,9.0,1.0,3.0,35.0,O=C1NC(=O)C2(Cc3cc4c(-c5cnccn5)noc4cc3N3CCOCC32)C(=O)N1,1
C[C@@H]1CN2c3c(cc4c(-c5nccs5)noc4c3Cl)CC3(C(=O)NC(=O)NC3=O)[C@H]2[C@H](C)O1,6.0,1000.0,1,487.9250000000001,2.495399999999999,126.66,2.0,9.0,1.0,3.0,33.0,O=C1NC(=O)C2(Cc3cc4c(-c5nccs5)noc4cc3N3CCOCC32)C(=O)N1,1
C[C@@H]1CN2c3c(cc4c(-c5nccs5)noc4c3F)CC3(C(=O)NC(=O)NC3=O)[C@H]2[C@H](C)O1,6.154901959985743,700.0,1,471.47000000000014,1.9811,126.66,2.0,9.0,1.0,3.0,33.0,O=C1NC(=O)C2(Cc3cc4c(-c5nccs5)noc4cc3N3CCOCC32)C(=O)N1,1
C[C@@H]1CN2c3c(cc4c(-c5ncnn5C)noc4c3F)CC3(C(=O)NC(=O)NC3=O)[C@H]2[C@H](C)O1,5.886056647693163,1300.0,1,469.43300000000016,0.6530999999999997,144.48,2.0,9.0,1.0,3.0,34.0,O=C1NC(=O)C2(Cc3cc4c(-c5ncn[nH]5)noc4cc3N3CCOCC32)C(=O)N1,0
C[C@@H]1CN2c3c(cc4c(-c5scnc5C#N)noc4c3F)CC3(C(=O)NC(=O)NC3=O)[C@H]2[C@H](C)O1,5.920818753952375,1200.0,1,496.4800000000002,1.8527799999999992,150.45,2.0,10.0,1.0,3.0,35.0,O=C1NC(=O)C2(Cc3cc4c(-c5cncs5)noc4cc3N3CCOCC32)C(=O)N1,0
C[C@@H]1CN2c3c(cc4c(-n5cc(C(=O)N(C)C)cn5)noc4c3F)CC3(C(=O)NC(=O)NC3=O)[C@H]2[C@H](C)O1,5.481486060122113,3300.0,1,525.4970000000002,0.7451000000000001,151.89999999999998,2.0,9.0,2.0,3.0,38.0,O=C1NC(=O)C2(Cc3cc4c(-n5cccn5)noc4cc3N3CCOCC32)C(=O)N1,0
C[C@@H]1CN2c3c(cc4c(-n5cc(C(=O)O)cn5)noc4c3F)CC3(C(=O)NC(=O)NC3=O)[C@H]2[C@H](C)O1,5.119186407719209,7600.0,1,498.4270000000002,0.7414999999999998,168.89,3.0,9.0,2.0,3.0,36.0,O=C1NC(=O)C2(Cc3cc4c(-n5cccn5)noc4cc3N3CCOCC32)C(=O)N1,0
C[C@@H]1CN2c3c(cc4c(-n5cc(C(N)=O)cn5)noc4c3F)CC3(C(=O)NC(=O)NC3=O)[C@H]2[C@H](C)O1,5.657577319177793,2200.0,1,497.4430000000002,0.1422000000000002,174.67999999999998,3.0,9.0,2.0,3.0,36.0,O=C1NC(=O)C2(Cc3cc4c(-n5cccn5)noc4cc3N3CCOCC32)C(=O)N1,0
C[C@@H]1CN2c3c(cc4c(-n5cc(CO)cn5)noc4c3F)CC3(C(=O)NC(=O)NC3=O)[C@H]2[C@H](C)O1,5.6777807052660805,2100.0,1,484.4440000000002,0.5355999999999999,151.82,3.0,9.0,2.0,3.0,35.0,O=C1NC(=O)C2(Cc3cc4c(-n5cccn5)noc4cc3N3CCOCC32)C(=O)N1,0
C[C@@H]1CN2c3c(cc4c(-n5cc(Cl)cn5)noc4c3F)CC3(C(=O)NC(=O)NC3=O)[C@H]2[C@H](C)O1,5.031517051446065,9300.0,1,488.86300000000017,1.6966999999999994,131.59,2.0,8.0,1.0,3.0,34.0,O=C1NC(=O)C2(Cc3cc4c(-n5cccn5)noc4cc3N3CCOCC32)C(=O)N1,0
C[C@@H]1CN2c3c(cc4c(-n5cc(I)cn5)noc4c3F)CC3(C(=O)NC(=O)NC3=O)[C@H]2[C@H](C)O1,5.6777807052660805,2100.0,1,580.3140000000001,1.6478999999999997,131.59,2.0,8.0,1.0,3.0,34.0,O=C1NC(=O)C2(Cc3cc4c(-n5cccn5)noc4cc3N3CCOCC32)C(=O)N1,0
C[C@@H]1CN2c3c(cc4c(-n5ccnc5)noc4c3F)CC3(C(=O)NC(=O)NC3=O)[C@H]2[C@H](C)O1,6.301029995663981,500.0,1,454.4180000000001,1.0432999999999997,131.59,2.0,8.0,1.0,3.0,33.0,O=C1NC(=O)C2(Cc3cc4c(-n5ccnc5)noc4cc3N3CCOCC32)C(=O)N1,1
C[C@@H]1CN2c3c(cc4c(-n5ccnn5)noc4c3F)CC3(C(=O)NC(=O)NC3=O)[C@H]2[C@H](C)O1,5.823908740944319,1500.0,1,455.4060000000001,0.4382999999999998,144.48,2.0,9.0,1.0,3.0,33.0,O=C1NC(=O)C2(Cc3cc4c(-n5ccnn5)noc4cc3N3CCOCC32)C(=O)N1,0
C[C@@H]1CN2c3c(cc4c(-n5cnc(C#N)n5)noc4c3F)CC3(C(=O)NC(=O)NC3=O)[C@H]2[C@H](C)O1,5.585026652029182,2600.0,1,480.41600000000017,0.3099799999999996,168.26999999999998,2.0,10.0,1.0,3.0,35.0,O=C1NC(=O)C2(Cc3cc4c(-n5cncn5)noc4cc3N3CCOCC32)C(=O)N1,0
C[C@@H]1CN2c3c(cc4c(-n5cnc(C(F)(F)F)c5)noc4c3F)CC3(C(=O)NC(=O)NC3=O)[C@H]2[C@H](C)O1,5.180456064458132,6600.0,1,522.4150000000001,2.0621,131.59,2.0,8.0,1.0,3.0,37.0,O=C1NC(=O)C2(Cc3cc4c(-n5ccnc5)noc4cc3N3CCOCC32)C(=O)N1,0
C[C@@H]1CN2c3c(cc4c(-n5cncn5)noc4c3F)CC3(C(=O)NC(=O)NC3=O)[C@H]2[C@H](C)O1,6.1259059864969,1500.0,2,455.4060000000001,0.4382999999999998,144.48,2.0,9.0,1.0,3.0,33.0,O=C1NC(=O)C2(Cc3cc4c(-n5cncn5)noc4cc3N3CCOCC32)C(=O)N1,1
C[C@@H]1CN2c3c(cc4c(C(=O)N(C)C)noc4c3F)CC3(C(=O)NC(=O)NC3=O)[C@H]2[C@H](C)O1,5.552841968657781,2800.0,1,459.4340000000002,0.5593999999999998,134.07999999999998,2.0,8.0,1.0,2.0,33.0,O=C1NC(=O)C2(Cc3cc4cnoc4cc3N3CCOCC32)C(=O)N1,0
C[C@@H]1CN2c3c(cc4c(C(=O)N5CC(F)(F)C5)noc4c3F)CC3(C(=O)NC(=O)NC3=O)[C@H]2[C@H](C)O1,6.261439372640169,650.0,2,507.4250000000002,0.9487,134.07999999999998,2.0,8.0,1.0,2.0,36.0,O=C1NC(=O)C2(Cc3cc4c(C(=O)N5CCC5)noc4cc3N3CCOCC32)C(=O)N1,1
C[C@@H]1CN2c3c(cc4c(C(=O)N5CCCCO5)noc4c3F)CC3(C(=O)NC(=O)NC3=O)[C@H]2[C@H](C)O1,5.431798275933005,3700.0,1,501.47100000000034,1.0252,143.31,2.0,9.0,1.0,2.0,36.0,O=C1NC(=O)C2(Cc3cc4c(C(=O)N5CCCCO5)noc4cc3N3CCOCC32)C(=O)N1,0
C[C@@H]1CN2c3c(cc4c(C(=O)N5CCN(C)C(=O)C5)noc4c3F)CC3(C(=O)NC(=O)NC3=O)[C@H]2[C@H](C)O1,5.309803919971486,4900.0,1,528.4970000000003,-0.228199999999998,154.39,2.0,9.0,1.0,2.0,38.0,O=C1CN(C(=O)c2noc3cc4c(cc23)CC2(C(=O)NC(=O)NC2=O)C2COCCN42)CCN1,0
C[C@@H]1CN2c3c(cc4c(C(=O)N5CCOCC5)noc4c3F)CC3(C(=O)NC(=O)NC3=O)[C@H]2[C@H](C)O1,5.481486060122113,3300.0,1,501.47100000000034,0.330000000000001,143.31,2.0,9.0,1.0,2.0,36.0,O=C1NC(=O)C2(Cc3cc4c(C(=O)N5CCOCC5)noc4cc3N3CCOCC32)C(=O)N1,0
C[C@@H]1CN2c3c(cc4c(C(=O)N5CCS(=O)(=O)CC5)noc4c3F)CC3(C(=O)NC(=O)NC3=O)[C@H]2[C@H](C)O1,5.2839966563652006,5200.0,1,549.5370000000004,-0.2717999999999977,168.21999999999997,2.0,10.0,1.0,2.0,38.0,O=C1NC(=O)C2(Cc3cc4c(C(=O)N5CCS(=O)(=O)CC5)noc4cc3N3CCOCC32)C(=O)N1,0
C[C@@H]1CN2c3c(cc4c(C(=O)NC(C)(C)C)noc4c3F)CC3(C(=O)NC(=O)NC3=O)[C@H]2[C@H](C)O1,5.537602002101044,2900.0,1,487.4880000000002,1.3858999999999997,142.86999999999998,3.0,8.0,1.0,2.0,35.0,O=C1NC(=O)C2(Cc3cc4cnoc4cc3N3CCOCC32)C(=O)N1,0
C[C@@H]1CN2c3c(cc4c(C(=O)NC5CCOCC5)noc4c3F)CC3(C(=O)NC(=O)NC3=O)[C@H]2[C@H](C)O1,5.309803919971486,4900.0,1,515.4980000000003,0.7664000000000004,152.1,3.0,9.0,2.0,2.0,37.0,O=C1NC(=O)C2(Cc3cc4c(C(=O)NC5CCOCC5)noc4cc3N3CCOCC32)C(=O)N1,0
C[C@@H]1CN2c3c(cc4c(C(=O)NC5CN(C)C5)noc4c3F)CC3(C(=O)NC(=O)NC3=O)[C@H]2[C@H](C)O1,5.853871964321762,1400.0,1,500.48700000000025,-0.0985999999999981,146.11,3.0,9.0,2.0,2.0,36.0,O=C1NC(=O)C2(Cc3cc4c(C(=O)NC5CNC5)noc4cc3N3CCOCC32)C(=O)N1,0
C[C@@H]1CN2c3c(cc4c(C(=O)NCC(F)F)noc4c3F)CC3(C(=O)NC(=O)NC3=O)[C@H]2[C@H](C)O1,5.946395015176066,1200.0,2,495.41400000000016,0.8524999999999998,142.86999999999998,3.0,8.0,3.0,2.0,35.0,O=C1NC(=O)C2(Cc3cc4cnoc4cc3N3CCOCC32)C(=O)N1,0
C[C@@H]1CN2c3c(cc4c(C(=O)NCC5CCCCC5)noc4c3F)CC3(C(=O)NC(=O)NC3=O)[C@H]2[C@H](C)O1,5.823908740944319,1500.0,1,527.5530000000003,2.1677,142.86999999999998,3.0,8.0,3.0,2.0,38.0,O=C1NC(=O)C2(Cc3cc4c(C(=O)NCC5CCCCC5)noc4cc3N3CCOCC32)C(=O)N1,0
C[C@@H]1CN2c3c(cc4c(C(=O)NCc5cccs5)noc4c3F)CC3(C(=O)NC(=O)NC3=O)[C@H]2[C@H](C)O1,5.823908740944319,1500.0,1,527.5340000000002,1.8491,142.86999999999998,3.0,9.0,3.0,3.0,37.0,O=C1NC(=O)C2(Cc3cc4c(C(=O)NCc5cccs5)noc4cc3N3CCOCC32)C(=O)N1,0
C[C@@H]1CN2c3c(cc4c(C(=O)NCc5ccn(C)n5)noc4c3F)CC3(C(=O)NC(=O)NC3=O)[C@H]2[C@H](C)O1,5.886056647693163,1300.0,1,525.4970000000002,0.5211000000000007,160.69,3.0,9.0,3.0,3.0,38.0,O=C1NC(=O)C2(Cc3cc4c(C(=O)NCc5cc[nH]n5)noc4cc3N3CCOCC32)C(=O)N1,0
C[C@@H]1CN2c3c(cc4c(C(=O)NCc5ccncc5)noc4c3F)CC3(C(=O)NC(=O)NC3=O)[C@H]2[C@H](C)O1,5.920818753952375,1200.0,1,522.4930000000002,1.1825999999999997,155.76,3.0,9.0,3.0,3.0,38.0,O=C1NC(=O)C2(Cc3cc4c(C(=O)NCc5ccncc5)noc4cc3N3CCOCC32)C(=O)N1,0
C[C@@H]1CN2c3c(cc4c(C(F)(F)F)noc4c3F)CC3(C(=O)NC(=O)NC3=O)[C@H]2[C@H](C)O1,6.214670164989233,610.0,3,456.3520000000001,1.8764,113.76999999999998,2.0,7.0,0.0,2.0,32.0,O=C1NC(=O)C2(Cc3cc4cnoc4cc3N3CCOCC32)C(=O)N1,1
C[C@@H]1CN2c3c(cc4c(C(F)F)noc4c3F)CC3(C(=O)NC(=O)NC3=O)[C@H]2[C@H](C)O1,6.318758762624412,480.0,3,438.3620000000001,1.7951999999999997,113.76999999999998,2.0,7.0,1.0,2.0,31.0,O=C1NC(=O)C2(Cc3cc4cnoc4cc3N3CCOCC32)C(=O)N1,1
C[C@@H]1CN2c3c(cc4c(C(N)=O)noc4c3F)CC3(C(=O)NC(=O)NC3=O)[C@H]2[C@H](C)O1,6.146214911951032,1000.0,2,431.38000000000017,-0.043499999999999,156.86,3.0,8.0,1.0,2.0,31.0,O=C1NC(=O)C2(Cc3cc4cnoc4cc3N3CCOCC32)C(=O)N1,1
C[C@@H]1CN2c3c(cc4c(C5CC5)noc4c3Cl)CC3(C(=O)NC(=O)NC3=O)[C@H]2[C@H](C)O1,6.221848749616356,600.0,1,444.87500000000017,2.2493,113.76999999999998,2.0,7.0,1.0,2.0,31.0,O=C1NC(=O)C2(Cc3cc4c(C5CC5)noc4cc3N3CCOCC32)C(=O)N1,1
C[C@@H]1CN2c3c(cc4c(C5CC5)noc4c3F)CC3(C(=O)NC(=O)NC3=O)[C@H]2[C@H](C)O1,6.522878745280337,300.0,1,428.4200000000002,1.7349999999999997,113.76999999999998,2.0,7.0,1.0,2.0,31.0,O=C1NC(=O)C2(Cc3cc4c(C5CC5)noc4cc3N3CCOCC32)C(=O)N1,1
C[C@@H]1CN2c3c(cc4c(C5CCOCC5)noc4c3F)CC3(C(=O)NC(=O)NC3=O)[C@H]2[C@H](C)O1,5.3872161432802645,4100.0,1,472.4730000000003,1.7515999999999996,123.0,2.0,8.0,1.0,2.0,34.0,O=C1NC(=O)C2(Cc3cc4c(C5CCOCC5)noc4cc3N3CCOCC32)C(=O)N1,0
C[C@@H]1CN2c3c(cc4c(Cl)noc4c3F)CC3(C(=O)NC(=O)NC3=O)[C@H]2[C@H](C)O1,6.68837535480105,205.0,2,422.8000000000001,1.5109999999999997,113.76999999999998,2.0,7.0,0.0,2.0,29.0,O=C1NC(=O)C2(Cc3cc4cnoc4cc3N3CCOCC32)C(=O)N1,1
C[C@@H]1CN2c3c(cc4c(Cn5cncn5)noc4c3F)CC3(C(=O)NC(=O)NC3=O)[C@H]2[C@H](C)O1,5.522878745280337,3000.0,1,469.43300000000016,0.4973999999999997,144.48,2.0,9.0,2.0,3.0,34.0,O=C1NC(=O)C2(Cc3cc4c(Cn5cncn5)noc4cc3N3CCOCC32)C(=O)N1,0
C[C@@H]1CN2c3c(cc4c(N(C)C)noc4c3F)CC3(C(=O)NC(=O)NC3=O)[C@H]2[C@H](C)O1,6.522878745280337,300.0,1,431.42400000000015,0.9235999999999998,117.01,2.0,8.0,1.0,2.0,31.0,O=C1NC(=O)C2(Cc3cc4cnoc4cc3N3CCOCC32)C(=O)N1,1
C[C@@H]1CN2c3c(cc4c(N(C)Cc5ccccc5)noc4c3F)CC3(C(=O)NC(=O)NC3=O)[C@H]2[C@H](C)O1,6.221848749616356,600.0,1,507.5220000000002,2.494,117.01,2.0,8.0,3.0,3.0,37.0,O=C1NC(=O)C2(Cc3cc4c(NCc5ccccc5)noc4cc3N3CCOCC32)C(=O)N1,1
C[C@@H]1CN2c3c(cc4c(N)noc4c3F)CC3(C(=O)NC(=O)NC3=O)[C@H]2[C@H](C)O1,6.4430283238465815,380.0,2,403.37000000000006,0.4397999999999999,139.79,3.0,8.0,0.0,2.0,29.0,O=C1NC(=O)C2(Cc3cc4cnoc4cc3N3CCOCC32)C(=O)N1,1
C[C@@H]1CN2c3c(cc4c(N5CCCC5)noc4c3F)CC3(C(=O)NC(=O)NC3=O)[C@H]2[C@H](C)O1,5.823908740944319,1500.0,1,457.4620000000003,1.4577999999999998,117.01,2.0,8.0,1.0,2.0,33.0,O=C1NC(=O)C2(Cc3cc4c(N5CCCC5)noc4cc3N3CCOCC32)C(=O)N1,0
C[C@@H]1CN2c3c(cc4c(N5CCCCC5)noc4c3F)CC3(C(=O)NC(=O)NC3=O)[C@H]2[C@H](C)O1,5.619788758288394,2400.0,1,471.4890000000003,1.8479,117.01,2.0,8.0,1.0,2.0,34.0,O=C1NC(=O)C2(Cc3cc4c(N5CCCCC5)noc4cc3N3CCOCC32)C(=O)N1,0
C[C@@H]1CN2c3c(cc4c(N5CCCCCC5)noc4c3F)CC3(C(=O)NC(=O)NC3=O)[C@H]2[C@H](C)O1,5.431798275933005,3700.0,1,485.5160000000004,2.238,117.01,2.0,8.0,1.0,2.0,35.0,O=C1NC(=O)C2(Cc3cc4c(N5CCCCCC5)noc4cc3N3CCOCC32)C(=O)N1,0
C[C@@H]1CN2c3c(cc4c(N5CCNCC5)noc4c3F)CC3(C(=O)NC(=O)NC3=O)[C@H]2[C@H](C)O1,5.698970004336019,2000.0,1,472.47700000000026,0.2672000000000013,129.04,3.0,9.0,1.0,2.0,34.0,O=C1NC(=O)C2(Cc3cc4c(N5CCNCC5)noc4cc3N3CCOCC32)C(=O)N1,0
C[C@@H]1CN2c3c(cc4c(N5CCOCC5)noc4c3F)CC3(C(=O)NC(=O)NC3=O)[C@H]2[C@H](C)O1,5.585026652029182,2600.0,1,473.4610000000003,0.6942000000000007,126.23999999999998,2.0,9.0,1.0,2.0,34.0,O=C1NC(=O)C2(Cc3cc4c(N5CCOCC5)noc4cc3N3CCOCC32)C(=O)N1,0
C[C@@H]1CN2c3c(cc4c(NCC5CC5)noc4c3F)CC3(C(=O)NC(=O)NC3=O)[C@H]2[C@H](C)O1,5.853871964321762,1400.0,1,457.46200000000016,1.6794999999999995,125.79999999999998,3.0,8.0,3.0,2.0,33.0,O=C1NC(=O)C2(Cc3cc4c(NCC5CC5)noc4cc3N3CCOCC32)C(=O)N1,0
C[C@@H]1CN2c3c(cc4c(NCC5CCCCC5)noc4c3F)CC3(C(=O)NC(=O)NC3=O)[C@H]2[C@H](C)O1,5.537602002101044,2900.0,1,499.5430000000003,2.8498,125.79999999999998,3.0,8.0,3.0,2.0,36.0,O=C1NC(=O)C2(Cc3cc4c(NCC5CCCCC5)noc4cc3N3CCOCC32)C(=O)N1,0
C[C@@H]1CN2c3c(cc4c(NCC5CCOCC5)noc4c3F)CC3(C(=O)NC(=O)NC3=O)[C@H]2[C@H](C)O1,5.537602002101044,2900.0,1,501.5150000000002,1.6960999999999995,135.03,3.0,9.0,3.0,2.0,36.0,O=C1NC(=O)C2(Cc3cc4c(NCC5CCOCC5)noc4cc3N3CCOCC32)C(=O)N1,0
C[C@@H]1CN2c3c(cc4c(NCc5c[nH]cn5)noc4c3F)CC3(C(=O)NC(=O)NC3=O)[C@H]2[C@H](C)O1,6.096910013008056,800.0,1,483.4600000000002,1.1928,154.48,4.0,9.0,3.0,3.0,35.0,O=C1NC(=O)C2(Cc3cc4c(NCc5c[nH]cn5)noc4cc3N3CCOCC32)C(=O)N1,1
C[C@@H]1CN2c3c(cc4c(NCc5ccccc5)noc4c3F)CC3(C(=O)NC(=O)NC3=O)[C@H]2[C@H](C)O1,5.769551078621726,1700.0,1,493.4950000000002,2.4697,125.79999999999998,3.0,8.0,3.0,3.0,36.0,O=C1NC(=O)C2(Cc3cc4c(NCc5ccccc5)noc4cc3N3CCOCC32)C(=O)N1,0
C[C@@H]1CN2c3c(cc4c(NCc5ccccn5)noc4c3F)CC3(C(=O)NC(=O)NC3=O)[C@H]2[C@H](C)O1,5.698970004336019,2000.0,1,494.4830000000002,1.8647,138.69,3.0,9.0,3.0,3.0,36.0,O=C1NC(=O)C2(Cc3cc4c(NCc5ccccn5)noc4cc3N3CCOCC32)C(=O)N1,0
C[C@@H]1CN2c3c(cc4c(OC(=O)OC(C)(C)C)noc4c3F)CC3(C(=O)NC(=O)NC3=O)[C@H]2[C@H](C)O1,5.568636235841013,2700.0,1,504.4710000000002,2.1715,149.29999999999998,2.0,10.0,1.0,2.0,36.0,O=C1NC(=O)C2(Cc3cc4cnoc4cc3N3CCOCC32)C(=O)N1,0
C[C@@H]1CN2c3c(cc4c(S(C)(=O)=O)noc4c3F)CC3(C(=O)NC(=O)NC3=O)[C@H]2[C@H](C)O1,5.619788758288394,2400.0,1,466.4470000000002,0.2611000000000002,147.91,2.0,9.0,1.0,2.0,32.0,O=C1NC(=O)C2(Cc3cc4cnoc4cc3N3CCOCC32)C(=O)N1,0
C[C@@H]1CN2c3c(cc4c(S(C)=O)noc4c3F)CC3(C(=O)NC(=O)NC3=O)[C@H]2[C@H](C)O1,5.481486060122113,3300.0,1,450.44800000000015,0.5950000000000001,130.84,2.0,8.0,1.0,2.0,31.0,O=C1NC(=O)C2(Cc3cc4cnoc4cc3N3CCOCC32)C(=O)N1,0
C[C@@H]1CN2c3c(nc4c(-c5ccc(C(N)=O)nc5)noc4c3Cl)CC3(C(=O)NC(=O)NC3=O)[C@H]2[C@H](C)O1,5.236572006437063,5800.0,1,525.9090000000002,0.9277999999999996,182.64,3.0,10.0,2.0,3.0,37.0,O=C1NC(=O)C2(Cc3nc4c(-c5cccnc5)noc4cc3N3CCOCC32)C(=O)N1,0
C[C@@H]1CN2c3c(nc4c(-c5ccccn5)noc4c3Cl)CC3(C(=O)NC(=O)NC3=O)[C@H]2[C@H](C)O1,5.853871964321762,1400.0,1,482.8840000000001,1.8288999999999995,139.54999999999998,2.0,9.0,1.0,3.0,34.0,O=C1NC(=O)C2(Cc3nc4c(-c5ccccn5)noc4cc3N3CCOCC32)C(=O)N1,0
C[C@@H]1CN2c3c(nc4c(-c5cccnc5)noc4c3Cl)CC3(C(=O)NC(=O)NC3=O)[C@H]2[C@H](C)O1,6.301029995663981,500.0,1,482.8840000000001,1.8288999999999995,139.54999999999998,2.0,9.0,1.0,3.0,34.0,O=C1NC(=O)C2(Cc3nc4c(-c5cccnc5)noc4cc3N3CCOCC32)C(=O)N1,1
C[C@@H]1CN2c3c(nc4c(-c5ccncc5)noc4c3Cl)CC3(C(=O)NC(=O)NC3=O)[C@H]2[C@H](C)O1,6.096910013008056,800.0,1,482.8840000000001,1.8288999999999995,139.54999999999998,2.0,9.0,1.0,3.0,34.0,O=C1NC(=O)C2(Cc3nc4c(-c5ccncc5)noc4cc3N3CCOCC32)C(=O)N1,1
C[C@@H]1CN2c3c(nc4c(-c5cnc(Br)s5)noc4c3Cl)CC3(C(=O)NC(=O)NC3=O)[C@H]2[C@H](C)O1,5.508638306165727,3100.0,1,567.8090000000001,2.652899999999999,139.54999999999998,2.0,10.0,1.0,3.0,34.0,O=C1NC(=O)C2(Cc3nc4c(-c5cncs5)noc4cc3N3CCOCC32)C(=O)N1,0
C[C@@H]1CN2c3c(nc4c(-c5cnccn5)noc4c3Cl)CC3(C(=O)NC(=O)NC3=O)[C@H]2[C@H](C)O1,5.522878745280337,3000.0,1,483.8720000000001,1.223899999999999,152.44,2.0,10.0,1.0,3.0,34.0,O=C1NC(=O)C2(Cc3nc4c(-c5cnccn5)noc4cc3N3CCOCC32)C(=O)N1,0
C[C@@H]1CN2c3c(nc4c(-c5cncs5)noc4c3Cl)CC3(C(=O)NC(=O)NC3=O)[C@H]2[C@H](C)O1,5.958607314841775,1100.0,1,488.9130000000001,1.8903999999999996,139.54999999999998,2.0,10.0,1.0,3.0,33.0,O=C1NC(=O)C2(Cc3nc4c(-c5cncs5)noc4cc3N3CCOCC32)C(=O)N1,0
C[C@@H]1CN2c3c(nc4c(-c5nccn5C)noc4c3Cl)CC3(C(=O)NC(=O)NC3=O)[C@H]2[C@H](C)O1,5.2839966563652006,5200.0,1,485.88800000000015,1.1673999999999998,144.48,2.0,9.0,1.0,3.0,34.0,O=C1NC(=O)C2(Cc3nc4c(-c5ncc[nH]5)noc4cc3N3CCOCC32)C(=O)N1,0
C[C@@H]1CN2c3c(nc4c(-c5nccs5)noc4c3Cl)CC3(C(=O)NC(=O)NC3=O)[C@H]2[C@H](C)O1,6.056754637413759,900.0,2,488.9130000000001,1.8904,139.54999999999998,2.0,10.0,1.0,3.0,33.0,O=C1NC(=O)C2(Cc3nc4c(-c5nccs5)noc4cc3N3CCOCC32)C(=O)N1,1
C[C@@H]1CN2c3c(nc4c(-c5sc(Cl)nc5Cl)noc4c3Cl)CC3(C(=O)NC(=O)NC3=O)[C@H]2[C@H](C)O1,5.698970004336019,2000.0,1,557.8030000000001,3.1972000000000014,139.54999999999998,2.0,10.0,1.0,3.0,35.0,O=C1NC(=O)C2(Cc3nc4c(-c5cncs5)noc4cc3N3CCOCC32)C(=O)N1,0
C[C@@H]1CN2c3c(nc4c(C(=O)NCc5ccc(C#N)cc5)noc4c3Cl)CC3(C(=O)NC(=O)NC3=O)[C@H]2[C@H](C)O1,5.113509274827518,7700.0,1,563.9580000000002,1.5685799999999996,179.54999999999998,3.0,10.0,3.0,3.0,40.0,O=C1NC(=O)C2(Cc3nc4c(C(=O)NCc5ccccc5)noc4cc3N3CCOCC32)C(=O)N1,0
C[C@@H]1CN2c3c(nc4c(C(=O)NCc5ccccc5)noc4c3Cl)CC3(C(=O)NC(=O)NC3=O)[C@H]2[C@H](C)O1,5.356547323513812,4400.0,1,538.9480000000002,1.6968999999999996,155.76,3.0,9.0,3.0,3.0,38.0,O=C1NC(=O)C2(Cc3nc4c(C(=O)NCc5ccccc5)noc4cc3N3CCOCC32)C(=O)N1,0
C[C@@H]1OCCN2c3c(cc4c(C(=O)N5CC(C#N)C5)noc4c3F)CC3(C(=O)NC(=O)NC3=O)[C@@H]12,5.920818753952375,1200.0,1,482.4280000000003,0.0646800000000006,157.86999999999998,2.0,9.0,1.0,2.0,35.0,O=C1NC(=O)C2(Cc3cc4c(C(=O)N5CCC5)noc4cc3N3CCOCC32)C(=O)N1,0
C[C@@H]1O[C@H](CNS(=O)(=O)c2ccc(CCn3cc(CN4CCN(c5cc6c(cc5F)c(=O)c(C(=O)O)cn6C5CC5)CC4)nn3)s2)[C@@H](O)[C@H](O)[C@@H]1O,5.045757490560675,9000.0,1,761.8550000000004,0.5399000000000014,212.58,5.0,13.0,12.0,4.0,52.0,O=c1ccn(C2CC2)c2cc(N3CCN(Cc4cn(CCc5ccc(S(=O)(=O)NCC6CCCCO6)s5)nn4)CC3)ccc12,0
C[C@H](C(=O)Nc1cc(F)c2c(c1)CC(CNCCC1CN(c3cnc4c(n3)NC(=O)CO4)C(=O)O1)C2)N(C)C,7.502621527706186,32.0,2,541.5840000000004,1.5551000000000004,138.02000000000004,3.0,9.0,9.0,2.0,39.0,O=C1COc2ncc(N3CC(CCNCC4Cc5ccccc5C4)OC3=O)nc2N1,1
C[C@H](N)[C@H]1CCN(c2nc3c(cc2F)c(=O)c(C(=O)O)cn3C2CC2)C1,5.159266765388193,6930.0,1,360.3890000000001,1.7422,101.45,2.0,5.0,4.0,2.0,26.0,O=c1ccn(C2CC2)c2nc(N3CCCC3)ccc12,0
C[C@H]1CN2c3c(cc4c(-c5cccnn5)noc4c3F)CC3(C(=O)NC(=O)NC3=O)[C@@H]2[C@@H](C)O1,6.301029995663981,500.0,1,466.42900000000014,1.314599999999999,139.54999999999998,2.0,9.0,1.0,3.0,34.0,O=C1NC(=O)C2(Cc3cc4c(-c5cccnn5)noc4cc3N3CCOCC32)C(=O)N1,1
C[C@H]1COc2c(N3CCN(C)CC3)c(F)cc3c(=O)c(C(=O)O)cn1c23,6.327902142064283,470.0,3,361.3730000000001,1.5440000000000005,75.01,1.0,5.0,2.0,2.0,26.0,O=c1ccn2c3c(c(N4CCNCC4)ccc13)OCC2,1
Cc1[nH]c(C(=O)/N=c2\sc3cc(C(=O)O)ccc3n2CC(=O)c2ccc(S(C)(=O)=O)cc2)c(Cl)c1Cl,8.0,10.0,1,566.4440000000002,4.371820000000003,138.65999999999997,2.0,6.0,6.0,4.0,36.0,O=C(Cn1c(=NC(=O)c2ccc[nH]2)sc2ccccc21)c1ccccc1,1
Cc1[nH]c(C(=O)/N=c2\sc3cc(C(=O)O)ccc3n2CC(=O)c2ccccc2)c(Cl)c1Cl,8.0,10.0,1,488.3520000000002,4.968320000000003,104.51999999999998,2.0,4.0,5.0,4.0,32.0,O=C(Cn1c(=NC(=O)c2ccc[nH]2)sc2ccccc21)c1ccccc1,1
Cc1[nH]c(C(=O)/N=c2\sc3cc(C(=O)O)ccc3n2Cc2ccc(S(C)(=O)=O)cc2)c(Cl)c1Cl,8.0,10.0,1,538.4340000000003,4.537220000000003,121.58999999999996,2.0,5.0,5.0,4.0,34.0,O=C(N=c1sc2ccccc2n1Cc1ccccc1)c1ccc[nH]1,1
Cc1[nH]c(C(=O)/N=c2\sc3cc(C(=O)O)ccc3n2Cc2ccccc2)c(Cl)c1Cl,8.0,10.0,1,460.3420000000002,5.133720000000003,87.44999999999999,2.0,3.0,4.0,4.0,30.0,O=C(N=c1sc2ccccc2n1Cc1ccccc1)c1ccc[nH]1,1
Cc1[nH]c(C(=O)N(C)c2nc3c(OCc4ccccc4)cc(C(=O)O)cc3s2)c(Cl)c1Cl,8.0,10.0,1,490.36800000000017,5.793420000000003,95.52,2.0,5.0,6.0,4.0,32.0,O=C(Nc1nc2c(OCc3ccccc3)cccc2s1)c1ccc[nH]1,1
Cc1[nH]c(C(=O)N(Cc2ccc(C(=O)O)cc2)c2nc3ccc(NC(=O)C(=O)O)cc3s2)c(Cl)c1Cl,6.0,1000.0,1,547.3760000000003,4.807920000000003,152.69,4.0,6.0,6.0,4.0,36.0,O=C(c1ccc[nH]1)N(Cc1ccccc1)c1nc2ccccc2s1,1
Cc1[nH]c(C(=O)N(Cc2cccc(C(=O)O)c2)c2nc3ccc(NC(=O)C(=O)O)cc3s2)c(Cl)c1Cl,5.552841968657781,2800.0,1,547.3760000000003,4.807920000000003,152.69,4.0,6.0,6.0,4.0,36.0,O=C(c1ccc[nH]1)N(Cc1ccccc1)c1nc2ccccc2s1,0
Cc1[nH]c(C(=O)N(Cc2ccccc2)c2nc3ccc(C(=O)O)cc3s2)c(Cl)c1Cl,8.301029995663981,5.0,1,460.3420000000002,5.7848200000000025,86.29,2.0,4.0,5.0,4.0,30.0,O=C(c1ccc[nH]1)N(Cc1ccccc1)c1nc2ccccc2s1,1
Cc1[nH]c(C(=O)N(Cc2ccccc2)c2nc3ccc(NC(=O)C(=O)O)cc3s2)c(Cl)c1Cl,7.366531544420414,43.0,1,503.3670000000003,5.109720000000003,115.39,3.0,5.0,5.0,4.0,33.0,O=C(c1ccc[nH]1)N(Cc1ccccc1)c1nc2ccccc2s1,1
Cc1[nH]c(C(=O)N=c2sc3cc(NC(=O)C(=O)O)ccc3n2CCc2ccccc2)c(Cl)c1Cl,7.0,100.0,1,517.3940000000002,4.653020000000003,116.54999999999998,3.0,4.0,5.0,4.0,34.0,O=C(N=c1sc2ccccc2n1CCc1ccccc1)c1ccc[nH]1,1
Cc1[nH]c(C(=O)N=c2sc3cc(NC(=O)C(=O)O)ccc3n2Cc2ccc(C(=O)O)cc2)c(Cl)c1Cl,6.494850021680094,320.0,1,547.3760000000003,4.1568200000000015,153.84999999999997,4.0,5.0,5.0,4.0,36.0,O=C(N=c1sc2ccccc2n1Cc1ccccc1)c1ccc[nH]1,1
Cc1[nH]c(C(=O)N=c2sc3cc(NC(=O)C(=O)O)ccc3n2Cc2cccc(C(=O)O)c2)c(Cl)c1Cl,7.886056647693163,13.0,1,547.3760000000003,4.1568200000000015,153.84999999999997,4.0,5.0,5.0,4.0,36.0,O=C(N=c1sc2ccccc2n1Cc1ccccc1)c1ccc[nH]1,1
Cc1[nH]c(C(=O)N=c2sc3cc(NC(=O)C(=O)O)ccc3n2Cc2ccccc2)c(Cl)c1Cl,7.744727494896693,18.0,1,503.3670000000002,4.4586200000000025,116.54999999999998,3.0,4.0,4.0,4.0,33.0,O=C(N=c1sc2ccccc2n1Cc1ccccc1)c1ccc[nH]1,1
Cc1[nH]c(C(=O)NC2CCN(C(=O)CCC(=O)O)CC2)c(Cl)c1Cl,6.318758762624412,480.0,1,376.24,2.21552,102.5,3.0,3.0,5.0,1.0,24.0,O=C(NC1CCNCC1)c1ccc[nH]1,1
Cc1[nH]c(C(=O)N[C@H]2CCc3nc(NC(=O)CCNC(=O)c4cc(=O)c(O)c[nH]4)sc3C2)c(Cl)c1Cl,6.455931955649724,350.0,1,553.4280000000001,2.5262200000000004,169.06999999999996,6.0,7.0,7.0,3.0,36.0,O=C(CCNC(=O)c1cc(=O)cc[nH]1)Nc1nc2c(s1)CC(NC(=O)c1ccc[nH]1)CC2,1
Cc1[nH]c(C(=O)N[C@H]2CCc3nc(NC(=O)CNC(=O)c4ccc(O)c(O)c4)sc3C2)c(Cl)c1Cl,7.236572006437063,58.0,1,538.4130000000002,3.1534200000000023,156.43999999999997,6.0,7.0,6.0,3.0,35.0,O=C(CNC(=O)c1ccccc1)Nc1nc2c(s1)CC(NC(=O)c1ccc[nH]1)CC2,1
Cc1[nH]c(C(=O)N[C@H]2CCc3nc(NC(=O)[C@@H](NC(=O)c4cc(=O)c(O)c[nH]4)C(C)C)sc3C2)c(Cl)c1Cl,6.1938200260161125,640.0,1,581.4820000000002,3.1607200000000013,169.06999999999996,6.0,7.0,7.0,3.0,38.0,O=C(CNC(=O)c1cc(=O)cc[nH]1)Nc1nc2c(s1)CC(NC(=O)c1ccc[nH]1)CC2,1
Cc1[nH]c(C(=O)N[C@H]2CCc3nc(NC(=O)[C@H](C)NC(=O)c4cc(=O)c(O)c[nH]4)sc3C2)c(Cl)c1Cl,6.585026652029182,260.0,1,553.4280000000001,2.52462,169.06999999999996,6.0,7.0,6.0,3.0,36.0,O=C(CNC(=O)c1cc(=O)cc[nH]1)Nc1nc2c(s1)CC(NC(=O)c1ccc[nH]1)CC2,1
Cc1[nH]c(C(=O)N[C@H]2CCc3nc(NCc4cc(=O)c(O)co4)sc3C2)c(Cl)c1Cl,5.6777807052660805,2100.0,1,469.35000000000025,3.6446200000000015,120.25,4.0,7.0,5.0,3.0,30.0,O=C(NC1CCc2nc(NCc3cc(=O)cco3)sc2C1)c1ccc[nH]1,0
Cc1[nH]c(C(=O)Nc2ccc(-c3nnn[nH]3)cc2N2CCOCC2)c(Cl)c1Cl,7.346787486224656,45.0,1,422.2760000000003,2.8989200000000013,111.82,3.0,6.0,4.0,3.0,28.0,O=C(Nc1ccc(-c2nnn[nH]2)cc1N1CCOCC1)c1ccc[nH]1,1
Cc1[nH]c(C(=O)Nc2ccc(-c3noc(=O)[nH]3)cc2N2CCCC2)c(Cl)c1Cl,7.886056647693163,13.0,1,422.2720000000003,3.825720000000002,107.02,3.0,5.0,4.0,3.0,28.0,O=C(Nc1ccc(-c2noc(=O)[nH]2)cc1N1CCCC1)c1ccc[nH]1,1
Cc1[nH]c(C(=O)Nc2ccc(-c3noc(=O)[nH]3)cc2N2CCN(C(=O)OC(C)(C)C)CC2)c(Cl)c1Cl,7.853871964321762,14.0,1,537.4040000000005,4.282620000000004,136.55999999999997,3.0,7.0,4.0,3.0,36.0,O=C(Nc1ccc(-c2noc(=O)[nH]2)cc1N1CCNCC1)c1ccc[nH]1,1
Cc1[nH]c(C(=O)Nc2ccc(-c3noc(=O)[nH]3)cc2N2CCNCC2)c(Cl)c1Cl,8.214670164989233,6.1,1,437.28700000000026,2.635120000000001,119.05,4.0,6.0,4.0,3.0,29.0,O=C(Nc1ccc(-c2noc(=O)[nH]2)cc1N1CCNCC1)c1ccc[nH]1,1
Cc1[nH]c(C(=O)Nc2ccc(-c3noc(=O)[nH]3)cc2N2CCOCC2)c(Cl)c1Cl,7.886056647693163,13.0,1,438.2710000000003,3.062120000000001,116.25,3.0,6.0,4.0,3.0,29.0,O=C(Nc1ccc(-c2noc(=O)[nH]2)cc1N1CCOCC1)c1ccc[nH]1,1
Cc1[nH]c(C(=O)Nc2ccc(-c3noc(=O)[nH]3)cc2NC2CCN(C(=O)OC(C)(C)C)CC2)c(Cl)c1Cl,8.161150909262744,6.9,1,551.4310000000003,5.036920000000004,145.35,4.0,7.0,5.0,3.0,37.0,O=C(Nc1ccc(-c2noc(=O)[nH]2)cc1NC1CCNCC1)c1ccc[nH]1,1
Cc1[nH]c(C(=O)Nc2ccc(-c3noc(=O)[nH]3)cc2NC2CCNCC2)c(Cl)c1Cl,7.308514459319009,129.35,2,451.3140000000002,3.389420000000001,127.84,5.0,6.0,5.0,3.0,30.0,O=C(Nc1ccc(-c2noc(=O)[nH]2)cc1NC1CCNCC1)c1ccc[nH]1,1
Cc1[nH]c(C(=O)Nc2ccc(-n3nn[nH]c3=O)cc2)c(Cl)c1Cl,7.113509274827518,77.0,1,353.1690000000001,2.15122,108.45999999999998,3.0,4.0,3.0,3.0,23.0,O=C(Nc1ccc(-n2nn[nH]c2=O)cc1)c1ccc[nH]1,1
Cc1[nH]c(C(=O)Nc2ccc(-n3nn[nH]c3=O)cc2N2CCC(N)CC2)c(Cl)c1Cl,7.531743128760553,110.0,2,451.3180000000003,2.07872,137.71999999999997,4.0,6.0,4.0,3.0,30.0,O=C(Nc1ccc(-n2nn[nH]c2=O)cc1N1CCCCC1)c1ccc[nH]1,1
Cc1[nH]c(C(=O)Nc2ccc(-n3nn[nH]c3=O)cc2N2CCC(NC(=O)OC(C)(C)C)CC2)c(Cl)c1Cl,7.481486060122112,33.0,1,551.4350000000003,3.644720000000002,150.02999999999997,4.0,7.0,5.0,3.0,37.0,O=C(Nc1ccc(-n2nn[nH]c2=O)cc1N1CCCCC1)c1ccc[nH]1,1
Cc1[nH]c(C(=O)Nc2ccc(-n3nn[nH]c3=O)cc2N2CCN(c3ccccc3)CC2)c(Cl)c1Cl,8.10790539730952,7.8,1,513.3890000000004,3.477820000000002,114.93999999999996,3.0,6.0,5.0,4.0,35.0,O=C(Nc1ccc(-n2nn[nH]c2=O)cc1N1CCN(c2ccccc2)CC1)c1ccc[nH]1,1
Cc1[nH]c(C(=O)Nc2ccc(-n3nn[nH]c3=O)cc2N2CC[C@H](N)C2)c(Cl)c1Cl,7.613509274827518,62.95,2,437.2910000000003,1.6886199999999996,137.71999999999997,4.0,6.0,4.0,3.0,29.0,O=C(Nc1ccc(-n2nn[nH]c2=O)cc1N1CCCC1)c1ccc[nH]1,1
Cc1[nH]c(C(=O)Nc2ccc(-n3nn[nH]c3=O)cc2N2CC[C@H](NC(=O)OC(C)(C)C)C2)c(Cl)c1Cl,6.673664139071248,212.0,1,537.4080000000004,3.254620000000002,150.02999999999997,4.0,7.0,5.0,3.0,36.0,O=C(Nc1ccc(-n2nn[nH]c2=O)cc1N1CCCC1)c1ccc[nH]1,1
Cc1[nH]c(C(=O)Nc2ccc(-n3nn[nH]c3=O)cc2N2Cc3ccccc3C2)c(Cl)c1Cl,6.954677021213342,111.0,1,470.3200000000003,3.671420000000002,111.69999999999996,3.0,5.0,4.0,4.0,32.0,O=C(Nc1ccc(-n2nn[nH]c2=O)cc1N1Cc2ccccc2C1)c1ccc[nH]1,1
Cc1[nH]c(C(=O)Nc2ccc(C(=O)NCC#N)cc2)c(Cl)c1Cl,6.3872161432802645,410.0,1,351.1930000000001,3.135600000000001,97.78,3.0,3.0,4.0,2.0,23.0,O=C(Nc1ccccc1)c1ccc[nH]1,1
Cc1[nH]c(C(=O)Nc2ccc(C(=O)NCC(=O)O)c(OC(C)C)c2)c(Cl)c1Cl,7.040958607678906,91.0,1,428.27200000000016,3.483820000000001,120.52,4.0,4.0,7.0,2.0,28.0,O=C(Nc1ccccc1)c1ccc[nH]1,1
Cc1[nH]c(C(=O)Nc2ccc(C(=O)NCC(=O)O)cc2OC(C)C)c(Cl)c1Cl,7.327902142064283,47.0,1,428.27200000000016,3.483820000000001,120.52,4.0,4.0,7.0,2.0,28.0,O=C(Nc1ccccc1)c1ccc[nH]1,1
Cc1[nH]c(C(=O)Nc2ccc(C(=O)NCC(=O)O)cc2O[C@H]2CCN(C(=O)OC(C)(C)C)C2)c(Cl)c1Cl,7.036212172654444,92.0,1,555.4150000000002,4.084820000000002,150.06,4.0,6.0,7.0,2.0,37.0,O=C(Nc1ccccc1OC1CCNC1)c1ccc[nH]1,1
Cc1[nH]c(C(=O)Nc2ccc(C(=O)NCC(=O)O)cc2O[C@H]2CCNC2)c(Cl)c1Cl.Cl,7.508638306165727,31.0,1,491.7590000000002,2.85912,132.55,5.0,5.0,7.0,2.0,31.0,O=C(Nc1ccccc1OC1CCNC1)c1ccc[nH]1,1
Cc1[nH]c(C(=O)Nc2ccc(C(=O)NS(C)(=O)=O)cc2)c(Cl)c1Cl,6.795880017344075,160.0,1,390.24800000000016,2.57162,108.13,3.0,4.0,4.0,2.0,24.0,O=C(Nc1ccccc1)c1ccc[nH]1,1
Cc1[nH]c(C(=O)Nc2ccc(C(=O)NS(C)(=O)=O)cc2N2CCOCC2)c(Cl)c1Cl,6.614393726401688,243.0,1,475.3540000000002,2.40822,120.6,3.0,6.0,5.0,2.0,30.0,O=C(Nc1ccccc1N1CCOCC1)c1ccc[nH]1,1
Cc1[nH]c(C(=O)Nc2ccc(C(=O)N[C@@H](C)C(=O)NN)cc2OC(C)C)c(Cl)c1Cl,6.552841968657781,280.0,1,456.33000000000015,2.777620000000001,138.34,5.0,5.0,7.0,2.0,30.0,O=C(Nc1ccccc1)c1ccc[nH]1,1
Cc1[nH]c(C(=O)Nc2ccc(C(=O)N[C@@H](C)C(=O)O)cc2OC(C)C)c(Cl)c1Cl,7.42021640338319,38.0,1,442.2990000000002,3.872320000000002,120.52,4.0,4.0,7.0,2.0,29.0,O=C(Nc1ccccc1)c1ccc[nH]1,1
Cc1[nH]c(C(=O)Nc2ccc(C(=O)N[C@@H](C)C(=O)O)cc2OCCN)c(Cl)c1Cl,7.552841968657781,28.0,1,443.28700000000026,2.4226199999999998,146.54000000000002,5.0,5.0,8.0,2.0,29.0,O=C(Nc1ccccc1)c1ccc[nH]1,1
Cc1[nH]c(C(=O)Nc2ccc(C(=O)N[C@@H](C)C(=O)O)cc2OCCNC(=O)OC(C)(C)C)c(Cl)c1Cl,6.229147988357855,590.0,1,543.4040000000003,3.988620000000002,158.85,5.0,6.0,9.0,2.0,36.0,O=C(Nc1ccccc1)c1ccc[nH]1,1
Cc1[nH]c(C(=O)Nc2ccc(C(=O)N[C@@H](C)c3n[nH]c(=O)o3)cc2OC(C)C)c(Cl)c1Cl,7.070581074285707,85.0,1,482.3240000000002,3.8367200000000015,142.11,4.0,6.0,7.0,3.0,32.0,O=C(NCc1n[nH]c(=O)o1)c1ccc(NC(=O)c2ccc[nH]2)cc1,1
Cc1[nH]c(C(=O)Nc2ccc(C(=O)N[C@@H](C)c3n[nH]c(=O)o3)cc2OCCN)c(Cl)c1Cl,7.886056647693163,13.0,1,483.3120000000002,2.38702,168.13,5.0,7.0,8.0,3.0,32.0,O=C(NCc1n[nH]c(=O)o1)c1ccc(NC(=O)c2ccc[nH]2)cc1,1
Cc1[nH]c(C(=O)Nc2ccc(C(=O)N[C@@H](C)c3n[nH]c(=O)o3)cc2OCCNC(=O)OC(C)(C)C)c(Cl)c1Cl,5.795880017344075,1600.0,1,583.4290000000003,3.953020000000003,180.44,5.0,8.0,9.0,3.0,39.0,O=C(NCc1n[nH]c(=O)o1)c1ccc(NC(=O)c2ccc[nH]2)cc1,0
Cc1[nH]c(C(=O)Nc2ccc(C(=O)N[C@H](C)C(=O)O)cc2OC(C)C)c(Cl)c1Cl,7.387216143280264,41.0,1,442.2990000000002,3.872320000000002,120.52,4.0,4.0,7.0,2.0,29.0,O=C(Nc1ccccc1)c1ccc[nH]1,1
Cc1[nH]c(C(=O)Nc2ccc(C(=O)N[C@H](C)c3n[nH]c(=S)o3)cc2OC(C)C)c(Cl)c1Cl,6.721246399047171,190.0,1,498.3920000000001,5.206010000000004,125.04,4.0,6.0,7.0,3.0,32.0,O=C(NCc1n[nH]c(=S)o1)c1ccc(NC(=O)c2ccc[nH]2)cc1,1
Cc1[nH]c(C(=O)Nc2ccc3[nH]c(C(=O)O)cc3c2)c(Cl)c1Cl,7.008773924307505,98.0,1,352.17700000000013,4.061720000000001,97.98,4.0,2.0,3.0,3.0,23.0,O=C(Nc1ccc2[nH]ccc2c1)c1ccc[nH]1,1
Cc1[nH]c(C(=O)Nc2ccc3nc(NC(=O)C(=O)O)sc3c2)c(Cl)c1Cl,7.5376020021010435,29.0,1,413.2420000000001,3.5150200000000007,124.18,4.0,5.0,3.0,3.0,26.0,O=C(Nc1ccc2ncsc2c1)c1ccc[nH]1,1
Cc1[nH]c(C(=O)Nc2nc3c(-c4ccccc4)cc(C(=O)O)cc3s2)c(Cl)c1Cl,8.301029995663981,5.0,1,446.31500000000017,5.857120000000002,95.08,3.0,4.0,4.0,4.0,29.0,O=C(Nc1nc2c(-c3ccccc3)cccc2s1)c1ccc[nH]1,1
Cc1[nH]c(C(=O)Nc2nc3c(N4CC(C)OC(C)C4)cc(C(=O)O)cc3s2)c(Cl)c1Cl,8.0,10.0,1,483.3770000000002,4.803720000000003,107.55,3.0,6.0,4.0,3.0,31.0,O=C(Nc1nc2c(N3CCOCC3)cccc2s1)c1ccc[nH]1,1
Cc1[nH]c(C(=O)Nc2nc3c(N4CCCC4)cc(C(=O)O)cc3s2)c(Cl)c1Cl,8.301029995663981,5.0,1,439.32400000000007,4.790320000000003,98.32,3.0,5.0,4.0,3.0,28.0,O=C(Nc1nc2c(N3CCCC3)cccc2s1)c1ccc[nH]1,1
Cc1[nH]c(C(=O)Nc2nc3c(N4CCOC(C(F)(F)F)C4)cc(C(=O)O)cc3s2)c(Cl)c1Cl,8.0,10.0,1,523.3200000000002,4.957620000000002,107.55,3.0,6.0,4.0,3.0,33.0,O=C(Nc1nc2c(N3CCOCC3)cccc2s1)c1ccc[nH]1,1
Cc1[nH]c(C(=O)Nc2nc3c(N4CCOC(C)C4)cc(C(=O)O)cc3s2)c(Cl)c1Cl,8.0,10.0,1,469.35000000000014,4.415220000000002,107.55,3.0,6.0,4.0,3.0,30.0,O=C(Nc1nc2c(N3CCOCC3)cccc2s1)c1ccc[nH]1,1
Cc1[nH]c(C(=O)Nc2nc3c(N4CCOCC4)cc(C(=O)O)cc3s2)c(Cl)c1Cl,8.0,10.0,1,455.3230000000001,4.026720000000002,107.55,3.0,6.0,4.0,3.0,29.0,O=C(Nc1nc2c(N3CCOCC3)cccc2s1)c1ccc[nH]1,1
Cc1[nH]c(C(=O)Nc2nc3c(N4CCOCC4C)cc(C(=O)O)cc3s2)c(Cl)c1Cl,8.0,10.0,1,469.35000000000014,4.415220000000002,107.55,3.0,6.0,4.0,3.0,30.0,O=C(Nc1nc2c(N3CCOCC3)cccc2s1)c1ccc[nH]1,1
Cc1[nH]c(C(=O)Nc2nc3c(N4CCOC[C@@H]4C)cc(C(=O)O)cc3s2)c(Cl)c1Cl,7.769551078621726,17.0,1,469.35000000000014,4.415220000000002,107.55,3.0,6.0,4.0,3.0,30.0,O=C(Nc1nc2c(N3CCOCC3)cccc2s1)c1ccc[nH]1,1
Cc1[nH]c(C(=O)Nc2nc3c(N4CCOC[C@H]4C)cc(C(=O)O)cc3s2)c(Cl)c1Cl,7.769551078621726,17.0,1,469.35000000000014,4.415220000000002,107.55,3.0,6.0,4.0,3.0,30.0,O=C(Nc1nc2c(N3CCOCC3)cccc2s1)c1ccc[nH]1,1
Cc1[nH]c(C(=O)Nc2nc3c(N4CC[C@H](N)C4)cc(C(=O)O)cc3s2)c(Cl)c1Cl,8.301029995663981,5.0,1,454.33900000000017,3.727520000000001,124.34000000000002,4.0,6.0,4.0,3.0,29.0,O=C(Nc1nc2c(N3CCCC3)cccc2s1)c1ccc[nH]1,1
Cc1[nH]c(C(=O)Nc2nc3c(N4CC[C@H](NC(=O)OC(C)(C)C)C4)cc(C(=O)O)cc3s2)c(Cl)c1Cl,8.301029995663981,5.0,1,554.4560000000002,5.293520000000004,136.65,4.0,7.0,5.0,3.0,36.0,O=C(Nc1nc2c(N3CCCC3)cccc2s1)c1ccc[nH]1,1
Cc1[nH]c(C(=O)Nc2nc3c(N4C[C@H]5CC[C@@H](C4)O5)cc(C(=O)O)cc3s2)c(Cl)c1Cl,8.0,10.0,1,481.3610000000002,4.557720000000002,107.55,3.0,6.0,4.0,3.0,31.0,O=C(Nc1nc2c(N3CC4CCC(C3)O4)cccc2s1)c1ccc[nH]1,1
Cc1[nH]c(C(=O)Nc2nc3c(N4[C@@H]5CC[C@H]4COC5)cc(C(=O)O)cc3s2)c(Cl)c1Cl,7.886056647693163,13.0,1,481.3610000000002,4.557720000000002,107.55,3.0,6.0,4.0,3.0,31.0,O=C(Nc1nc2c(N3C4CCC3COC4)cccc2s1)c1ccc[nH]1,1
Cc1[nH]c(C(=O)Nc2nc3c(OC(C)C4CC4)cc(C(=O)O)cc3s2)c(Cl)c1Cl,8.0,10.0,1,454.33500000000015,5.367420000000003,104.31000000000002,3.0,5.0,6.0,3.0,29.0,O=C(Nc1nc2c(OCC3CC3)cccc2s1)c1ccc[nH]1,1
Cc1[nH]c(C(=O)Nc2nc3c(OC(C)C4CCNCC4)cc(C(=O)O)cc3s2)c(Cl)c1Cl,8.0,10.0,1,497.4040000000002,4.957020000000004,116.34000000000002,4.0,6.0,6.0,3.0,32.0,O=C(Nc1nc2c(OCC3CCNCC3)cccc2s1)c1ccc[nH]1,1
Cc1[nH]c(C(=O)Nc2nc3c(OC(C)c4ccc(S(C)(=O)=O)cc4)cc(C(=O)O)cc3s2)c(Cl)c1Cl,8.0,10.0,1,568.4600000000002,5.733620000000004,138.45,3.0,7.0,7.0,4.0,36.0,O=C(Nc1nc2c(OCc3ccccc3)cccc2s1)c1ccc[nH]1,1
Cc1[nH]c(C(=O)Nc2nc3c(OC(C)c4ccccc4)cc(C(=O)O)cc3s2)cc1Cl,8.0,10.0,1,455.9230000000001,5.676720000000003,104.31000000000002,3.0,5.0,6.0,4.0,31.0,O=C(Nc1nc2c(OCc3ccccc3)cccc2s1)c1ccc[nH]1,1
Cc1[nH]c(C(=O)Nc2nc3c(OC(C)c4ccccc4)cc(C(=O)O)cc3s2)cc1F,8.0,10.0,1,439.4680000000001,5.162420000000003,104.31000000000002,3.0,5.0,6.0,4.0,31.0,O=C(Nc1nc2c(OCc3ccccc3)cccc2s1)c1ccc[nH]1,1
Cc1[nH]c(C(=O)Nc2nc3c(OC(CN(C)C)c4ccccc4)cc(C(=O)O)cc3s2)c(Cl)c1Cl,8.0,10.0,1,533.4370000000002,5.871820000000004,107.55,3.0,6.0,8.0,4.0,35.0,O=C(Nc1nc2c(OCc3ccccc3)cccc2s1)c1ccc[nH]1,1
Cc1[nH]c(C(=O)Nc2nc3c(OC(CN4CCC(N)CC4)c4ccccc4)cc(C(=O)O)cc3s2)c(Cl)c1Cl,8.0,10.0,1,588.5170000000002,5.733320000000004,133.57,4.0,7.0,8.0,4.0,39.0,O=C(Nc1nc2c(OC(CN3CCCCC3)c3ccccc3)cccc2s1)c1ccc[nH]1,1
Cc1[nH]c(C(=O)Nc2nc3c(OC(CN4CCC(NC(=O)OC(C)(C)C)CC4)c4ccccc4)cc(C(=O)O)cc3s2)c(Cl)c1Cl,8.0,10.0,1,688.6340000000002,7.299320000000007,145.88,4.0,8.0,9.0,4.0,46.0,O=C(Nc1nc2c(OC(CN3CCCCC3)c3ccccc3)cccc2s1)c1ccc[nH]1,1
Cc1[nH]c(C(=O)Nc2nc3c(OC(CN4CCCCC4)c4ccccc4)cc(C(=O)O)cc3s2)c(Cl)c1Cl,8.0,10.0,1,573.5020000000002,6.796120000000005,107.55,3.0,6.0,8.0,4.0,38.0,O=C(Nc1nc2c(OC(CN3CCCCC3)c3ccccc3)cccc2s1)c1ccc[nH]1,1
Cc1[nH]c(C(=O)Nc2nc3c(OC(CN4CCOCC4)C4CC4)cc(C(=O)O)cc3s2)c(Cl)c1Cl,8.0,10.0,1,539.4410000000004,4.679720000000003,116.78000000000002,3.0,7.0,8.0,3.0,35.0,O=C(Nc1nc2c(OC(CN3CCOCC3)C3CC3)cccc2s1)c1ccc[nH]1,1
Cc1[nH]c(C(=O)Nc2nc3c(OC(CN4CCOCC4)c4ccccc4)cc(C(=O)O)cc3s2)c(Cl)c1Cl,8.0,10.0,1,575.4740000000002,5.642420000000005,116.78000000000002,3.0,7.0,8.0,4.0,38.0,O=C(Nc1nc2c(OC(CN3CCOCC3)c3ccccc3)cccc2s1)c1ccc[nH]1,1
Cc1[nH]c(C(=O)Nc2nc3c(OC(CN4CCOCC4)c4ccccc4)cc(C(=O)O)cc3s2)cc1Cl,8.0,10.0,1,541.0290000000002,4.989020000000004,116.78000000000002,3.0,7.0,8.0,4.0,37.0,O=C(Nc1nc2c(OC(CN3CCOCC3)c3ccccc3)cccc2s1)c1ccc[nH]1,1
Cc1[nH]c(C(=O)Nc2nc3c(OC(CN4CCOCC4)c4ccccc4)cc(C(=O)O)cc3s2)cc1F,8.0,10.0,1,524.5740000000003,4.474720000000003,116.78000000000002,3.0,7.0,8.0,4.0,37.0,O=C(Nc1nc2c(OC(CN3CCOCC3)c3ccccc3)cccc2s1)c1ccc[nH]1,1
Cc1[nH]c(C(=O)Nc2nc3c(OC(CNC(=O)OC(C)(C)C)c4ccccc4)cc(C(=O)O)cc3s2)c(Cl)c1Cl,8.0,10.0,1,605.5000000000001,6.834920000000005,142.64,4.0,7.0,8.0,4.0,40.0,O=C(Nc1nc2c(OCc3ccccc3)cccc2s1)c1ccc[nH]1,1
Cc1[nH]c(C(=O)Nc2nc3c(OC(CO)c4ccccc4)cc(C(=O)O)cc3s2)c(Cl)c1Cl,8.0,10.0,1,506.3670000000002,5.302520000000003,124.54,4.0,6.0,7.0,4.0,33.0,O=C(Nc1nc2c(OCc3ccccc3)cccc2s1)c1ccc[nH]1,1
Cc1[nH]c(C(=O)Nc2nc3c(OC(C[N+](C)(C)C)c4ccccc4)cc(C(=O)O)cc3s2)c(Cl)c1Cl,8.0,10.0,1,548.4720000000001,6.0164200000000045,104.31000000000002,3.0,5.0,8.0,4.0,36.0,O=C(Nc1nc2c(OCc3ccccc3)cccc2s1)c1ccc[nH]1,1
Cc1[nH]c(C(=O)Nc2nc3c(OC(c4ccccc4)C(F)(F)F)cc(C(=O)O)cc3s2)c(Cl)c1Cl,8.0,10.0,1,544.3380000000002,6.872520000000002,104.31000000000002,3.0,5.0,6.0,4.0,35.0,O=C(Nc1nc2c(OCc3ccccc3)cccc2s1)c1ccc[nH]1,1
Cc1[nH]c(C(=O)Nc2nc3c(OC4Cc5ccccc54)cc(C(=O)O)cc3s2)c(Cl)c1Cl,8.0,10.0,1,488.3520000000002,5.866320000000003,104.31000000000002,3.0,5.0,5.0,4.0,32.0,O=C(Nc1nc2c(OC3Cc4ccccc43)cccc2s1)c1ccc[nH]1,1
Cc1[nH]c(C(=O)Nc2nc3c(OCCN4CCOCC4)cc(C(=O)NCC#N)cc3s2)c(Cl)c1Cl,8.0,10.0,1,537.4290000000003,3.4563000000000024,132.37,3.0,8.0,8.0,3.0,35.0,O=C(Nc1nc2c(OCCN3CCOCC3)cccc2s1)c1ccc[nH]1,1
Cc1[nH]c(C(=O)Nc2nc3c(OCCN4CCOCC4)cc(C(=O)O)cc3s2)c(Cl)c1Cl,8.15051499783199,7.5,2,499.3760000000002,3.9011200000000015,116.78000000000002,3.0,7.0,7.0,3.0,32.0,O=C(Nc1nc2c(OCCN3CCOCC3)cccc2s1)c1ccc[nH]1,1
Cc1[nH]c(C(=O)Nc2nc3c(OCc4ccc(C(=O)O)cc4)cc(C(=O)O)cc3s2)c(Cl)c1Cl,8.15051499783199,7.5,2,520.3500000000001,5.467320000000002,141.61,4.0,6.0,7.0,4.0,34.0,O=C(Nc1nc2c(OCc3ccccc3)cccc2s1)c1ccc[nH]1,1
Cc1[nH]c(C(=O)Nc2nc3c(OCc4ccc(S(C)(=O)=O)cc4)cc(C(=O)O)cc3s2)c(Cl)c1Cl,8.0,10.0,1,554.4330000000001,5.172620000000003,138.45,3.0,7.0,7.0,4.0,35.0,O=C(Nc1nc2c(OCc3ccccc3)cccc2s1)c1ccc[nH]1,1
Cc1[nH]c(C(=O)Nc2nc3c(OCc4ccc[n+](C)c4)cc(C(=O)O)cc3s2)c(Cl)c1Cl,8.0,10.0,1,492.36400000000015,4.593620000000003,108.19,3.0,5.0,6.0,4.0,32.0,O=C(Nc1nc2c(OCc3ccc[nH+]c3)cccc2s1)c1ccc[nH]1,1
Cc1[nH]c(C(=O)Nc2nc3c(OCc4cccc(C(=O)O)c4)cc(C(=O)O)cc3s2)c(Cl)c1Cl,8.15051499783199,7.5,2,520.3500000000003,5.467320000000003,141.61,4.0,6.0,7.0,4.0,34.0,O=C(Nc1nc2c(OCc3ccccc3)cccc2s1)c1ccc[nH]1,1
Cc1[nH]c(C(=O)Nc2nc3c(OCc4cccc(F)c4)cc(C(=O)O)cc3s2)c(Cl)c1Cl,8.15051499783199,7.5,2,494.3310000000002,5.908220000000002,104.31000000000002,3.0,5.0,6.0,4.0,32.0,O=C(Nc1nc2c(OCc3ccccc3)cccc2s1)c1ccc[nH]1,1
Cc1[nH]c(C(=O)Nc2nc3c(OCc4ccccc4)cc(-c4nnn[nH]4)cc3s2)c(Cl)c1Cl,8.15051499783199,7.5,2,500.3710000000002,5.251020000000002,121.47,3.0,7.0,6.0,5.0,33.0,O=C(Nc1nc2c(OCc3ccccc3)cc(-c3nnn[nH]3)cc2s1)c1ccc[nH]1,1
Cc1[nH]c(C(=O)Nc2nc3c(OCc4ccccc4)cc(C#N)cc3s2)c(Cl)c1Cl,6.0,1000.0,1,457.3420000000002,5.942600000000002,90.8,2.0,5.0,5.0,4.0,30.0,O=C(Nc1nc2c(OCc3ccccc3)cccc2s1)c1ccc[nH]1,1
Cc1[nH]c(C(=O)Nc2nc3c(OCc4ccccc4)cc(C(=O)NCC#N)cc3s2)c(Cl)c1Cl,8.133803120088515,7.7,2,514.3940000000002,5.324300000000003,119.9,3.0,6.0,7.0,4.0,34.0,O=C(Nc1nc2c(OCc3ccccc3)cccc2s1)c1ccc[nH]1,1
Cc1[nH]c(C(=O)Nc2nc3c(OCc4ccccc4)cc(C(=O)O)cc3s2)c(Cl)c1Cl,8.15051499783199,7.5,4,476.3410000000002,5.769120000000003,104.31000000000002,3.0,5.0,6.0,4.0,31.0,O=C(Nc1nc2c(OCc3ccccc3)cccc2s1)c1ccc[nH]1,1
Cc1[nH]c(C(=O)Nc2nc3c(OCc4ccccc4)cc(C(N)=O)cc3s2)c(Cl)c1Cl,7.958607314841775,11.0,1,475.3570000000002,5.169820000000002,110.1,3.0,5.0,6.0,4.0,31.0,O=C(Nc1nc2c(OCc3ccccc3)cccc2s1)c1ccc[nH]1,1
Cc1[nH]c(C(=O)Nc2nc3c(OCc4cccnc4)cc(C(=O)O)cc3s2)c(Cl)c1Cl,8.0,10.0,1,477.3290000000002,5.164120000000002,117.2,3.0,6.0,6.0,4.0,31.0,O=C(Nc1nc2c(OCc3cccnc3)cccc2s1)c1ccc[nH]1,1
Cc1[nH]c(C(=O)Nc2nc3c(OCc4cccs4)cc(C(=O)O)cc3s2)c(Cl)c1Cl,8.15051499783199,7.5,2,482.3700000000002,5.8306200000000015,104.31000000000002,3.0,6.0,6.0,4.0,30.0,O=C(Nc1nc2c(OCc3cccs3)cccc2s1)c1ccc[nH]1,1
Cc1[nH]c(C(=O)Nc2nc3c(OCc4ccncc4)cc(C(=O)O)cc3s2)c(Cl)c1Cl,8.0,10.0,1,477.3290000000002,5.164120000000002,117.2,3.0,6.0,6.0,4.0,31.0,O=C(Nc1nc2c(OCc3ccncc3)cccc2s1)c1ccc[nH]1,1
Cc1[nH]c(C(=O)Nc2nc3c(OCc4ccsc4)cc(C(=O)O)cc3s2)c(Cl)c1Cl,8.15051499783199,7.5,2,482.3700000000002,5.8306200000000015,104.31000000000002,3.0,6.0,6.0,4.0,30.0,O=C(Nc1nc2c(OCc3ccsc3)cccc2s1)c1ccc[nH]1,1
Cc1[nH]c(C(=O)Nc2nc3c(OCc4ncccn4)cc(C(=O)O)cc3s2)c(Cl)c1Cl,8.0,10.0,1,478.3170000000002,4.559120000000002,130.09,3.0,7.0,6.0,4.0,31.0,O=C(Nc1nc2c(OCc3ncccn3)cccc2s1)c1ccc[nH]1,1
Cc1[nH]c(C(=O)Nc2nc3c(O[C@@H](C)c4ccccc4)cc(C(=O)O)cc3s2)cc1F,8.0,10.0,1,439.4680000000001,5.162420000000003,104.31000000000002,3.0,5.0,6.0,4.0,31.0,O=C(Nc1nc2c(OCc3ccccc3)cccc2s1)c1ccc[nH]1,1
Cc1[nH]c(C(=O)Nc2nc3c(O[C@H](C)c4ccccc4)cc(C(=O)O)cc3s2)cc1F,8.0,10.0,1,439.4680000000001,5.162420000000003,104.31000000000002,3.0,5.0,6.0,4.0,31.0,O=C(Nc1nc2c(OCc3ccccc3)cccc2s1)c1ccc[nH]1,1
Cc1[nH]c(C(=O)Nc2nc3ccc(NC(=O)c4ccncc4)cc3s2)c(Cl)c1Cl,5.6020599913279625,2500.0,1,446.3190000000002,5.139220000000002,99.77,3.0,5.0,4.0,4.0,29.0,O=C(Nc1ccc2nc(NC(=O)c3ccc[nH]3)sc2c1)c1ccncc1,0
Cc1c(N2CC(N)C2)c(F)cc2c(=O)c(C(=O)O)cn(-c3nc(N)c(F)cc3F)c12,6.543633966870957,286.0,1,419.36300000000017,1.5391199999999998,127.47,3.0,6.0,3.0,3.0,30.0,O=c1ccn(-c2ccccn2)c2cc(N3CCC3)ccc12,1
Cc1c(N2CC(NC(C)(C)C)C2)c(F)cc2c(=O)c(C(=O)O)cn(-c3nc(N)c(F)cc3F)c12,6.158640529545145,694.0,1,475.4710000000002,2.96852,113.48,3.0,6.0,4.0,3.0,34.0,O=c1ccn(-c2ccccn2)c2cc(N3CCC3)ccc12,1
Cc1c(N2CC(NC(C)C)C2)c(F)cc2c(=O)c(C(=O)O)cn(-c3nc(N)c(F)cc3F)c12,6.363512103646634,433.0,1,461.4440000000002,2.5784199999999995,113.48,3.0,6.0,5.0,3.0,33.0,O=c1ccn(-c2ccccn2)c2cc(N3CCC3)ccc12,1
Cc1c(N2CC3CC3(N)C2)c(F)cc2c(CN)c(F)c(=O)n(C3CC3)c12,5.903089986991944,1250.0,1,360.4080000000001,1.91912,77.28,2.0,4.0,3.0,2.0,26.0,O=c1ccc2ccc(N3CC4CC4C3)cc2n1C1CC1,0
Cc1c(N2CCCCC2)c(F)cc2c(=O)c(C(=O)O)cn(C3CC3)c12,5.157390760389438,6960.0,1,344.38600000000014,3.4724200000000014,62.54,1.0,3.0,3.0,2.0,25.0,O=c1ccn(C2CC2)c2cc(N3CCCCC3)ccc12,0
Cc1c(N2CCCCC2)c(N)cc2c(=O)c(C(=O)O)cn(C3CC3)c12,5.028260409112222,9370.0,1,341.4110000000002,2.9155200000000008,88.56,2.0,4.0,3.0,2.0,25.0,O=c1ccn(C2CC2)c2cc(N3CCCCC3)ccc12,0
Cc1c(N2CC[C@@H](CN)C2)c(F)cc2c(=O)n(N)c(=O)n(C3CC3)c12,6.022276394711152,950.0,1,347.3940000000001,0.4444200000000008,99.28,2.0,5.0,3.0,2.0,25.0,O=c1[nH]c(=O)n(C2CC2)c2cc(N3CCCC3)ccc12,1
Cc1c(N2CC[C@@H]([C@H](C)N)C2)c(F)cc2c(=O)n(N)c(=O)n(C3CC3)c12,6.698970004336019,200.0,1,361.4210000000002,0.8329200000000003,99.28,2.0,5.0,3.0,2.0,26.0,O=c1[nH]c(=O)n(C2CC2)c2cc(N3CCCC3)ccc12,1
Cc1c(N2CC[C@@H]([C@H](C)N)C2)c(F)cc2cc(C(=O)O)c(=O)n(C3CC3)c12,5.536107011014093,2910.0,1,373.42800000000017,2.65562,88.56,2.0,4.0,4.0,2.0,27.0,O=c1ccc2ccc(N3CCCC3)cc2n1C1CC1,0
Cc1c(N2CC[C@@H]([C@H](C)N)C2)c(F)cc2ccc(=O)n(C3CC3)c12,6.366531544420414,430.0,1,329.4190000000001,2.957420000000001,51.260000000000005,1.0,3.0,3.0,2.0,24.0,O=c1ccc2ccc(N3CCCC3)cc2n1C1CC1,1
Cc1c(N2CCc3ccccc3C2)c(F)cc2c(=O)c(C(=O)O)cn(C3CC3)c12,5.11690664142431,7640.0,1,392.4300000000002,4.044820000000002,62.54,1.0,3.0,3.0,3.0,29.0,O=c1ccn(C2CC2)c2cc(N3CCc4ccccc4C3)ccc12,0
Cc1c(N2CCc3ccccc3C2)c(N)cc2c(=O)c(C(=O)O)cn(C3CC3)c12,5.0343280287798935,9240.0,1,389.4550000000002,3.4879200000000017,88.56,2.0,4.0,3.0,3.0,29.0,O=c1ccn(C2CC2)c2cc(N3CCc4ccccc4C3)ccc12,0
Cc1c2c(cc3c(-c4cnccn4)noc13)CC1(C(=O)NC(=O)NC1=O)[C@H]1[C@H](C)O[C@H](C)CN21,5.853871964321762,1400.0,1,462.4660000000001,1.4839199999999997,139.54999999999998,2.0,9.0,1.0,3.0,34.0,O=C1NC(=O)C2(Cc3cc4c(-c5cnccn5)noc4cc3N3CCOCC32)C(=O)N1,0
Cc1cc(-c2noc3c(F)c4c(cc23)CC2(C(=O)NC(=O)NC2=O)[C@H]2[C@H](C)O[C@H](C)CN42)no1,6.3979400086720375,400.0,1,469.4290000000002,1.8210199999999992,139.79999999999998,2.0,9.0,1.0,3.0,34.0,O=C1NC(=O)C2(Cc3cc4c(-c5ccon5)noc4cc3N3CCOCC32)C(=O)N1,1
Cc1cc(=O)oc2cc(CCc3n[nH]c4cccc(OCc5ccc(C(C)(C)C)cc5)c34)ccc12,6.271646217978772,535.0,1,466.5810000000002,6.639420000000006,68.12,1.0,4.0,6.0,5.0,35.0,O=c1ccc2ccc(CCc3n[nH]c4cccc(OCc5ccccc5)c34)cc2o1,1
Cc1cc(=O)oc2cc(OCc3cn([C@@H]4O[C@H](CO)[C@@H](O)[C@H]4O)nn3)ccc12,6.096910013008056,800.0,1,389.3640000000001,-0.1165800000000001,140.07000000000002,3.0,9.0,5.0,3.0,28.0,O=c1ccc2ccc(OCc3cn(C4CCCO4)nn3)cc2o1,1
Cc1cc(C(F)(F)F)nn1-c1noc2c(F)c3c(cc12)CC1(C(=O)NC(=O)NC1=O)[C@H]1[C@H](C)O[C@H](C)CN31,5.1487416512809245,7100.0,1,536.4420000000001,2.3705199999999995,131.59,2.0,8.0,1.0,3.0,38.0,O=C1NC(=O)C2(Cc3cc4c(-n5cccn5)noc4cc3N3CCOCC32)C(=O)N1,0
Cc1cc(C(F)F)nn1-c1noc2c(F)c3c(cc12)CC1(C(=O)NC(=O)NC1=O)[C@H]1[C@H](C)O[C@H](C)CN31,5.267606240177032,5400.0,1,518.4520000000001,2.28932,131.59,2.0,8.0,2.0,3.0,37.0,O=C1NC(=O)C2(Cc3cc4c(-n5cccn5)noc4cc3N3CCOCC32)C(=O)N1,0
Cc1cc(C)n(-c2noc3c(F)c4c(cc23)CC2(C(=O)NC(=O)NC2=O)[C@H]2[C@H](C)O[C@H](C)CN42)n1,5.568636235841013,2700.0,1,482.4720000000002,1.6601399999999995,131.59,2.0,8.0,1.0,3.0,35.0,O=C1NC(=O)C2(Cc3cc4c(-n5cccn5)noc4cc3N3CCOCC32)C(=O)N1,0
Cc1cc(CNc2noc3c(F)c4c(cc23)CC2(C(=O)NC(=O)NC2=O)[C@H]2[C@H](C)O[C@H](C)CN42)no1,5.769551078621726,1700.0,1,498.4710000000002,1.7661199999999997,151.82999999999998,3.0,10.0,3.0,3.0,36.0,O=C1NC(=O)C2(Cc3cc4c(NCc5ccon5)noc4cc3N3CCOCC32)C(=O)N1,0
Cc1cc(NS(=O)(=O)c2ccc(NC(=O)CCN3CCN(c4cc5c(cc4F)c(=O)c(C(=O)O)cn5C4CC4)CC3)cc2)no1,5.199970640755866,6310.0,1,638.6780000000002,3.4217200000000005,167.07999999999998,3.0,9.0,10.0,4.0,45.0,O=C(CCN1CCN(c2ccc3c(=O)ccn(C4CC4)c3c2)CC1)Nc1ccc(S(=O)(=O)Nc2ccon2)cc1,0
Cc1ccc(-c2noc3c(Cl)c4c(cc23)CC2(C(=O)NC(=O)NC2=O)[C@H]2[C@H](C)O[C@H](C)CN42)cn1,5.795880017344075,1600.0,1,495.9230000000002,2.7423199999999994,126.66,2.0,8.0,1.0,3.0,35.0,O=C1NC(=O)C2(Cc3cc4c(-c5cccnc5)noc4cc3N3CCOCC32)C(=O)N1,0
Cc1ccc(-c2noc3c(F)c4c(cc23)CC2(C(=O)NC(=O)NC2=O)[C@H]2[C@H](C)O[C@H](C)CN42)cn1,5.721246399047171,1900.0,1,479.4680000000002,2.2280199999999994,126.66,2.0,8.0,1.0,3.0,35.0,O=C1NC(=O)C2(Cc3cc4c(-c5cccnc5)noc4cc3N3CCOCC32)C(=O)N1,0
Cc1ccc(-n2nc(C)c(C(=O)Oc3ncn(-c4ccccc4)n3)c2Cl)cc1,7.853871964321762,14.0,1,393.8340000000001,3.942440000000003,74.83000000000001,0.0,5.0,4.0,4.0,28.0,O=C(Oc1ncn(-c2ccccc2)n1)c1cnn(-c2ccccc2)c1,1
Cc1cnc(-c2noc3c(Cl)c4c(nc23)CC2(C(=O)NC(=O)NC2=O)[C@H]2[C@H](C)O[C@H](C)CN42)s1,6.301029995663981,500.0,1,502.94000000000017,2.19882,139.54999999999998,2.0,10.0,1.0,3.0,34.0,O=C1NC(=O)C2(Cc3nc4c(-c5nccs5)noc4cc3N3CCOCC32)C(=O)N1,1
Cc1cnn(-c2noc3c(F)c4c(cc23)CC2(C(=O)NC(=O)NC2=O)[C@H]2[C@H](C)O[C@H](C)CN42)c1,5.920818753952375,1200.0,1,468.44500000000016,1.3517199999999996,131.59,2.0,8.0,1.0,3.0,34.0,O=C1NC(=O)C2(Cc3cc4c(-n5cccn5)noc4cc3N3CCOCC32)C(=O)N1,0
Cc1csc(-c2noc3c(Cl)c4c(nc23)CC2(C(=O)NC(=O)NC2=O)[C@H]2[C@H](C)O[C@H](C)CN42)n1,5.6020599913279625,2500.0,1,502.94000000000017,2.19882,139.54999999999998,2.0,10.0,1.0,3.0,34.0,O=C1NC(=O)C2(Cc3nc4c(-c5nccs5)noc4cc3N3CCOCC32)C(=O)N1,0
Cc1nc(-c2noc3c(F)c4c(cc23)CC2(C(=O)NC(=O)NC2=O)[C@H]2[C@H](C)O[C@H](C)CN42)co1,5.958607314841775,1100.0,1,469.4290000000002,1.8210199999999996,139.79999999999998,2.0,9.0,1.0,3.0,34.0,O=C1NC(=O)C2(Cc3cc4c(-c5cocn5)noc4cc3N3CCOCC32)C(=O)N1,0
Cc1ncc(-c2noc3c(Cl)c4c(nc23)CC2(C(=O)NC(=O)NC2=O)[C@H]2[C@H](C)O[C@H](C)CN42)s1,5.698970004336019,2000.0,1,502.94000000000017,2.19882,139.54999999999998,2.0,10.0,1.0,3.0,34.0,O=C1NC(=O)C2(Cc3nc4c(-c5cncs5)noc4cc3N3CCOCC32)C(=O)N1,0
Cc1ncn(-c2noc3c(F)c4c(cc23)CC2(C(=O)NC(=O)NC2=O)[C@H]2[C@H](C)O[C@H](C)CN42)n1,5.698970004336019,2000.0,1,469.43300000000016,0.7467199999999996,144.48,2.0,9.0,1.0,3.0,34.0,O=C1NC(=O)C2(Cc3cc4c(-n5cncn5)noc4cc3N3CCOCC32)C(=O)N1,0
Cc1ncsc1-c1noc2c(F)c3c(cc12)CC1(C(=O)NC(=O)NC1=O)[C@@H]1[C@@H](C)O[C@@H](C)CN31,6.045757490560675,900.0,1,485.4970000000002,2.289519999999999,126.66,2.0,9.0,1.0,3.0,34.0,O=C1NC(=O)C2(Cc3cc4c(-c5cncs5)noc4cc3N3CCOCC32)C(=O)N1,1
Cc1nnsc1-c1noc2c(F)c3c(cc12)CC1(C(=O)NC(=O)NC1=O)[C@@H]1[C@@H](C)O[C@@H](C)CN31,6.045757490560675,900.0,1,486.4850000000002,1.6845200000000002,139.54999999999998,2.0,10.0,1.0,3.0,34.0,O=C1NC(=O)C2(Cc3cc4c(-c5cnns5)noc4cc3N3CCOCC32)C(=O)N1,1
Cc1noc2c(Cl)c3c(cc12)CC1(C(=O)NC(=O)NC1=O)C1C(C)OC(C)CN31,6.431798275933005,370.0,1,418.8370000000001,1.6803199999999998,113.76999999999998,2.0,7.0,0.0,2.0,29.0,O=C1NC(=O)C2(Cc3cc4cnoc4cc3N3CCOCC32)C(=O)N1,1
Cc1noc2c(Cl)c3c(cc12)CC1(C(=O)NC(=O)NC1=O)[C@H]1[C@H](C)O[C@H](C)CN31,6.3979400086720375,400.0,1,418.8370000000001,1.6803199999999998,113.76999999999998,2.0,7.0,0.0,2.0,29.0,O=C1NC(=O)C2(Cc3cc4cnoc4cc3N3CCOCC32)C(=O)N1,1
Cc1noc2c(Cl)c3c(nc12)CC1(C(=O)NC(=O)NC1=O)[C@H]1[C@H](C)O[C@H](C)CN31,5.7447274948966935,1800.0,1,419.8250000000001,1.0753199999999998,126.66,2.0,8.0,0.0,2.0,29.0,O=C1NC(=O)C2(Cc3nc4cnoc4cc3N3CCOCC32)C(=O)N1,0
Cc1noc2c(F)c3c(cc12)CC1(C(=O)NC(=O)NC1=O)C1C(C)OC(C)CN31,9.42021640338319,0.38,1,402.38200000000006,1.1660199999999998,113.76999999999998,2.0,7.0,0.0,2.0,29.0,O=C1NC(=O)C2(Cc3cc4cnoc4cc3N3CCOCC32)C(=O)N1,1
Cc1noc2c(F)c3c(cc12)CC1(C(=O)NC(=O)NC1=O)[C@@H]1[C@@H](C)O[C@@H](C)CN31,7.080921907623926,83.0,1,402.38200000000006,1.1660199999999998,113.76999999999998,2.0,7.0,0.0,2.0,29.0,O=C1NC(=O)C2(Cc3cc4cnoc4cc3N3CCOCC32)C(=O)N1,1
Cc1noc2c(F)c3c(cc12)CC1(C(=O)NC(=O)NC1=O)[C@@H]1[C@@H](C)O[C@H](C)CN31,7.886056647693163,13.0,1,402.3820000000002,1.1660200000000005,113.77,2.0,7.0,0.0,2.0,29.0,O=C1NC(=O)C2(Cc3cc4cnoc4cc3N3CCOCC32)C(=O)N1,1
Cc1noc2c(F)c3c(cc12)CC1(C(=O)NC(=O)NC1=O)[C@H]1[C@H](C)O[C@@H](C)CN31,7.585026652029182,26.0,1,402.3820000000002,1.1660200000000005,113.77,2.0,7.0,0.0,2.0,29.0,O=C1NC(=O)C2(Cc3cc4cnoc4cc3N3CCOCC32)C(=O)N1,1
Cc1noc2c(F)c3c(cc12)CC1(C(=O)NC(=O)NC1=O)[C@H]1[C@H](C)O[C@H](C(F)(F)F)CN31,5.356547323513812,4400.0,1,456.35200000000015,1.7084199999999996,113.76999999999998,2.0,7.0,0.0,2.0,32.0,O=C1NC(=O)C2(Cc3cc4cnoc4cc3N3CCOCC32)C(=O)N1,0
Cc1noc2c(F)c3c(cc12)CC1(C(=O)NC(=O)NC1=O)[C@H]1[C@H](C)O[C@H](C)CN31,6.522878745280337,300.0,3,402.38200000000006,1.1660199999999998,113.76999999999998,2.0,7.0,0.0,2.0,29.0,O=C1NC(=O)C2(Cc3cc4cnoc4cc3N3CCOCC32)C(=O)N1,1
Cc1nsc2c(F)c3c(cc12)CC1(C(=O)NC(=O)NC1=O)[C@H]1[C@H](C)O[C@H](C)CN31,6.698970004336019,200.0,1,418.4500000000001,1.6345199999999998,100.63,2.0,7.0,0.0,2.0,29.0,O=C1NC(=O)C2(Cc3cc4cnsc4cc3N3CCOCC32)C(=O)N1,1
Cc1sc(-c2ccccc2Cl)cc1C(=O)N[C@@H](CN)c1ccccc1,7.397940008672037,40.0,1,370.9050000000001,4.806720000000003,55.120000000000005,2.0,3.0,5.0,3.0,25.0,O=C(NCc1ccccc1)c1csc(-c2ccccc2)c1,1
Cn1c(=O)cnc2ccc(OCCNC[C@@H]3CN(c4cnc5c(n4)NC(=O)CS5)C(=O)O3)nc21,7.522878745280337,30.0,1,484.4980000000002,0.1564999999999997,153.45999999999998,2.0,11.0,7.0,3.0,34.0,O=C1CSc2ncc(N3CC(CNCCOc4ccc5ncc(=O)[nH]c5n4)OC3=O)nc2N1,1
Cn1c(=O)cnc2ccc(OCCNC[C@H]3CN(c4cnc5c(n4)NC(=O)CS5)C(=O)O3)nc21,7.602059991327962,25.0,1,484.4980000000002,0.1565000000000005,153.46,2.0,11.0,7.0,3.0,34.0,O=C1CSc2ncc(N3CC(CNCCOc4ccc5ncc(=O)[nH]c5n4)OC3=O)nc2N1,1
Cn1cc(-c2ccc(NC(=O)Cc3ccc(Cl)cc3)cc2)n2ccnc2c1=O,5.197226274708024,6350.0,1,392.84600000000006,3.534600000000002,68.4,1.0,3.0,4.0,4.0,28.0,O=C(Cc1ccccc1)Nc1ccc(-c2c[nH]c(=O)c3nccn23)cc1,0
Cn1nc(O[C@@H](CN)c2ccccc2)c2cc(-c3ccccc3Cl)ccc21,5.301029995663981,5000.0,1,377.8750000000001,4.972500000000004,53.07,1.0,3.0,5.0,4.0,27.0,c1ccc(COc2n[nH]c3ccc(-c4ccccc4)cc23)cc1,0
N#CCNC(=O)c1ccc(NC(=O)c2cc(Br)c(Br)[nH]2)cc1,6.017728766960431,960.0,1,426.0680000000001,3.0453800000000006,97.78,3.0,3.0,4.0,2.0,22.0,O=C(Nc1ccccc1)c1ccc[nH]1,1
N#Cc1cc(OC2CNC2)cc2c1CC(CNCCC1CN(c3ccc4c(n3)NC(=O)CO4)C(=O)O1)C2,7.292429823902063,51.0,1,504.5470000000003,1.3546799999999994,137.83999999999995,3.0,9.0,8.0,2.0,37.0,O=C1COc2ccc(N3CC(CCNCC4Cc5ccc(OC6CNC6)cc5C4)OC3=O)nc2N1,1
N#Cc1cc(OCC2(N)CC2)cc2c1CC(CNCCC1CN(c3ccc4c(n3)NC(=O)CO4)C(=O)O1)C2,7.455931955649724,35.0,1,518.5740000000003,1.8741799999999995,151.83,3.0,9.0,9.0,2.0,38.0,O=C1COc2ccc(N3CC(CCNCC4Cc5ccc(OCC6CC6)cc5C4)OC3=O)nc2N1,1
N#Cc1cc(OCC2CNC2)cc2c1CC(CNCCC1CN(c3ccc4c(n3)NC(=O)CO4)C(=O)O1)C2,7.42021640338319,38.0,1,518.5740000000003,1.6022799999999993,137.83999999999995,3.0,9.0,9.0,2.0,38.0,O=C1COc2ccc(N3CC(CCNCC4Cc5ccc(OCC6CNC6)cc5C4)OC3=O)nc2N1,1
N#Cc1ccc2ccc(=O)n(CCN3CCC(NCc4ccc5c(c4)NC(=O)CO5)CC3)c2c1,8.468521082957745,3.4,1,457.5340000000003,2.45828,99.39,2.0,6.0,6.0,3.0,34.0,O=C1COc2ccc(CNC3CCN(CCn4c(=O)ccc5ccccc54)CC3)cc2N1,1
N#Cc1ccc2ccc(=O)n(CCN3CCC(NCc4ccc5c(c4)NC(=O)CS5)CC3)c2c1,8.494850021680094,3.2,1,473.60200000000026,3.1715800000000005,90.16,2.0,6.0,6.0,3.0,34.0,O=C1CSc2ccc(CNC3CCN(CCn4c(=O)ccc5ccccc54)CC3)cc2N1,1
N#Cc1ccc2ccc(=O)n(CCN3CCC(NCc4ccc5c(c4)OCCO5)CC3)c2c1,7.356547323513812,44.0,1,444.5350000000003,2.898580000000001,79.52000000000001,1.0,6.0,6.0,3.0,33.0,O=c1ccc2ccccc2n1CCN1CCC(NCc2ccc3c(c2)OCCO3)CC1,1
N#Cc1ccc2ccc(=O)n(CCN[C@H]3CC[C@H]4[C@H](C3)OC(=O)N4c3ccc4c(n3)NC(=O)CO4)c2c1,7.522878745280337,30.0,1,500.5150000000002,2.135179999999999,138.57999999999998,2.0,8.0,5.0,3.0,37.0,O=C1COc2ccc(N3C(=O)OC4CC(NCCn5c(=O)ccc6ccccc65)CCC43)nc2N1,1
N#Cc1cccc2c1CC(NCCCC1CN(c3ccc4c(n3)NC(=O)CO4)C(=O)O1)C2,7.244125144327507,57.0,1,433.46800000000025,2.14658,116.58,2.0,7.0,6.0,2.0,32.0,O=C1COc2ccc(N3CC(CCCNC4Cc5ccccc5C4)OC3=O)nc2N1,1
N#Cc1cnc2ccc(=O)n(CCCN[C@H]3CC[C@H]4[C@H](C3)OC(=O)N4c3ccc4c(n3)NC(=O)CO4)c2c1,6.468521082957745,340.0,1,515.5300000000002,1.9202799999999995,151.47,2.0,9.0,6.0,3.0,38.0,O=C1COc2ccc(N3C(=O)OC4CC(NCCCn5c(=O)ccc6ncccc65)CCC43)nc2N1,1
N=C(N)NC[C@H](Oc1noc2ccc(-c3ccccc3Cl)cc12)c1ccccc1,6.795880017344075,160.0,1,406.8730000000001,4.751370000000002,97.16,3.0,4.0,6.0,4.0,29.0,c1ccc(COc2noc3ccc(-c4ccccc4)cc23)cc1,1
NC(=O)CC(=O)Nc1nc2c(s1)C[C@@H](NC(=O)c1cc(Br)c(Br)[nH]1)CC2,5.769551078621726,1700.0,1,505.1920000000001,2.0973999999999995,129.97,4.0,5.0,5.0,2.0,26.0,O=C(NC1CCc2ncsc2C1)c1ccc[nH]1,0
NC(N)=NS(=O)(=O)c1ccc(/N=N/N2CCN(c3cc4c(cc3F)c(=O)c(C(=O)O)cn4C3CC3)CC2)cc1,6.113509274827518,770.0,1,556.5800000000002,1.9567000000000003,189.04,3.0,7.0,7.0,3.0,39.0,O=c1ccn(C2CC2)c2cc(N3CCN(N=Nc4ccccc4)CC3)ccc12,1
NC1(COc2cc(F)c3c(c2)CC(CNCCC2CN(c4ccc5c(n4)NC(=O)CO5)C(=O)O2)C3)CC1,7.0,100.0,1,511.5540000000003,2.1415999999999995,128.04000000000002,3.0,8.0,9.0,2.0,37.0,O=C1COc2ccc(N3CC(CCNCC4Cc5ccc(OCC6CC6)cc5C4)OC3=O)nc2N1,1
NC1(COc2cc(F)c3c(c2)CC(CNCCC2CN(c4cnc5c(n4)NC(=O)CO5)C(=O)O2)C3)CC1,7.221848749616356,60.0,1,512.5420000000003,1.5365999999999989,140.93,3.0,9.0,9.0,2.0,37.0,O=C1COc2ncc(N3CC(CCNCC4Cc5ccc(OCC6CC6)cc5C4)OC3=O)nc2N1,1
NC1C=C(c2cc3c(cc2F)c(=O)c(C(=O)O)cn3C2CC2)CC1,5.0695604052333,8520.0,1,328.3430000000001,2.678200000000001,85.32,2.0,3.0,3.0,2.0,24.0,O=c1ccn(C2CC2)c2cc(C3=CCCC3)ccc12,0
NC1CCN(c2cc3c(cc2F)c(=O)c(C(=O)O)cn3C2CC2)C1,5.614156295722894,4297.0,2,331.34700000000004,1.7110999999999996,88.56,2.0,4.0,3.0,2.0,24.0,O=c1ccn(C2CC2)c2cc(N3CCCC3)ccc12,0
NC1CCN(c2nc3c(cc2F)c(=O)c(C(=O)O)cn3-c2ccc(F)cc2F)C1,5.130181792020672,7410.0,1,404.34800000000007,2.0386,101.45,2.0,5.0,3.0,3.0,29.0,O=c1ccn(-c2ccccc2)c2nc(N3CCCC3)ccc12,0
NC1CCN(c2nc3c(cc2F)c(=O)c(C(=O)O)cn3C2CC2)C1,5.346305472173348,5635.0,2,332.3350000000001,1.1060999999999992,101.45,2.0,5.0,3.0,2.0,24.0,O=c1ccn(C2CC2)c2nc(N3CCCC3)ccc12,0
NCC(NC(=O)c1cccc(-c2cccs2)c1)c1ccc(O)cc1,6.522878745280337,300.0,1,338.4320000000001,3.5505000000000013,75.35,3.0,4.0,5.0,3.0,24.0,O=C(NCc1ccccc1)c1cccc(-c2cccs2)c1,1
NCC(Oc1noc2ccc(-c3ccccc3Cl)cc12)c1ccccn1,6.301029995663981,500.0,1,365.8200000000001,4.622000000000003,74.17,1.0,5.0,5.0,4.0,26.0,c1ccc(-c2ccc3onc(OCc4ccccn4)c3c2)cc1,1
NCC1CCN(c2c(F)c(N)c3c(=O)c(C(=O)O)cn(C4CC4)c3c2F)C1,5.115771230367396,7660.0,1,378.3790000000002,1.68,114.57999999999998,3.0,5.0,4.0,2.0,27.0,O=c1ccn(C2CC2)c2cc(N3CCCC3)ccc12,0
NCC1CCN(c2cc3c(cc2F)c(=O)c(C(=O)O)cn3C2CC2)C1,5.841637507904751,1440.0,1,345.37400000000014,1.9586999999999997,88.56,2.0,4.0,4.0,2.0,25.0,O=c1ccn(C2CC2)c2cc(N3CCCC3)ccc12,0
NCC1CCN(c2nc3c(cc2F)c(=O)c(C(=O)O)cn3C2CC2)C1,5.665546248849069,2160.0,1,346.36200000000014,1.353699999999999,101.45,2.0,5.0,4.0,2.0,25.0,O=c1ccn(C2CC2)c2nc(N3CCCC3)ccc12,0
NCCOc1cc(C(=O)N[C@@H](Cc2ccccc2)C(=O)O)ccc1NC(=O)c1cc(Br)c(Br)[nH]1,6.431798275933005,370.0,1,594.2600000000001,3.5552,146.54,5.0,5.0,10.0,3.0,34.0,O=C(NCCc1ccccc1)c1ccc(NC(=O)c2ccc[nH]2)cc1,1
NC[C@H](Nc1nccc2ccc(-c3ccccc3Cl)cc12)c1ccccc1,5.0,10000.0,1,373.8870000000001,5.667100000000004,50.94,2.0,3.0,5.0,4.0,27.0,c1ccc(CNc2nccc3ccc(-c4ccccc4)cc23)cc1,0
NC[C@H](Oc1n[nH]c2ccc(-c3ccccc3Cl)cc12)c1ccccc1,5.795880017344075,1600.0,1,363.84800000000007,4.962100000000003,63.93,2.0,3.0,5.0,4.0,26.0,c1ccc(COc2n[nH]c3ccc(-c4ccccc4)cc23)cc1,0
NC[C@H](Oc1noc2ccc(-c3ccccc3Cl)cc12)c1ccccc1,6.795880017344075,160.0,1,364.8320000000001,5.227000000000004,61.28,1.0,4.0,5.0,4.0,26.0,c1ccc(COc2noc3ccc(-c4ccccc4)cc23)cc1,1
NC[C@H](Oc1noc2ccc(-c3ccccc3Cl)nc12)c1ccccc1,5.795880017344075,1600.0,1,365.8200000000001,4.6220000000000026,74.17,1.0,5.0,5.0,4.0,26.0,c1ccc(COc2noc3ccc(-c4ccccc4)nc23)cc1,0
NC[C@H](Oc1noc2ncc(-c3ccccc3Cl)cc12)c1ccccc1,6.301029995663981,500.0,1,365.8200000000001,4.6220000000000026,74.17,1.0,5.0,5.0,4.0,26.0,c1ccc(COc2noc3ncc(-c4ccccc4)cc23)cc1,1
NCc1ccc(-c2cc3c(cc2F)c(=O)c2c(=O)[nH]sc2n3C2CC2)cc1,7.0,100.0,1,381.4320000000001,3.5042000000000018,80.88,2.0,4.0,3.0,4.0,27.0,O=c1[nH]sc2c1c(=O)c1ccc(-c3ccccc3)cc1n2C1CC1,1
NCc1cccc(-c2cc3c(cc2F)c(=O)c2c(=O)[nH]sc2n3C2CC2)c1,7.0,100.0,1,381.432,3.5042000000000018,80.88,2.0,4.0,3.0,4.0,27.0,O=c1[nH]sc2c1c(=O)c1ccc(-c3ccccc3)cc1n2C1CC1,1
NS(=O)(=O)c1ccc(/N=N/N2CCN(c3cc4c(cc3F)c(=O)c(C(=O)O)cn4C3CC3)CC2)cc1,5.448550002027125,3560.0,1,514.5390000000002,2.6420000000000003,150.66,2.0,7.0,6.0,3.0,36.0,O=c1ccn(C2CC2)c2cc(N3CCN(N=Nc4ccccc4)CC3)ccc12,0
NS(=O)(=O)c1ccc(NC(=O)CCN2CCN(c3cc4c(cc3F)c(=O)c(C(=O)O)cn4C3CC3)CC2)cc1,5.958607314841775,1100.0,1,557.6040000000002,1.9718999999999995,155.04,3.0,7.0,8.0,3.0,39.0,O=C(CCN1CCN(c2ccc3c(=O)ccn(C4CC4)c3c2)CC1)Nc1ccccc1,0
NS(=O)(=O)c1ccc(NC(=O)CN2CCN(c3cc4c(cc3F)c(=O)c(C(=O)O)cn4C3CC3)CC2)cc1,5.87942606879415,1320.0,1,543.5770000000002,1.5818,155.04,3.0,7.0,7.0,3.0,38.0,O=C(CN1CCN(c2ccc3c(=O)ccn(C4CC4)c3c2)CC1)Nc1ccccc1,0
N[C@@H](Cn1c(=O)cnc2ccc(F)cc21)C1CCC(NCc2ncc3c(n2)OCC(=O)N3)CC1,7.698970004336019,20.0,1,467.5050000000003,1.3323999999999985,137.05,3.0,8.0,6.0,3.0,34.0,O=C1COc2nc(CNC3CCC(CCn4c(=O)cnc5ccccc54)CC3)ncc2N1,1
N[C@@H]1CCN(c2c(F)cc3c(=O)c(C(=O)O)cn(C4CC4)c3c2Cl)C1,5.913322355127253,1638.0,2,365.79200000000014,2.3645000000000005,88.56,2.0,4.0,3.0,2.0,25.0,O=c1ccn(C2CC2)c2cc(N3CCCC3)ccc12,0
N[C@H]1CCCN(c2ccc3c(=O)c(C(=O)O)cn(C4CC4)c3c2Cl)C1,5.053547734986926,8840.0,1,361.8290000000002,2.615500000000001,88.56,2.0,4.0,3.0,2.0,25.0,O=c1ccn(C2CC2)c2cc(N3CCCCC3)ccc12,0
N[C@H]1CCCN(c2nc3c(cc2F)c(=O)c(C(=O)O)cn3C2CC2)C1,5.336299074610352,4610.0,1,346.36200000000014,1.496199999999999,101.45,2.0,5.0,3.0,2.0,25.0,O=c1ccn(C2CC2)c2nc(N3CCCCC3)ccc12,0
N[C@H]1CCN(c2c(F)cc3c(=O)c(C(=O)O)cn4c3c2Oc2cc([N+](=O)[O-])ccc2-4)C1,5.4089353929735005,3900.0,1,426.3600000000002,2.3793,140.93,2.0,7.0,3.0,3.0,31.0,O=c1ccn2c3c(c(N4CCCC4)ccc13)Oc1ccccc1-2,0
N[C@H]1CCN(c2cc3c(cc2F)n2ccnc2c(=O)n3C2CC2)C1,5.924453038607469,1190.0,1,327.36300000000006,1.6606,68.56,1.0,4.0,2.0,3.0,24.0,O=c1c2nccn2c2ccc(N3CCCC3)cc2n1C1CC1,0
Nc1c(F)c(N2CCC(N)C2)c(F)c2c1c(=O)c(C(=O)O)cn2C1CC1,5.146910470148135,7130.0,1,364.35200000000015,1.4323999999999997,114.57999999999998,3.0,5.0,3.0,2.0,26.0,O=c1ccn(C2CC2)c2cc(N3CCCC3)ccc12,0
Nc1cc(-c2cc3c(cc2F)c(=O)c2c(=O)[nH]sc2n3C2CC2)ccc1F,6.522878745280337,300.0,1,385.3950000000001,3.766800000000001,80.88,2.0,4.0,2.0,4.0,27.0,O=c1[nH]sc2c1c(=O)c1ccc(-c3ccccc3)cc1n2C1CC1,1
Nc1ccc(-c2cc3c(cc2F)c(=O)c2c(=O)[nH]sc2n3C2CC2)cc1,6.522878745280337,300.0,1,367.4050000000001,3.6277000000000017,80.88,2.0,4.0,2.0,4.0,26.0,O=c1[nH]sc2c1c(=O)c1ccc(-c3ccccc3)cc1n2C1CC1,1
Nc1ccc2c(c1)Oc1c(N3CCOCC3)c(F)cc3c(=O)c(C(=O)O)cn-2c13,5.107905397309519,7800.0,1,397.3620000000001,2.3525,107.01999999999998,2.0,6.0,2.0,3.0,29.0,O=c1ccn2c3c(c(N4CCOCC4)ccc13)Oc1ccccc1-2,0
Nc1ccc2c(c1)Oc1c(N3CC[C@@H](N)C3)c(F)cc3c(=O)c(C(=O)O)cn-2c13,5.4089353929735005,3900.0,1,396.3780000000001,2.0533,123.81,3.0,6.0,2.0,3.0,29.0,O=c1ccn2c3c(c(N4CCCC4)ccc13)Oc1ccccc1-2,0
Nc1ccc2c(c1)Oc1c(N3CC[C@H](N)C3)c(F)cc3c(=O)c(C(=O)O)cn-2c13,5.4089353929735005,3900.0,1,396.3780000000001,2.0533,123.81,3.0,6.0,2.0,3.0,29.0,O=c1ccn2c3c(c(N4CCCC4)ccc13)Oc1ccccc1-2,0
Nc1cccc(-c2cc3c(cc2F)c(=O)c2c(=O)[nH]sc2n3C2CC2)c1,5.508638306165727,3100.0,1,367.4050000000001,3.6277000000000017,80.88,2.0,4.0,2.0,4.0,26.0,O=c1[nH]sc2c1c(=O)c1ccc(-c3ccccc3)cc1n2C1CC1,0
Nc1nc(=S)[nH]c2c1C(c1ccc(Cl)cc1)C=C(c1cc3ccccc3oc1=O)O2,8.309803919971486,4.9,1,435.8920000000002,5.046590000000003,94.14,2.0,6.0,2.0,4.0,30.0,O=c1oc2ccccc2cc1C1=CC(c2ccccc2)c2cnc(=S)[nH]c2O1,1
O=C(CCN1CCN(c2cc3c(cc2F)c(=O)c(C(=O)O)cn3C2CC2)CC1)Nc1ccc(S(=O)(=O)Nc2cnc3ccccc3n2)cc1,6.366531544420414,430.0,1,685.7379999999999,4.068500000000003,166.82999999999998,3.0,9.0,10.0,5.0,49.0,O=C(CCN1CCN(c2ccc3c(=O)ccn(C4CC4)c3c2)CC1)Nc1ccc(S(=O)(=O)Nc2cnc3ccccc3n2)cc1,1
O=C(CCN1CCN(c2cc3c(cc2F)c(=O)c(C(=O)O)cn3C2CC2)CC1)Nc1ccc(S(=O)(=O)Nc2ncccn2)cc1,5.701146923590294,1990.0,1,635.678,2.915300000000002,166.82999999999998,3.0,9.0,10.0,4.0,45.0,O=C(CCN1CCN(c2ccc3c(=O)ccn(C4CC4)c3c2)CC1)Nc1ccc(S(=O)(=O)Nc2ncccn2)cc1,0
O=C(CN1CCC1)Nc1cc(F)c2c(c1)CC(CNCCC1CN(c3cnc4c(n3)NC(=O)CO4)C(=O)O1)C2,7.853871964321762,14.0,1,539.5680000000002,1.3106999999999998,138.02000000000004,3.0,9.0,9.0,2.0,39.0,O=C(CN1CCC1)Nc1ccc2c(c1)CC(CNCCC1CN(c3cnc4c(n3)NC(=O)CO4)C(=O)O1)C2,1
O=C(CN1CCN(c2cc3c(cc2F)c(=O)c(C(=O)O)cn3C2CC2)CC1)Nc1ccc(S(=O)(=O)Nc2cnc3ccccc3n2)cc1,6.259637310505756,550.0,1,671.7109999999999,3.6784000000000017,166.82999999999998,3.0,9.0,9.0,5.0,48.0,O=C(CN1CCN(c2ccc3c(=O)ccn(C4CC4)c3c2)CC1)Nc1ccc(S(=O)(=O)Nc2cnc3ccccc3n2)cc1,1
O=C(CN1CCN(c2cc3c(cc2F)c(=O)c(C(=O)O)cn3C2CC2)CC1)Nc1ccc(S(=O)(=O)Nc2cncc(Cl)n2)cc1,6.045757490560675,900.0,1,656.0959999999999,3.178600000000001,166.82999999999998,3.0,9.0,9.0,4.0,45.0,O=C(CN1CCN(c2ccc3c(=O)ccn(C4CC4)c3c2)CC1)Nc1ccc(S(=O)(=O)Nc2cnccn2)cc1,1
O=C(CN1CCN(c2cc3c(cc2F)c(=O)c(C(=O)O)cn3C2CC2)CC1)Nc1ccc(S(=O)(=O)Nc2ncccn2)cc1,5.542118103266008,2870.0,1,621.651,2.5252000000000008,166.82999999999998,3.0,9.0,9.0,4.0,44.0,O=C(CN1CCN(c2ccc3c(=O)ccn(C4CC4)c3c2)CC1)Nc1ccc(S(=O)(=O)Nc2ncccn2)cc1,0
O=C(Cn1cc(CCN2CCN(c3cc4c(cc3F)c(=O)c(C(=O)O)cn4C3CC3)CC2)nn1)Nc1ccc(S[C@@H]2O[C@H](CO)[C@H](O)[C@H](O)[C@H]2O)cc1,5.221848749616356,6000.0,1,753.8100000000004,0.6606000000000005,215.74,6.0,13.0,12.0,4.0,53.0,O=C(Cn1cc(CCN2CCN(c3ccc4c(=O)ccn(C5CC5)c4c3)CC2)nn1)Nc1ccc(SC2CCCCO2)cc1,0
O=C(Cn1cc(CN2CCN(c3cc4c(cc3F)c(=O)c(C(=O)O)cn4C3CC3)CC2)nn1)Nc1ccc(S[C@@H]2O[C@H](CO)[C@H](O)[C@H](O)[C@H]2O)cc1,5.3979400086720375,4000.0,1,739.7830000000005,0.6181000000000001,215.74,6.0,13.0,11.0,4.0,52.0,O=C(Cn1cc(CN2CCN(c3ccc4c(=O)ccn(C5CC5)c4c3)CC2)nn1)Nc1ccc(SC2CCCCO2)cc1,0
O=C(N[C@H]1CCc2nc(NCc3cc(=O)c(O)co3)sc2C1)c1cc(Br)c(Br)[nH]1,6.7447274948966935,180.0,1,544.2250000000001,3.554400000000002,120.25,4.0,7.0,5.0,3.0,29.0,O=C(NC1CCc2nc(NCc3cc(=O)cco3)sc2C1)c1ccc[nH]1,1
O=C(O)C(=O)Nc1ccc(NC(=O)c2cc(Br)c(Br)[nH]2)cc1,6.7447274948966935,180.0,1,431.04,2.8151,111.29,4.0,3.0,3.0,2.0,22.0,O=C(Nc1ccccc1)c1ccc[nH]1,1
O=C(O)C(=O)Nc1ccc2c(c1)s/c(=N\C(=O)c1cc(Br)c(Br)[nH]1)n2Cc1ccccc1,6.872895201635193,134.0,1,578.2420000000001,4.368400000000001,116.54999999999998,3.0,4.0,4.0,4.0,32.0,O=C(N=c1sc2ccccc2n1Cc1ccccc1)c1ccc[nH]1,1
O=C(O)C(=O)Nc1ccc2nc(N(Cc3cccc(C(=O)O)c3)C(=O)c3cc(Br)c(Br)[nH]3)sc2c1,7.017728766960431,96.0,1,622.2510000000001,4.717700000000002,152.69,4.0,6.0,6.0,4.0,35.0,O=C(c1ccc[nH]1)N(Cc1ccccc1)c1nc2ccccc2s1,1
O=C(O)C(=O)Nc1ccc2nc(N(Cc3ccccc3)C(=O)c3cc(Br)c(Br)[nH]3)sc2c1,7.721246399047171,19.0,1,578.2420000000001,5.019500000000002,115.39,3.0,5.0,5.0,4.0,32.0,O=C(c1ccc[nH]1)N(Cc1ccccc1)c1nc2ccccc2s1,1
O=C(O)C(=O)Nc1ccc2nc(NC(=O)c3cc(Br)c(Br)[nH]3)[nH]c2c1,6.221848749616356,600.0,1,471.065,2.6914,139.96999999999997,5.0,4.0,3.0,3.0,25.0,O=C(Nc1nc2ccccc2[nH]1)c1ccc[nH]1,1
O=C(O)C(=O)Nc1nc2c(s1)C[C@@H](NC(=O)c1cc(Br)c(Br)[nH]1)CC2,7.236572006437063,58.0,1,492.1490000000001,2.3066000000000004,124.17999999999998,4.0,5.0,3.0,2.0,25.0,O=C(NC1CCc2ncsc2C1)c1ccc[nH]1,1
O=C(O)C(=O)Nc1nc2c(s1)C[C@@H](NC(=O)c1cc(Cl)c(Cl)[nH]1)CC2,6.229147988357855,590.0,1,403.2470000000002,2.0884,124.17999999999998,4.0,5.0,3.0,2.0,25.0,O=C(NC1CCc2ncsc2C1)c1ccc[nH]1,1
O=C(O)C(=O)Nc1nc2c(s1)C[C@@H](NC(=O)c1cc3ccccc3[nH]1)CC2,5.113509274827518,7700.0,1,384.41700000000014,1.9348,124.17999999999998,4.0,5.0,3.0,3.0,27.0,O=C(NC1CCc2ncsc2C1)c1cc2ccccc2[nH]1,0
O=C(O)C(=O)Nc1nc2ccc(NC(=O)c3cc(Br)c(Br)[nH]3)cc2s1,7.3283942049101265,48.0,2,488.1170000000001,3.4248000000000003,124.17999999999998,4.0,5.0,3.0,3.0,25.0,O=C(Nc1ccc2ncsc2c1)c1ccc[nH]1,1
O=C(O)CC(=O)Nc1ccc2nc(NC(=O)c3cc(Br)c(Br)[nH]3)[nH]c2c1,5.823908740944319,1500.0,1,485.092,3.0815,139.96999999999997,5.0,4.0,5.0,3.0,26.0,O=C(Nc1nc2ccccc2[nH]1)c1ccc[nH]1,0
O=C(O)CC(=O)Nc1nc2c(s1)C[C@@H](NC(=O)c1cc(Br)c(Br)[nH]1)CC2,7.161150909262744,69.0,1,506.1760000000001,2.6967000000000008,124.17999999999998,4.0,5.0,5.0,2.0,26.0,O=C(NC1CCc2ncsc2C1)c1ccc[nH]1,1
O=C(O)CC(=O)Nc1nc2c(s1)C[C@@H](NC(=O)c1cc(Cl)c(Cl)[nH]1)CC2,6.886056647693163,130.0,1,417.2740000000001,2.4785000000000004,124.17999999999998,4.0,5.0,5.0,2.0,26.0,O=C(NC1CCc2ncsc2C1)c1ccc[nH]1,1
O=C(O)CC(=O)Nc1nc2c(s1)C[C@@H](NC(=O)c1cc3ccccc3[nH]1)CC2,5.119186407719209,7600.0,1,398.4440000000001,2.3249000000000004,124.17999999999998,4.0,5.0,5.0,3.0,28.0,O=C(NC1CCc2ncsc2C1)c1cc2ccccc2[nH]1,0
O=C(O)CC(=O)Nc1nc2c(s1)C[C@H](NC(=O)c1cc(Br)c(Br)[nH]1)CC2,6.301029995663981,500.0,1,506.1760000000001,2.6967000000000008,124.17999999999998,4.0,5.0,5.0,2.0,26.0,O=C(NC1CCc2ncsc2C1)c1ccc[nH]1,1
O=C(O)CCC(=O)N1CCC(NC(=O)c2cc(Br)c(Br)[nH]2)CC1,5.809668301829708,1550.0,1,451.115,2.1253,102.5,3.0,3.0,5.0,1.0,23.0,O=C(NC1CCNCC1)c1ccc[nH]1,0
O=C(O)CCC(=O)Nc1nc2c(s1)C[C@@H](NC(=O)c1cc(Br)c(Br)[nH]1)CC2,7.309803919971486,49.0,1,520.2030000000001,3.086800000000001,124.17999999999998,4.0,5.0,6.0,2.0,27.0,O=C(NC1CCc2ncsc2C1)c1ccc[nH]1,1
O=C(O)CCC(=O)Nc1nc2c(s1)C[C@@H](NC(=O)c1cc(Cl)c(Cl)[nH]1)CC2,6.522878745280337,300.0,1,431.30100000000016,2.8686000000000007,124.17999999999998,4.0,5.0,6.0,2.0,27.0,O=C(NC1CCc2ncsc2C1)c1ccc[nH]1,1
O=C(O)CCC(=O)Nc1nc2c(s1)C[C@@H](NC(=O)c1cc3ccccc3[nH]1)CC2,5.091514981121351,8100.0,1,412.4710000000002,2.7150000000000007,124.17999999999998,4.0,5.0,6.0,3.0,29.0,O=C(NC1CCc2ncsc2C1)c1cc2ccccc2[nH]1,0
O=C(O)CCC(=O)Nc1nc2ccc(NC(=O)c3cc(Br)c(Br)[nH]3)cc2s1,7.244125144327507,57.0,1,516.171,4.205000000000001,124.17999999999998,4.0,5.0,6.0,3.0,27.0,O=C(Nc1ccc2ncsc2c1)c1ccc[nH]1,1
O=C(O)CCCC(=O)N1CCC(NC(=O)c2cc(Br)c(Br)[nH]2)CC1,5.497572880015567,3180.0,1,465.142,2.5154000000000005,102.5,3.0,3.0,6.0,1.0,24.0,O=C(NC1CCNCC1)c1ccc[nH]1,0
O=C(O)CNC(=O)c1ccc(NC(=O)c2cc(Br)c(Br)[nH]2)cc1OCc1ccccc1,7.055517327849832,88.0,1,551.1910000000001,4.185400000000001,120.52,4.0,4.0,8.0,3.0,31.0,O=C(Nc1cccc(OCc2ccccc2)c1)c1ccc[nH]1,1
O=C(O)c1cc(CCc2cc(=O)c(O)c[nH]2)c2nc(NC(=O)c3cc(Br)c(Br)[nH]3)sc2c1,7.920818753952375,12.0,1,582.2300000000001,4.279000000000001,148.17,5.0,6.0,6.0,4.0,32.0,O=C(Nc1nc2c(CCc3cc(=O)cc[nH]3)cccc2s1)c1ccc[nH]1,1
O=C(O)c1ccc2nc(N(Cc3ccccc3)C(=O)c3cc(Br)c(Br)[nH]3)sc2c1,8.292429823902063,5.1,1,535.217,5.694600000000002,86.28999999999999,2.0,4.0,5.0,4.0,29.0,O=C(c1ccc[nH]1)N(Cc1ccccc1)c1nc2ccccc2s1,1
O=C(O)c1cn(C2CC2)c2cc(C3=CCNCC3)c(F)cc2c1=O,5.562249437179612,2740.0,1,328.3430000000001,2.5504000000000007,71.33,2.0,3.0,3.0,2.0,24.0,O=c1ccn(C2CC2)c2cc(C3=CCNCC3)ccc12,0
O=C(O)c1cn(C2CC2)c2cc(N3CCN(/N=N/c4ccc(S(=O)(=O)Nc5cnc6ccccc6n5)cc4)CC3)c(F)cc2c1=O,5.23210238398191,5860.0,1,642.6730000000001,4.738600000000004,162.45,2.0,9.0,8.0,5.0,46.0,O=c1ccn(C2CC2)c2cc(N3CCN(N=Nc4ccc(S(=O)(=O)Nc5cnc6ccccc6n5)cc4)CC3)ccc12,0
O=C(O)c1cn(C2CC2)c2cc(N3CCN(Cn4nc(-c5cccc(O)c5)n(-c5cc(Cl)cc(Cl)c5)c4=S)CC3)c(F)cc2c1=O,5.218244625347531,6050.0,1,681.577,6.349490000000006,108.76,2.0,7.0,7.0,5.0,46.0,O=c1ccn(C2CC2)c2cc(N3CCN(Cn4nc(-c5ccccc5)n(-c5ccccc5)c4=S)CC3)ccc12,0
O=C(O)c1cn(C2CC2)c2cc(N3CCN(Cn4nc(-c5cccc(O)c5)n(-c5cccc(I)c5)c4=S)CC3)c(F)cc2c1=O,5.009661145212399,9780.0,1,738.583,5.647290000000006,108.76,2.0,7.0,7.0,5.0,45.0,O=c1ccn(C2CC2)c2cc(N3CCN(Cn4nc(-c5ccccc5)n(-c5ccccc5)c4=S)CC3)ccc12,0
O=C(O)c1cn(C2CC2)c2cc(N3CCN(Cn4nc(CN5CCN(c6ccccc6)CC5)n(Cc5ccccc5)c4=O)CC3)c(F)cc2c1=O,6.1249387366083,750.0,1,692.7960000000003,3.682100000000002,112.07999999999998,1.0,8.0,10.0,5.0,51.0,O=c1ccn(C2CC2)c2cc(N3CCN(Cn4nc(CN5CCN(c6ccccc6)CC5)n(Cc5ccccc5)c4=O)CC3)ccc12,1
O=C(OCc1cc(=O)c(O)c[nH]1)c1ccc2nc(NC(=O)c3cc(Br)c(Br)[nH]3)sc2c1,5.769551078621726,1700.0,1,568.2030000000001,4.1526000000000005,137.17000000000002,4.0,7.0,5.0,4.0,31.0,O=C(OCc1cc(=O)cc[nH]1)c1ccc2nc(NC(=O)c3ccc[nH]3)sc2c1,0
O=C1CNc2nc(CNC34CCC(CCc5c(Cl)cnc6ccc(=O)n(CCO)c56)(CC3)OC4)ccc2O1,6.853871964321762,140.0,1,540.0200000000003,2.5723000000000003,127.6,3.0,9.0,8.0,3.0,38.0,O=C1CNc2nc(CNC34CCC(CCc5ccnc6ccc(=O)[nH]c56)(CC3)OC4)ccc2O1,1
O=C1COc2cc(F)c(CNC3CCN(CCn4c(=O)c5nocc5c5ccc(F)cc54)CC3)nc2N1,9.67778070526608,0.21,1,510.50100000000026,2.401,114.52,2.0,8.0,6.0,4.0,37.0,O=C1COc2ccc(CNC3CCN(CCn4c(=O)c5nocc5c5ccccc54)CC3)nc2N1,1
O=C1COc2ccc(CNC3CCN(CCn4c(=O)c5ncoc5c5ccc(F)cc54)CC3)nc2N1,9.67778070526608,0.21,1,492.51100000000025,2.2619,114.52,2.0,8.0,6.0,4.0,36.0,O=C1COc2ccc(CNC3CCN(CCn4c(=O)c5ncoc5c5ccccc54)CC3)nc2N1,1
O=C1COc2ccc(CNC3CCN(CCn4c(=O)c5nocc5c5ccc(F)cc54)CC3)nc2N1,9.67778070526608,0.21,1,492.51100000000025,2.2619,114.52,2.0,8.0,6.0,4.0,36.0,O=C1COc2ccc(CNC3CCN(CCn4c(=O)c5nocc5c5ccccc54)CC3)nc2N1,1
O=C1COc2ccc(CNC3CCN(CCn4c(=O)c5nocc5c5ncccc54)CC3)nc2N1,9.67778070526608,0.21,1,475.5090000000002,1.5177999999999991,127.41,2.0,9.0,6.0,4.0,35.0,O=C1COc2ccc(CNC3CCN(CCn4c(=O)c5nocc5c5ncccc54)CC3)nc2N1,1
O=C1COc2ccc(N3CC(CCCNC4CCc5c(Cl)cccc54)OC3=O)nc2N1,6.721246399047171,190.0,1,442.9030000000002,3.448400000000001,92.79,2.0,6.0,6.0,2.0,31.0,O=C1COc2ccc(N3CC(CCCNC4CCc5ccccc54)OC3=O)nc2N1,1
O=C1COc2ccc(N3CC(CCCNC4Cc5ccc(Cl)cc5C4)OC3=O)nc2N1,6.6020599913279625,250.0,1,442.9030000000002,2.9283,92.79,2.0,6.0,6.0,2.0,31.0,O=C1COc2ccc(N3CC(CCCNC4Cc5ccccc5C4)OC3=O)nc2N1,1
O=C1COc2ccc(N3CC(CCCNC4Cc5ccc(F)cc5C4)OC3=O)nc2N1,6.795880017344075,160.0,1,426.4480000000002,2.414,92.79,2.0,6.0,6.0,2.0,31.0,O=C1COc2ccc(N3CC(CCCNC4Cc5ccccc5C4)OC3=O)nc2N1,1
O=C1COc2ccc(N3CC(CCCNC4Cc5cccc(Cl)c5C4)OC3=O)nc2N1,7.142667503568731,72.0,1,442.9030000000002,2.9283,92.79,2.0,6.0,6.0,2.0,31.0,O=C1COc2ccc(N3CC(CCCNC4Cc5ccccc5C4)OC3=O)nc2N1,1
O=C1COc2ccc(N3CC(CCCNC4Cc5cccc(F)c5C4)OC3=O)nc2N1,6.920818753952375,120.0,1,426.4480000000002,2.414,92.79,2.0,6.0,6.0,2.0,31.0,O=C1COc2ccc(N3CC(CCCNC4Cc5ccccc5C4)OC3=O)nc2N1,1
O=C1COc2ccc(N3CC(CCCNC4Cc5ccccc5C4)OC3=O)nc2N1,6.568636235841013,270.0,1,408.45800000000014,2.2749,92.79,2.0,6.0,6.0,2.0,30.0,O=C1COc2ccc(N3CC(CCCNC4Cc5ccccc5C4)OC3=O)nc2N1,1
O=C1COc2ccc(N3CC(CCNC4Cc5cccc(Cl)c5C4)OC3=O)nc2N1,6.537602002101044,290.0,1,428.87600000000015,2.5382,92.79,2.0,6.0,5.0,2.0,30.0,O=C1COc2ccc(N3CC(CCNC4Cc5ccccc5C4)OC3=O)nc2N1,1
O=C1COc2ccc(N3CC(CCNCCC4Cc5cccc(Cl)c5C4)OC3=O)nc2N1,6.920818753952375,120.0,1,456.9300000000002,3.1759000000000013,92.79,2.0,6.0,7.0,2.0,32.0,O=C1COc2ccc(N3CC(CCNCCC4Cc5ccccc5C4)OC3=O)nc2N1,1
O=C1COc2ccc(N3CC(CNC4Cc5cccc(Cl)c5C4)OC3=O)nc2N1,6.236572006437063,580.0,1,414.84900000000016,2.1480999999999995,92.79,2.0,6.0,4.0,2.0,29.0,O=C1COc2ccc(N3CC(CNC4Cc5ccccc5C4)OC3=O)nc2N1,1
O=C1COc2ccc(N3CC(CNCCC4Cc5cccc(Cl)c5C4)OC3=O)nc2N1,7.045757490560675,90.0,1,442.9030000000002,2.7858,92.79,2.0,6.0,6.0,2.0,31.0,O=C1COc2ccc(N3CC(CNCCC4Cc5ccccc5C4)OC3=O)nc2N1,1
O=C1COc2ccc(N3C[C@H](CCCN[C@@H]4Cn5c(=O)ccc6ccc(F)c4c65)OC3=O)nc2N1,6.903089986991944,125.0,1,479.46800000000025,2.3164,114.79,2.0,7.0,6.0,3.0,35.0,O=C1COc2ccc(N3CC(CCCNC4Cn5c(=O)ccc6cccc4c65)OC3=O)nc2N1,1
O=C1OCC(OCCN2CCN(c3cc4c(cc3F)c(=O)c(C(=O)O)cn4-c3ccc(F)cc3)CC2)=C1c1ccccc1Cl,5.392544976785332,4050.0,1,622.0240000000002,4.727200000000004,101.31,1.0,7.0,8.0,4.0,44.0,O=C1OCC(OCCN2CCN(c3ccc4c(=O)ccn(-c5ccccc5)c4c3)CC2)=C1c1ccccc1,0
O=C1OCC(OCCN2CCN(c3cc4c(cc3F)c(=O)c(C(=O)O)cn4-c3ccc(F)cc3)CC2)=C1c1ccccc1F,5.432973633840939,3690.0,1,605.5690000000003,4.212900000000003,101.31,1.0,7.0,8.0,4.0,44.0,O=C1OCC(OCCN2CCN(c3ccc4c(=O)ccn(-c5ccccc5)c4c3)CC2)=C1c1ccccc1,0
O=c1[nH]sc2c1c(=O)c1cc(F)c(-c3ccc(CO)cc3)cc1n2C1CC1,6.045757490560675,900.0,1,382.41600000000017,3.5378000000000016,75.09,2.0,4.0,3.0,4.0,27.0,O=c1[nH]sc2c1c(=O)c1ccc(-c3ccccc3)cc1n2C1CC1,1
O=c1[nH]sc2c1c(=O)c1cc(F)c(-c3ccc(O)cc3)cc1n2C1CC1,6.096910013008056,800.0,1,368.3890000000001,3.751100000000001,75.09,2.0,4.0,2.0,4.0,26.0,O=c1[nH]sc2c1c(=O)c1ccc(-c3ccccc3)cc1n2C1CC1,1
O=c1[nH]sc2c1c(=O)c1cc(F)c(-c3cccc(C4CCCCN4)c3)cc1n2C1CC1,6.154901959985743,700.0,1,435.5240000000003,4.860100000000003,66.89,2.0,4.0,3.0,4.0,31.0,O=c1[nH]sc2c1c(=O)c1ccc(-c3cccc(C4CCCCN4)c3)cc1n2C1CC1,1
O=c1[nH]sc2c1c(=O)c1cc(F)c(-c3cccc(CO)c3)cc1n2C1CC1,6.301029995663981,500.0,1,382.41600000000017,3.5378000000000016,75.09,2.0,4.0,3.0,4.0,27.0,O=c1[nH]sc2c1c(=O)c1ccc(-c3ccccc3)cc1n2C1CC1,1
O=c1[nH]sc2c1c(=O)c1cc(F)c(-c3cccc(F)c3)cc1n2C1CC1,6.0,1000.0,1,370.3800000000001,4.184600000000002,54.86,1.0,3.0,2.0,4.0,26.0,O=c1[nH]sc2c1c(=O)c1ccc(-c3ccccc3)cc1n2C1CC1,1
O=c1[nH]sc2c1c(=O)c1cc(F)c(-c3cccc(O)c3)cc1n2C1CC1,6.698970004336019,200.0,1,368.3890000000001,3.751100000000001,75.09,2.0,4.0,2.0,4.0,26.0,O=c1[nH]sc2c1c(=O)c1ccc(-c3ccccc3)cc1n2C1CC1,1
O=c1[nH]sc2c1c(=O)c1cc(F)c(N3CCNCC3)cc1n2C1CC1,7.0,100.0,1,360.41400000000016,1.7881,70.13,2.0,5.0,2.0,3.0,25.0,O=c1[nH]sc2c1c(=O)c1ccc(N3CCNCC3)cc1n2C1CC1,1
O=c1c2nccn2c2cc(F)c(-c3ccncc3)cc2n1C1CC1,5.6020599913279625,2500.0,1,320.327,3.185200000000002,52.19,0.0,3.0,2.0,4.0,24.0,O=c1c2nccn2c2ccc(-c3ccncc3)cc2n1C1CC1,0
O=c1cc(NCC2CN(CC3Cc4ccnc(Cl)c4C3)C2)c2cc(F)ccc2o1,6.795880017344075,160.0,1,413.8800000000001,3.739200000000003,58.370000000000005,1.0,5.0,5.0,3.0,29.0,O=c1cc(NCC2CN(CC3Cc4ccncc4C3)C2)c2ccccc2o1,1
O=c1ccc2ncc(=O)n3c2n1C[C@H]3CN1CCC(NCc2cc3c(cn2)OCCC3)CC1,7.221848749616356,60.0,3,448.5270000000002,1.0870999999999995,94.28,1.0,7.0,5.0,3.0,33.0,O=c1ccc2ncc(=O)n3c2n1CC3CN1CCC(NCc2cc3c(cn2)OCCC3)CC1,1
[2H]C([2H])([2H])N1C(=O)CNc2ccc(OCCNC[C@@H]3CN(c4cnc5c(n4)NC(=O)CS5)C(=O)O3)nc21,7.154901959985743,70.0,1,489.5323053340002,0.297899999999999,150.91000000000005,3.0,11.0,7.0,2.0,34.0,O=C1CNc2ccc(OCCNCC3CN(c4cnc5c(n4)NC(=O)CS5)C(=O)O3)nc2N1,1
[2H]C([2H])([2H])N1C(=O)CNc2ccc(OCCNC[C@H]3CN(c4cnc5c(n4)NC(=O)CS5)C(=O)O3)nc21,6.769551078621726,170.0,1,489.5323053340002,0.297899999999999,150.91000000000005,3.0,11.0,7.0,2.0,34.0,O=C1CNc2ccc(OCCNCC3CN(c4cnc5c(n4)NC(=O)CS5)C(=O)O3)nc2N1,1
[C-]#[N+]c1cn(-c2noc3c(F)c4c(cc23)CC2(C(=O)NC(=O)NC2=O)[C@H]2[C@H](C)O[C@H](C)CN42)nc1N,6.0,1000.0,1,494.4430000000002,1.1762899999999994,161.97,3.0,9.0,1.0,3.0,36.0,O=C1NC(=O)C2(Cc3cc4c(-n5cccn5)noc4cc3N3CCOCC32)C(=O)N1,1
[C-]#[N+]c1nccc(-c2noc3c(F)c4c(cc23)CC2(C(=O)NC(=O)NC2=O)[C@H]2[C@H](C)O[C@H](C)CN42)n1,7.0,100.0,1,491.4390000000002,1.8653899999999992,143.91,2.0,9.0,1.0,3.0,36.0,O=C1NC(=O)C2(Cc3cc4c(-c5ccncn5)noc4cc3N3CCOCC32)C(=O)N1,1
