Candidate_SMILES,Parent_SMILES,Generation_Method,MW,LogP,TPSA,HBD,HBA,Rotatable_Bonds,Aromatic_Rings,Heavy_Atoms,LBDD_Activity_Probability,Max_Training_Tanimoto,Applicability_Domain,ADMET_MW,ADMET_LogP,ADMET_TPSA,ADMET_HBD,ADMET_HBA,ADMET_Rotatable_Bonds,ADMET_Aromatic_Rings,ADMET_Heavy_Atoms,ADMET_Fraction_CSP3,Lipinski_Violations,ADMET_Risk_Score,ADMET_Risk_Category,ADMET_Score,LBDD_ADMET_PreScore,Drug_Likeness,LBDD_Score,SBDD_Structure_Informed_Score,Applicability_Domain_Score,ADMET_Integrated_Score,Integrated_CADD_Score,Computational_Priority,Integrated_Rank
CNc1cc(F)cc2cc(C(=O)Nc3ccc(C(=O)O)cc3C)c(=O)[nH]c12,CNc1cc(F)cc2cc(C(=O)Nc3ccc(C(=O)O)cc3)c(=O)[nH]c12,Constrained aromatic substitution,369.35200000000015,2.96782,111.29,4,4,4,3,27,0.9881511368172008,0.75,In-domain,369.35200000000015,2.96782,111.29,4,4,4,3,27,0.1052631578947368,0,0,Low,1.0,0.9917057957720404,Lipinski-compatible,0.9881511368172008,0.5686435561356303,1.0,1.0,0.8658535215675695,High computational priority,1
CNc1cc(F)cc2c(C)c(C(=O)Nc3ccc(C(=O)O)cc3)c(=O)[nH]c12,CNc1cc(F)cc2cc(C(=O)Nc3ccc(C(=O)O)cc3)c(=O)[nH]c12,Constrained aromatic substitution,369.3520000000001,2.967820000000001,111.29,4,4,4,3,27,0.975246837501516,0.8113207547169812,In-domain,369.3520000000001,2.967820000000001,111.29,4,4,4,3,27,0.1052631578947368,0,0,Low,1.0,0.9826727862510612,Lipinski-compatible,0.975246837501516,0.5827623487354356,1.0,1.0,0.8649274396212371,High computational priority,2
CNc1cc(F)cc2c(Cl)c(C(=O)Nc3ccc(C(=O)O)cc3)c(=O)[nH]c12,CNc1cc(F)cc2cc(C(=O)Nc3ccc(C(=O)O)cc3)c(=O)[nH]c12,Constrained aromatic substitution,389.77000000000015,3.3128,111.29,4,4,4,3,27,0.9721851114488526,0.7962962962962963,In-domain,389.77000000000015,3.3128,111.29,4,4,4,3,27,0.0555555555555555,0,0,Low,1.0,0.9805295780141968,Lipinski-compatible,0.9721851114488526,0.5822009382473597,1.0,1.0,0.863534326053749,High computational priority,3
CNc1cc(F)cc2c(F)c(C(=O)Nc3ccc(C(=O)O)cc3)c(=O)[nH]c12,CNc1cc(F)cc2cc(C(=O)Nc3ccc(C(=O)O)cc3)c(=O)[nH]c12,Constrained aromatic substitution,373.3150000000001,2.7985,111.29,4,4,4,3,27,0.9769598327952714,0.8269230769230769,In-domain,373.3150000000001,2.7985,111.29,4,4,4,3,27,0.0555555555555555,0,0,Low,1.0,0.98387188295669,Lipinski-compatible,0.9769598327952714,0.574691914178428,1.0,1.0,0.8631915073716371,High computational priority,4
CNc1cc(F)cc2cc(C(=O)Nc3ccc(C(=O)O)cc3Cl)c(=O)[nH]c12,CNc1cc(F)cc2cc(C(=O)Nc3ccc(C(=O)O)cc3)c(=O)[nH]c12,Constrained aromatic substitution,389.7700000000001,3.3128,111.29,4,4,4,3,27,0.977485707524001,0.7358490566037735,In-domain,389.7700000000001,3.3128,111.29,4,4,4,3,27,0.0555555555555555,0,0,Low,1.0,0.9842399952668006,Lipinski-compatible,0.977485707524001,0.5685435308399523,1.0,1.0,0.8615573422615862,High computational priority,5
CNc1cc(F)cc2cc(C(=O)Nc3ccc(C(=O)O)cc3F)c(=O)[nH]c12,CNc1cc(F)cc2cc(C(=O)Nc3ccc(C(=O)O)cc3)c(=O)[nH]c12,Constrained aromatic substitution,373.3150000000001,2.7985,111.29,4,4,4,3,27,0.9748486673690352,0.7647058823529411,In-domain,373.3150000000001,2.7985,111.29,4,4,4,3,27,0.0555555555555555,0,0,Low,1.0,0.9823940671583248,Lipinski-compatible,0.9748486673690352,0.5606542640648285,1.0,1.0,0.8581357461670626,High computational priority,6
CNc1cc(F)c(Cl)c2cc(C(=O)Nc3ccc(C(=O)O)cc3)c(=O)[nH]c12,CNc1cc(F)cc2cc(C(=O)Nc3ccc(C(=O)O)cc3)c(=O)[nH]c12,Constrained aromatic substitution,389.77000000000015,3.3128,111.29,4,4,4,3,27,0.9401248464241378,0.6909090909090909,In-domain,389.77000000000015,3.3128,111.29,4,4,4,3,27,0.0555555555555555,0,0,Low,1.0,0.9580873924968965,Lipinski-compatible,0.9401248464241378,0.5822009382473597,1.0,1.0,0.8507102200438631,High computational priority,7
CNc1cc(F)cc2cc(C(=O)Nc3ccc(C(=O)O)c(C)c3)c(=O)[nH]c12,CNc1cc(F)cc2cc(C(=O)Nc3ccc(C(=O)O)cc3)c(=O)[nH]c12,Constrained aromatic substitution,369.35200000000015,2.96782,111.29,4,4,4,3,27,0.9500804294511292,0.8269230769230769,In-domain,369.35200000000015,2.96782,111.29,4,4,4,3,27,0.1052631578947368,0,0,Low,1.0,0.9650563006157904,Lipinski-compatible,0.9500804294511292,0.5686435561356303,1.0,1.0,0.8506252386211407,High computational priority,8
CNc1cc(F)c(C)c2cc(C(=O)Nc3ccc(C(=O)O)cc3)c(=O)[nH]c12,CNc1cc(F)cc2cc(C(=O)Nc3ccc(C(=O)O)cc3)c(=O)[nH]c12,Constrained aromatic substitution,369.3520000000001,2.967820000000001,111.29,4,4,4,3,27,0.9362583094899088,0.7037037037037037,In-domain,369.3520000000001,2.967820000000001,111.29,4,4,4,3,27,0.1052631578947368,0,0,Low,1.0,0.955380816642936,Lipinski-compatible,0.9362583094899088,0.5827623487354356,1.0,1.0,0.8493320284165943,High computational priority,9
CNc1cc(F)cc2c(O)c(C(=O)Nc3ccc(C(=O)O)cc3)c(=O)[nH]c12,CNc1cc(F)cc2cc(C(=O)Nc3ccc(C(=O)O)cc3)c(=O)[nH]c12,Constrained aromatic substitution,371.3240000000001,2.365,131.52,5,5,4,3,27,0.980478750417068,1.0,In-domain,371.3240000000001,2.3649999999999998,131.52,5,5,4,3,27,0.0555555555555555,0,1,Low,0.95,0.9713351252919477,Lipinski-compatible,0.980478750417068,0.5537605380610695,1.0,0.95,0.8483196615851482,High computational priority,10
CNc1cc(F)c(F)c2cc(C(=O)Nc3ccc(C(=O)O)cc3)c(=O)[nH]c12,CNc1cc(F)cc2cc(C(=O)Nc3ccc(C(=O)O)cc3)c(=O)[nH]c12,Constrained aromatic substitution,373.3150000000001,2.7985,111.29,4,4,4,3,27,0.9397036745460046,0.7169811320754716,In-domain,373.3150000000001,2.7985,111.29,4,4,4,3,27,0.0555555555555555,0,0,Low,1.0,0.9577925721822032,Lipinski-compatible,0.9397036745460046,0.574691914178428,1.0,1.0,0.8482890440719303,High computational priority,11
CNc1cc(F)cc2cc(C(=O)Nc3ccc(C(=O)O)c(F)c3)c(=O)[nH]c12,CNc1cc(F)cc2cc(C(=O)Nc3ccc(C(=O)O)cc3)c(=O)[nH]c12,Constrained aromatic substitution,373.3150000000001,2.7985,111.29,4,4,4,3,27,0.9506718263475956,0.8269230769230769,In-domain,373.3150000000001,2.7985,111.29,4,4,4,3,27,0.0555555555555555,0,0,Low,1.0,0.9654702784433168,Lipinski-compatible,0.9506718263475956,0.559467555204069,1.0,1.0,0.848108997100259,High computational priority,12
CNc1cc(F)cc2c(C#N)c(C(=O)Nc3ccc(C(=O)O)cc3)c(=O)[nH]c12,CNc1cc(F)cc2cc(C(=O)Nc3ccc(C(=O)O)cc3)c(=O)[nH]c12,Constrained aromatic substitution,380.3350000000001,2.53108,135.08,4,5,4,3,28,0.9804073845192608,0.7543859649122807,In-domain,380.3350000000001,2.5310799999999998,135.08,4,5,4,3,28,0.0526315789473684,0,1,Low,0.95,0.9712851691634824,Lipinski-compatible,0.9804073845192608,0.5515253964573492,1.0,0.95,0.847620572744909,High computational priority,13
CNc1c(Cl)c(F)cc2cc(C(=O)Nc3ccc(C(=O)O)cc3)c(=O)[nH]c12,CNc1cc(F)cc2cc(C(=O)Nc3ccc(C(=O)O)cc3)c(=O)[nH]c12,Constrained aromatic substitution,389.77000000000015,3.3128,111.29,4,4,4,3,27,0.9261074375197356,0.6909090909090909,In-domain,389.77000000000015,3.3128,111.29,4,4,4,3,27,0.0555555555555555,0,0,Low,1.0,0.9482752062638148,Lipinski-compatible,0.9261074375197356,0.5898749888802711,1.0,1.0,0.8474054716719756,High computational priority,14
CNc1cc(F)cc2cc(C(=O)Nc3c(C)cc(C(=O)O)cc3CN(C)C3CC3)c(=O)[nH]c12,CNc1cc(F)cc2cc(C(=O)Nc3ccc(C(=O)O)cc3CN(C)C3CC3)c(=O)[nH]c12,Constrained aromatic substitution,452.4860000000003,3.5620200000000013,114.53,4,5,7,3,33,0.9729969913959566,0.7910447761194029,In-domain,452.4860000000003,3.5620200000000013,114.53,4,5,7,3,33,0.2916666666666667,0,1,Low,0.95,0.9660978939771696,Lipinski-compatible,0.9729969913959566,0.5519953675497679,1.0,0.95,0.844797406823313,High computational priority,15
CNc1cc(F)cc2cc(C(=O)Nc3ccc(C(=O)O)c(Cl)c3)c(=O)[nH]c12,CNc1cc(F)cc2cc(C(=O)Nc3ccc(C(=O)O)cc3)c(=O)[nH]c12,Constrained aromatic substitution,389.7700000000001,3.3128,111.29,4,4,4,3,27,0.9360228881775344,0.7962962962962963,In-domain,389.7700000000001,3.3128,111.29,4,4,4,3,27,0.0555555555555555,0,0,Low,1.0,0.955216021724274,Lipinski-compatible,0.9360228881775344,0.5674143528815061,1.0,1.0,0.8446334611354657,High computational priority,16
CNc1c(C)c(F)cc2cc(C(=O)Nc3ccc(C(=O)O)cc3)c(=O)[nH]c12,CNc1cc(F)cc2cc(C(=O)Nc3ccc(C(=O)O)cc3)c(=O)[nH]c12,Constrained aromatic substitution,369.3520000000001,2.96782,111.29,4,4,4,3,27,0.9165155797770844,0.7037037037037037,In-domain,369.3520000000001,2.96782,111.29,4,4,4,3,27,0.1052631578947368,0,0,Low,1.0,0.9415609058439592,Lipinski-compatible,0.9165155797770844,0.5907543567274436,1.0,1.0,0.843832538929067,High computational priority,17
CNc1cc(F)cc2cc(C(=O)Nc3ccc(C(=O)O)cc3C#N)c(=O)[nH]c12,CNc1cc(F)cc2cc(C(=O)Nc3ccc(C(=O)O)cc3)c(=O)[nH]c12,Constrained aromatic substitution,380.33500000000015,2.53108,135.07999999999998,4,5,4,3,28,0.9765967070031631,0.6964285714285714,In-domain,380.33500000000015,2.5310799999999998,135.07999999999998,4,5,4,3,28,0.0526315789473684,0,1,Low,0.95,0.968617694902214,Lipinski-compatible,0.9765967070031631,0.5384014721888466,1.0,0.95,0.8421591244579193,High computational priority,18
CNc1c(F)c(F)cc2cc(C(=O)Nc3ccc(C(=O)O)cc3)c(=O)[nH]c12,CNc1cc(F)cc2cc(C(=O)Nc3ccc(C(=O)O)cc3)c(=O)[nH]c12,Constrained aromatic substitution,373.3150000000001,2.7985,111.29,4,4,4,3,27,0.917778274282632,0.7169811320754716,In-domain,373.3150000000001,2.7985,111.29,4,4,4,3,27,0.0555555555555555,0,0,Low,1.0,0.9424447919978424,Lipinski-compatible,0.917778274282632,0.5826006720871859,1.0,1.0,0.8418915113392086,High computational priority,19
CNc1cc(F)cc2cc(C(=O)Nc3ccc(C(=O)O)cc3O)c(=O)[nH]c12,CNc1cc(F)cc2cc(C(=O)Nc3ccc(C(=O)O)cc3)c(=O)[nH]c12,Constrained aromatic substitution,371.3240000000001,2.365,131.52,5,5,4,3,27,0.9738140636360098,0.75,In-domain,371.3240000000001,2.365,131.52,5,5,4,3,27,0.0555555555555555,0,1,Low,0.95,0.9666698445452068,Lipinski-compatible,0.9738140636360098,0.5399156013522086,1.0,0.95,0.8415003058600664,High computational priority,20
CNc1cc(F)cc2c(Cl)c(C(=O)Nc3ccc(C(=O)O)cc3CN(C)C3CC3)c(=O)[nH]c12,CNc1cc(F)cc2cc(C(=O)Nc3ccc(C(=O)O)cc3CN(C)C3CC3)c(=O)[nH]c12,Constrained aromatic substitution,472.90400000000034,3.907000000000002,114.53,4,5,7,3,33,0.9676762637931596,0.7285714285714285,In-domain,472.90400000000034,3.907000000000002,114.53,4,5,7,3,33,0.2608695652173913,0,1,Low,0.95,0.9623733846552116,Lipinski-compatible,0.9676762637931596,0.5471373436113501,1.0,0.95,0.8412117086006689,High computational priority,21
CNc1cc(F)cc2c(C)c(C(=O)Nc3ccc(C(=O)O)cc3CN(C)C3CC3)c(=O)[nH]c12,CNc1cc(F)cc2cc(C(=O)Nc3ccc(C(=O)O)cc3CN(C)C3CC3)c(=O)[nH]c12,Constrained aromatic substitution,452.4860000000003,3.562020000000002,114.53,4,5,7,3,33,0.961560042798178,0.7391304347826086,In-domain,452.4860000000003,3.562020000000002,114.53,4,5,7,3,33,0.2916666666666667,0,1,Low,0.95,0.9580920299587246,Lipinski-compatible,0.961560042798178,0.5519953675497679,1.0,0.95,0.8402226273842016,High computational priority,22
CNc1cc(F)cc2cc(C(=O)Nc3c(C)cc(C(=O)O)cc3CN3CCCCC3)c(=O)[nH]c12,CNc1cc(F)cc2cc(C(=O)Nc3ccc(C(=O)O)cc3CN3CCCCC3)c(=O)[nH]c12,Constrained aromatic substitution,466.5130000000004,3.9537200000000015,114.53,4,5,6,3,34,0.9577483234371204,0.7761194029850746,In-domain,466.5130000000004,3.9537200000000015,114.53,4,5,6,3,34,0.32,0,1,Low,0.95,0.9554238264059842,Lipinski-compatible,0.9577483234371204,0.5561164405753505,1.0,0.95,0.8399342615474533,High computational priority,23
CNc1cc(F)cc2cc(C(=O)Nc3c(F)cc(C(=O)O)cc3CN(C)C3CC3)c(=O)[nH]c12,CNc1cc(F)cc2cc(C(=O)Nc3ccc(C(=O)O)cc3CN(C)C3CC3)c(=O)[nH]c12,Constrained aromatic substitution,456.4490000000003,3.3927000000000014,114.53,4,5,7,3,33,0.9661599552556748,0.803030303030303,In-domain,456.4490000000003,3.3927000000000014,114.53,4,5,7,3,33,0.2608695652173913,0,1,Low,0.95,0.9613119686789722,Lipinski-compatible,0.9661599552556748,0.5437691168139004,1.0,0.95,0.8395947171464401,High computational priority,24
CNc1cc(F)cc2cc(C(=O)Nc3c(Cl)cc(C(=O)O)cc3CN(C)C3CC3)c(=O)[nH]c12,CNc1cc(F)cc2cc(C(=O)Nc3ccc(C(=O)O)cc3CN(C)C3CC3)c(=O)[nH]c12,Constrained aromatic substitution,472.90400000000034,3.907000000000002,114.53,4,5,7,3,33,0.9629527412827495,0.7794117647058824,In-domain,472.90400000000034,3.907000000000002,114.53,4,5,7,3,33,0.2608695652173913,0,1,Low,0.95,0.9590669188979246,Lipinski-compatible,0.9629527412827495,0.5471373436113501,1.0,0.95,0.839322299596505,High computational priority,25
CNc1cc(F)cc2c(F)c(C(=O)Nc3ccc(C(=O)O)cc3CN(C)C3CC3)c(=O)[nH]c12,CNc1cc(F)cc2cc(C(=O)Nc3ccc(C(=O)O)cc3CN(C)C3CC3)c(=O)[nH]c12,Constrained aromatic substitution,456.4490000000003,3.3927000000000014,114.53,4,5,7,3,33,0.961055478336741,0.75,In-domain,456.4490000000003,3.3927000000000014,114.53,4,5,7,3,33,0.2608695652173913,0,1,Low,0.95,0.9577388348357184,Lipinski-compatible,0.961055478336741,0.5437691168139004,1.0,0.95,0.8375529263788665,High computational priority,26
CNc1cc(F)cc2c(C)c(C(=O)Nc3ccc(C(=O)O)cc3CN3CCCCC3)c(=O)[nH]c12,CNc1cc(F)cc2cc(C(=O)Nc3ccc(C(=O)O)cc3CN3CCCCC3)c(=O)[nH]c12,Constrained aromatic substitution,466.5130000000004,3.9537200000000015,114.53,4,5,6,3,34,0.95056068482698,0.8507462686567164,In-domain,466.5130000000004,3.9537200000000015,114.53,4,5,6,3,34,0.32,0,1,Low,0.95,0.9503924793788858,Lipinski-compatible,0.95056068482698,0.5552013181777299,1.0,0.95,0.8367846693841109,High computational priority,27
CNc1cc(F)cc2c(F)c(C(=O)Nc3ccc(C(=O)O)cc3CN3CCCCC3)c(=O)[nH]c12,CNc1cc(F)cc2cc(C(=O)Nc3ccc(C(=O)O)cc3CN3CCCCC3)c(=O)[nH]c12,Constrained aromatic substitution,470.4760000000004,3.7844000000000015,114.53,4,5,6,3,34,0.9522361587744624,0.8636363636363636,In-domain,470.4760000000004,3.7844000000000015,114.53,4,5,6,3,34,0.2916666666666667,0,1,Low,0.95,0.9515653111421236,Lipinski-compatible,0.9522361587744624,0.5469850867820277,1.0,0.95,0.8349899895443932,High computational priority,28
CNc1cc(F)cc2cc(C(=O)Nc3c(F)cc(C(=O)O)cc3CN3CCCCC3)c(=O)[nH]c12,CNc1cc(F)cc2cc(C(=O)Nc3ccc(C(=O)O)cc3CN3CCCCC3)c(=O)[nH]c12,Constrained aromatic substitution,470.4760000000004,3.7844000000000015,114.53,4,5,6,3,34,0.9508824691350668,0.7878787878787878,In-domain,470.4760000000004,3.7844000000000015,114.53,4,5,6,3,34,0.2916666666666667,0,1,Low,0.95,0.9506177283945468,Lipinski-compatible,0.9508824691350668,0.5478430140297972,1.0,0.95,0.8347058918629658,High computational priority,29
CNc1c(C)c(F)cc2cc(C(=O)Nc3ccc(C(=O)O)cc3CN(C)C3CC3)c(=O)[nH]c12,CNc1cc(F)cc2cc(C(=O)Nc3ccc(C(=O)O)cc3CN(C)C3CC3)c(=O)[nH]c12,Constrained aromatic substitution,452.4860000000003,3.5620200000000013,114.53,4,5,7,3,33,0.9402393056182068,0.7794117647058824,In-domain,452.4860000000003,3.5620200000000013,114.53,4,5,7,3,33,0.2916666666666667,0,1,Low,0.95,0.9431675139327448,Lipinski-compatible,0.9402393056182068,0.5573145164859381,1.0,0.95,0.8332900771930641,High computational priority,30
CNc1cc(F)c(O)c2cc(C(=O)Nc3ccc(C(=O)O)cc3)c(=O)[nH]c12,CNc1cc(F)cc2cc(C(=O)Nc3ccc(C(=O)O)cc3)c(=O)[nH]c12,Constrained aromatic substitution,371.3240000000001,2.365,131.52,5,5,4,3,27,0.942385272977367,0.7037037037037037,In-domain,371.3240000000001,2.3649999999999998,131.52,5,5,4,3,27,0.0555555555555555,0,1,Low,0.95,0.9446696910841568,Lipinski-compatible,0.942385272977367,0.5537605380610695,1.0,0.95,0.8330822706092676,High computational priority,31
CNc1c(Cl)c(F)cc2cc(C(=O)Nc3ccc(C(=O)O)cc3CN(C)C3CC3)c(=O)[nH]c12,CNc1cc(F)cc2cc(C(=O)Nc3ccc(C(=O)O)cc3CN(C)C3CC3)c(=O)[nH]c12,Constrained aromatic substitution,472.90400000000034,3.907000000000001,114.53,4,5,7,3,33,0.9412320182972416,0.7681159420289855,In-domain,472.90400000000034,3.907000000000001,114.53,4,5,7,3,33,0.2608695652173913,0,1,Low,0.95,0.943862412808069,Lipinski-compatible,0.9412320182972416,0.5523456769446835,1.0,0.95,0.8321965104023016,High computational priority,32
CNc1cc(F)c(C#N)c2cc(C(=O)Nc3ccc(C(=O)O)cc3)c(=O)[nH]c12,CNc1cc(F)cc2cc(C(=O)Nc3ccc(C(=O)O)cc3)c(=O)[nH]c12,Constrained aromatic substitution,380.33500000000015,2.53108,135.08,4,5,4,3,28,0.9374495754006524,0.6551724137931034,In-domain,380.33500000000015,2.5310799999999998,135.08,4,5,4,3,28,0.0526315789473684,0,1,Low,0.95,0.9412147027804568,Lipinski-compatible,0.9374495754006524,0.5515253964573492,1.0,0.95,0.8304374490974656,High computational priority,33
CNc1cc(F)cc2cc(C(=O)Nc3ccc(C(=O)O)c(O)c3)c(=O)[nH]c12,CNc1cc(F)cc2cc(C(=O)Nc3ccc(C(=O)O)cc3)c(=O)[nH]c12,Constrained aromatic substitution,371.3240000000001,2.365,131.52,5,5,4,3,27,0.9458547452559484,1.0,In-domain,371.3240000000001,2.3649999999999998,131.52,5,5,4,3,27,0.0555555555555555,0,1,Low,0.95,0.9470983216791636,Lipinski-compatible,0.9458547452559484,0.5387581939448012,1.0,0.95,0.8299693562858198,High computational priority,34
CNc1cc(F)c(Cl)c2cc(C(=O)Nc3ccc(C(=O)O)cc3CN(C)C3CC3)c(=O)[nH]c12,CNc1cc(F)cc2cc(C(=O)Nc3ccc(C(=O)O)cc3CN(C)C3CC3)c(=O)[nH]c12,Constrained aromatic substitution,472.90400000000034,3.907000000000001,114.53,4,5,7,3,33,0.939064760738306,0.7536231884057971,In-domain,472.90400000000034,3.907000000000001,114.53,4,5,7,3,33,0.2608695652173913,0,1,Low,0.95,0.942345332516814,Lipinski-compatible,0.939064760738306,0.5471373436113501,1.0,0.95,0.8297671073787275,High computational priority,35
CNc1cc(F)cc2cc(C(=O)Nc3cc(C)c(C(=O)O)cc3CN(C)C3CC3)c(=O)[nH]c12,CNc1cc(F)cc2cc(C(=O)Nc3ccc(C(=O)O)cc3CN(C)C3CC3)c(=O)[nH]c12,Constrained aromatic substitution,452.4860000000003,3.562020000000002,114.53,4,5,7,3,33,0.9372191556038124,0.8,In-domain,452.4860000000003,3.562020000000002,114.53,4,5,7,3,33,0.2916666666666667,0,1,Low,0.95,0.9410534089226684,Lipinski-compatible,0.9372191556038124,0.5421578017753456,1.0,0.95,0.8275350027741285,High computational priority,36
CNc1cc(F)c(C)c2cc(C(=O)Nc3ccc(C(=O)O)cc3CN(C)C3CC3)c(=O)[nH]c12,CNc1cc(F)cc2cc(C(=O)Nc3ccc(C(=O)O)cc3CN(C)C3CC3)c(=O)[nH]c12,Constrained aromatic substitution,452.4860000000003,3.562020000000002,114.53,4,5,7,3,33,0.929806502945696,0.7647058823529411,In-domain,452.4860000000003,3.562020000000002,114.53,4,5,7,3,33,0.2916666666666667,0,1,Low,0.95,0.935864552061987,Lipinski-compatible,0.929806502945696,0.5519953675497679,1.0,0.95,0.8275212114432088,High computational priority,37
CNc1cc(F)cc2cc(C(=O)Nc3ccc(C(=O)O)c(C#N)c3)c(=O)[nH]c12,CNc1cc(F)cc2cc(C(=O)Nc3ccc(C(=O)O)cc3)c(=O)[nH]c12,Constrained aromatic substitution,380.33500000000015,2.53108,135.07999999999998,4,5,4,3,28,0.9404674248190172,0.7543859649122807,In-domain,380.33500000000015,2.5310799999999998,135.07999999999998,4,5,4,3,28,0.0526315789473684,0,1,Low,0.95,0.943327197373312,Lipinski-compatible,0.9404674248190172,0.5373510520207794,1.0,0.95,0.8273922855338406,High computational priority,38
CNc1cc(F)cc2cc(C(=O)Nc3ccc(C(=O)O)c(C)c3CN(C)C3CC3)c(=O)[nH]c12,CNc1cc(F)cc2cc(C(=O)Nc3ccc(C(=O)O)cc3CN(C)C3CC3)c(=O)[nH]c12,Constrained aromatic substitution,452.48600000000033,3.5620200000000013,114.53,4,5,7,3,33,0.9325057296918888,0.75,In-domain,452.48600000000033,3.5620200000000013,114.53,4,5,7,3,33,0.2916666666666667,0,1,Low,0.95,0.937754010784322,Lipinski-compatible,0.9325057296918888,0.5466762186135976,1.0,0.95,0.8270051574608347,High computational priority,39
CNc1c(F)c(F)cc2cc(C(=O)Nc3ccc(C(=O)O)cc3CN(C)C3CC3)c(=O)[nH]c12,CNc1cc(F)cc2cc(C(=O)Nc3ccc(C(=O)O)cc3CN(C)C3CC3)c(=O)[nH]c12,Constrained aromatic substitution,456.4490000000003,3.3927000000000005,114.53,4,5,7,3,33,0.9305200042512384,0.7910447761194029,In-domain,456.4490000000003,3.3927000000000005,114.53,4,5,7,3,33,0.2608695652173913,0,1,Low,0.95,0.9363640029758667,Lipinski-compatible,0.9305200042512384,0.5490882657500705,1.0,0.95,0.8269344814255165,High computational priority,40
CNc1cc(F)cc2cc(C(=O)Nc3cnc(C(=O)O)nc3Cl)c(=O)[nH]c12,CNc1cc(F)cc2cc(C(=O)Nc3cnc(C(=O)O)nc3)c(=O)[nH]c12,Constrained aromatic substitution,391.7460000000001,2.1028,137.07,4,6,4,3,27,0.9534391197217884,0.75,In-domain,391.7460000000001,2.1028,137.07,4,6,4,3,27,0.0625,0,1,Low,0.95,0.9524073838052518,Lipinski-compatible,0.9534391197217884,0.5183520865569928,1.0,0.95,0.8268812738558132,High computational priority,41
CNc1cc(F)cc2cc(C(=O)Nc3cnc(C(=O)O)nc3C)c(=O)[nH]c12,CNc1cc(F)cc2cc(C(=O)Nc3cnc(C(=O)O)nc3)c(=O)[nH]c12,Constrained aromatic substitution,371.32800000000015,1.7578199999999995,137.07,4,6,4,3,27,0.9471443265964664,0.7636363636363637,In-domain,371.32800000000015,1.7578199999999995,137.07,4,6,4,3,27,0.1176470588235294,0,1,Low,0.95,0.9480010286175264,Lipinski-compatible,0.9471443265964664,0.5257697396335846,1.0,0.95,0.826588652528662,High computational priority,42
CNc1cc(F)cc2cc(C(=O)Nc3cc(Cl)c(C(=O)O)cc3CN(C)C3CC3)c(=O)[nH]c12,CNc1cc(F)cc2cc(C(=O)Nc3ccc(C(=O)O)cc3CN(C)C3CC3)c(=O)[nH]c12,Constrained aromatic substitution,472.90400000000034,3.907000000000002,114.53,4,5,7,3,33,0.9380032365603646,0.7761194029850746,In-domain,472.90400000000034,3.907000000000002,114.53,4,5,7,3,33,0.2608695652173913,0,1,Low,0.95,0.9416022655922552,Lipinski-compatible,0.9380032365603646,0.5367206769446835,1.0,0.95,0.8262174977075508,High computational priority,43
CNc1cc(F)cc2cc(C(=O)Nc3cnc(C(=O)O)nc3F)c(=O)[nH]c12,CNc1cc(F)cc2cc(C(=O)Nc3cnc(C(=O)O)nc3)c(=O)[nH]c12,Constrained aromatic substitution,375.2910000000001,1.5884999999999996,137.07,4,6,4,3,27,0.9548616431911174,0.7777777777777778,In-domain,375.2910000000001,1.5884999999999996,137.07,4,6,4,3,27,0.0625,0,1,Low,0.95,0.953403150233782,Lipinski-compatible,0.9548616431911174,0.5105964698125036,1.0,0.95,0.825123598220198,High computational priority,44
CNc1cc(F)cc2c(O)c(C(=O)Nc3ccc(C(=O)O)cc3CN(C)C3CC3)c(=O)[nH]c12,CNc1cc(F)cc2cc(C(=O)Nc3ccc(C(=O)O)cc3CN(C)C3CC3)c(=O)[nH]c12,Constrained aromatic substitution,454.4580000000003,2.959200000000001,134.76,5,6,7,3,33,0.9691643075462786,0.7391304347826086,In-domain,454.4580000000003,2.959200000000001,134.76,5,6,7,3,33,0.2608695652173913,0,2,Low,0.9,0.948415015282395,Lipinski-compatible,0.9691643075462786,0.5246316276805,1.0,0.9,0.8250552113226615,High computational priority,45
CNc1cc(F)cc2cc(C(=O)Nc3ccc(C(=O)O)c(Cl)c3CN(C)C3CC3)c(=O)[nH]c12,CNc1cc(F)cc2cc(C(=O)Nc3ccc(C(=O)O)cc3CN(C)C3CC3)c(=O)[nH]c12,Constrained aromatic substitution,472.9040000000003,3.907000000000002,114.53,4,5,7,3,33,0.9304142673992128,0.7391304347826086,In-domain,472.9040000000003,3.907000000000002,114.53,4,5,7,3,33,0.2608695652173913,0,1,Low,0.95,0.936289987179449,Lipinski-compatible,0.9304142673992128,0.5419290102780169,1.0,0.95,0.8247444100430902,High computational priority,46
CNc1c(C#N)c(F)cc2cc(C(=O)Nc3ccc(C(=O)O)cc3)c(=O)[nH]c12,CNc1cc(F)cc2cc(C(=O)Nc3ccc(C(=O)O)cc3)c(=O)[nH]c12,Constrained aromatic substitution,380.3350000000001,2.53108,135.08,4,5,4,3,28,0.9172806850656288,0.6551724137931034,In-domain,380.3350000000001,2.5310799999999998,135.08,4,5,4,3,28,0.0526315789473684,0,1,Low,0.95,0.92709647954594,Lipinski-compatible,0.9172806850656288,0.5588718554641079,1.0,0.95,0.8245738306654838,High computational priority,47
CNc1cc(F)c(F)c2cc(C(=O)Nc3ccc(C(=O)O)cc3CN(C)C3CC3)c(=O)[nH]c12,CNc1cc(F)cc2cc(C(=O)Nc3ccc(C(=O)O)cc3CN(C)C3CC3)c(=O)[nH]c12,Constrained aromatic substitution,456.4490000000003,3.3927000000000005,114.53,4,5,7,3,33,0.926770788482662,0.7761194029850746,In-domain,456.4490000000003,3.3927000000000005,114.53,4,5,7,3,33,0.2608695652173913,0,1,Low,0.95,0.9337395519378632,Lipinski-compatible,0.926770788482662,0.5437691168139004,1.0,0.95,0.8238390504372349,High computational priority,48
CNc1cc(F)cc2cc(C(=O)Nc3c(C)cc(C(=O)O)cc3CN(C)C3CCCCC3)c(=O)[nH]c12,CNc1cc(F)cc2cc(C(=O)Nc3ccc(C(=O)O)cc3CN(C)C3CCCCC3)c(=O)[nH]c12,Constrained aromatic substitution,494.5670000000004,4.732320000000003,114.53,4,5,7,3,36,0.9736281444939158,0.8,In-domain,494.5670000000004,4.732320000000003,114.53,4,5,7,3,36,0.3703703703703703,0,3,Moderate,0.85,0.936539701145741,Lipinski-compatible,0.9736281444939158,0.5476867868666476,1.0,0.85,0.8237572938575606,High computational priority,49
CNc1cc(F)cc2cc(C(=O)Nc3ccc(C(=O)O)c(F)c3CN(C)C3CC3)c(=O)[nH]c12,CNc1cc(F)cc2cc(C(=O)Nc3ccc(C(=O)O)cc3CN(C)C3CC3)c(=O)[nH]c12,Constrained aromatic substitution,456.4490000000003,3.3927000000000014,114.53,4,5,7,3,33,0.929360611536408,0.7727272727272727,In-domain,456.4490000000003,3.3927000000000014,114.53,4,5,7,3,33,0.2608695652173913,0,1,Low,0.95,0.9355524280754856,Lipinski-compatible,0.929360611536408,0.5392506999756482,1.0,0.95,0.8235194546072576,High computational priority,50
CNc1c(C)c(F)cc2cc(C(=O)Nc3ccc(C(=O)O)cc3CN3CCCCC3)c(=O)[nH]c12,CNc1cc(F)cc2cc(C(=O)Nc3ccc(C(=O)O)cc3CN3CCCCC3)c(=O)[nH]c12,Constrained aromatic substitution,466.5130000000004,3.9537200000000015,114.53,4,5,6,3,34,0.9124636521708898,0.7794117647058824,In-domain,466.5130000000004,3.9537200000000015,114.53,4,5,6,3,34,0.32,0,1,Low,0.95,0.9237245565196228,Lipinski-compatible,0.9124636521708898,0.5605204671139,1.0,0.95,0.823141601002526,High computational priority,51
CNc1cc(F)cc2cc(C(=O)Nc3c(C#N)cc(C(=O)O)cc3CN(C)C3CC3)c(=O)[nH]c12,CNc1cc(F)cc2cc(C(=O)Nc3ccc(C(=O)O)cc3CN(C)C3CC3)c(=O)[nH]c12,Constrained aromatic substitution,463.4690000000003,3.125280000000001,138.32,4,6,7,3,34,0.9660439051877768,0.7464788732394366,In-domain,463.4690000000003,3.125280000000001,138.32,4,6,7,3,34,0.25,0,2,Low,0.9,0.9462307336314436,Lipinski-compatible,0.9660439051877768,0.5203211916136262,1.0,0.9,0.8225139195591986,High computational priority,52
CNc1cc(F)cc2c(O)c(C(=O)Nc3ccc(C(=O)O)cc3CN3CCCCC3)c(=O)[nH]c12,CNc1cc(F)cc2cc(C(=O)Nc3ccc(C(=O)O)cc3CN3CCCCC3)c(=O)[nH]c12,Constrained aromatic substitution,468.4850000000004,3.350900000000001,134.76,5,6,6,3,34,0.959414153036702,1.0,In-domain,468.4850000000004,3.350900000000001,134.76,5,6,6,3,34,0.2916666666666667,0,2,Low,0.9,0.9415899071256912,Lipinski-compatible,0.959414153036702,0.528000404394792,1.0,0.9,0.8221657825331184,High computational priority,53
CNc1c(O)c(F)cc2cc(C(=O)Nc3ccc(C(=O)O)cc3)c(=O)[nH]c12,CNc1cc(F)cc2cc(C(=O)Nc3ccc(C(=O)O)cc3)c(=O)[nH]c12,Constrained aromatic substitution,371.3240000000001,2.365,131.52,5,5,4,3,27,0.9079937867087522,0.7037037037037037,In-domain,371.3240000000001,2.3649999999999998,131.52,5,5,4,3,27,0.0555555555555555,0,1,Low,0.95,0.9205956506961264,Lipinski-compatible,0.9079937867087522,0.561550216736824,1.0,0.95,0.8216625797045481,High computational priority,54
CNc1cc(F)cc2c(C#N)c(C(=O)Nc3ccc(C(=O)O)cc3CN(C)C3CC3)c(=O)[nH]c12,CNc1cc(F)cc2cc(C(=O)Nc3ccc(C(=O)O)cc3CN(C)C3CC3)c(=O)[nH]c12,Constrained aromatic substitution,463.4690000000003,3.125280000000001,138.32,4,6,7,3,34,0.9636356995527536,0.6986301369863014,In-domain,463.4690000000003,3.125280000000001,138.32,4,6,7,3,34,0.25,0,2,Low,0.9,0.9445449896869276,Lipinski-compatible,0.9636356995527536,0.5203211916136262,1.0,0.9,0.8215506373051894,High computational priority,55
CNc1cc(F)cc2cc(C(=O)Nc3c(F)cc(C(=O)O)cc3CN(C)C3CCCCC3)c(=O)[nH]c12,CNc1cc(F)cc2cc(C(=O)Nc3ccc(C(=O)O)cc3CN(C)C3CCCCC3)c(=O)[nH]c12,Constrained aromatic substitution,498.5300000000004,4.563000000000002,114.53,4,5,7,3,36,0.9669360453731006,0.8115942028985508,In-domain,498.5300000000004,4.563000000000002,114.53,4,5,7,3,36,0.3461538461538461,0,3,Moderate,0.85,0.9318552317611704,Lipinski-compatible,0.9669360453731006,0.5448130845453069,1.0,0.85,0.8202183435128324,High computational priority,56
CNc1cc(F)c(C)c2cc(C(=O)Nc3ccc(C(=O)O)cc3CN3CCCCC3)c(=O)[nH]c12,CNc1cc(F)cc2cc(C(=O)Nc3ccc(C(=O)O)cc3CN3CCCCC3)c(=O)[nH]c12,Constrained aromatic substitution,466.5130000000004,3.9537200000000015,114.53,4,5,6,3,34,0.908640097069052,0.7647058823529411,In-domain,466.5130000000004,3.9537200000000015,114.53,4,5,6,3,34,0.32,0,1,Low,0.95,0.9210480679483364,Lipinski-compatible,0.908640097069052,0.5552013181777299,1.0,0.95,0.8200164342809398,High computational priority,57
CNc1cc(F)cc2cc(C(=O)Nc3cc(C)c(C(=O)O)cc3CN3CCCCC3)c(=O)[nH]c12,CNc1cc(F)cc2cc(C(=O)Nc3ccc(C(=O)O)cc3CN3CCCCC3)c(=O)[nH]c12,Constrained aromatic substitution,466.5130000000004,3.9537200000000015,114.53,4,5,6,3,34,0.913559012269134,0.7846153846153846,In-domain,466.5130000000004,3.9537200000000015,114.53,4,5,6,3,34,0.32,0,1,Low,0.95,0.9244913085883936,Lipinski-compatible,0.913559012269134,0.5461818917207456,1.0,0.95,0.8192781724238772,High computational priority,58
CNc1cc(F)cc2cc(C(=O)Nc3ccc(C(=O)O)c(C)c3CN3CCCCC3)c(=O)[nH]c12,CNc1cc(F)cc2cc(C(=O)Nc3ccc(C(=O)O)cc3CN3CCCCC3)c(=O)[nH]c12,Constrained aromatic substitution,466.5130000000004,3.9537200000000015,114.53,4,5,6,3,34,0.9079516629539988,0.7352941176470589,In-domain,466.5130000000004,3.9537200000000015,114.53,4,5,6,3,34,0.32,0,1,Low,0.95,0.9205661640677992,Lipinski-compatible,0.9079516629539988,0.550740096489329,1.0,0.95,0.8184026941283983,High computational priority,59
CNc1cc(F)cc2cc(C(=O)Nc3cc(F)c(C(=O)O)cc3CN(C)C3CC3)c(=O)[nH]c12,CNc1cc(F)cc2cc(C(=O)Nc3ccc(C(=O)O)cc3CN(C)C3CC3)c(=O)[nH]c12,Constrained aromatic substitution,456.4490000000003,3.3927000000000014,114.53,4,5,7,3,33,0.919959156464852,0.8,In-domain,456.4490000000003,3.3927000000000014,114.53,4,5,7,3,33,0.2608695652173913,0,1,Low,0.95,0.9289714095253964,Lipinski-compatible,0.919959156464852,0.5331308189415599,1.0,0.95,0.8179229082684089,High computational priority,60
CNc1cc(F)cc2c(C)c(C(=O)Nc3ccc(C(=O)O)cc3CN(C)C3CCCCC3)c(=O)[nH]c12,CNc1cc(F)cc2cc(C(=O)Nc3ccc(C(=O)O)cc3CN(C)C3CCCCC3)c(=O)[nH]c12,Constrained aromatic substitution,494.5670000000004,4.732320000000003,114.53,4,5,7,3,36,0.9588056412815834,0.75,In-domain,494.5670000000004,4.732320000000003,114.53,4,5,7,3,36,0.3703703703703703,0,3,Moderate,0.85,0.9261639488971084,Lipinski-compatible,0.9588056412815834,0.5476867868666476,1.0,0.85,0.8178282925726277,High computational priority,61
CNc1cc(F)cc2cc(C(=O)Nc3ccc(C(=O)O)c(F)c3CN3CCCCC3)c(=O)[nH]c12,CNc1cc(F)cc2cc(C(=O)Nc3ccc(C(=O)O)cc3CN3CCCCC3)c(=O)[nH]c12,Constrained aromatic substitution,470.4760000000004,3.7844000000000015,114.53,4,5,6,3,34,0.912017024973782,0.7575757575757576,In-domain,470.4760000000004,3.7844000000000015,114.53,4,5,6,3,34,0.2916666666666667,0,1,Low,0.95,0.9234119174816472,Lipinski-compatible,0.912017024973782,0.5432848092612137,1.0,0.95,0.8177922527678768,High computational priority,62
CNc1c(F)c(F)cc2cc(C(=O)Nc3ccc(C(=O)O)cc3CN3CCCCC3)c(=O)[nH]c12,CNc1cc(F)cc2cc(C(=O)Nc3ccc(C(=O)O)cc3CN3CCCCC3)c(=O)[nH]c12,Constrained aromatic substitution,470.4760000000004,3.7844000000000015,114.53,4,5,6,3,34,0.9042925877206132,0.7910447761194029,In-domain,470.4760000000004,3.7844000000000015,114.53,4,5,6,3,34,0.2916666666666667,0,1,Low,0.95,0.9180048114044292,Lipinski-compatible,0.9042925877206132,0.552304235718198,1.0,0.95,0.8174083058037046,High computational priority,63
CNc1cc(F)cc2c(C#N)c(C(=O)Nc3ccc(C(=O)O)cc3CN3CCCCC3)c(=O)[nH]c12,CNc1cc(F)cc2cc(C(=O)Nc3ccc(C(=O)O)cc3CN3CCCCC3)c(=O)[nH]c12,Constrained aromatic substitution,477.4960000000004,3.516980000000002,138.32,4,6,6,3,35,0.9501027505877186,0.8028169014084507,In-domain,477.4960000000004,3.516980000000002,138.32,4,6,6,3,35,0.28,0,2,Low,0.9,0.935071925411403,Lipinski-compatible,0.9501027505877186,0.523568366576331,1.0,0.9,0.8171116102079867,High computational priority,64
CCCCCN(C)Cc1cc(C(=O)O)ccc1NC(=O)c1c(O)c2cc(F)cc(NC)c2[nH]c1=O,CCCCCN(C)Cc1cc(C(=O)O)ccc1NC(=O)c1cc2cc(F)cc(NC)c2[nH]c1=O,Constrained aromatic substitution,484.52800000000025,3.987000000000001,134.76000000000002,5,6,10,3,35,0.9624580019196318,0.7428571428571429,In-domain,484.52800000000025,3.987000000000001,134.76000000000002,5,6,10,3,35,0.32,0,3,Moderate,0.85,0.9287206013437422,Lipinski-compatible,0.9624580019196318,0.5399853490408799,1.0,0.85,0.8169788054801167,High computational priority,65
CNc1cc(F)cc2cc(C(=O)Nc3c(C#N)cc(C(=O)O)cc3CN3CCCCC3)c(=O)[nH]c12,CNc1cc(F)cc2cc(C(=O)Nc3ccc(C(=O)O)cc3CN3CCCCC3)c(=O)[nH]c12,Constrained aromatic substitution,477.4960000000004,3.516980000000002,138.32,4,6,6,3,35,0.9489976976082368,0.7323943661971831,In-domain,477.4960000000004,3.516980000000002,138.32,4,6,6,3,35,0.28,0,2,Low,0.9,0.9342983883257656,Lipinski-compatible,0.9489976976082368,0.5243414030636533,1.0,0.9,0.8169014999623908,High computational priority,66
CNc1cc(F)cc2c(F)c(C(=O)Nc3ccc(C(=O)O)cc3CN(C)C3CCCCC3)c(=O)[nH]c12,CNc1cc(F)cc2cc(C(=O)Nc3ccc(C(=O)O)cc3CN(C)C3CCCCC3)c(=O)[nH]c12,Constrained aromatic substitution,498.5300000000004,4.563000000000002,114.53,4,5,7,3,36,0.9584460138396133,0.7605633802816901,In-domain,498.5300000000004,4.563000000000002,114.53,4,5,7,3,36,0.3461538461538461,0,3,Moderate,0.85,0.9259122096877292,Lipinski-compatible,0.9584460138396133,0.5448130845453069,1.0,0.85,0.8168223308994375,High computational priority,67
CNc1cc(F)c(F)c2cc(C(=O)Nc3ccc(C(=O)O)cc3CN3CCCCC3)c(=O)[nH]c12,CNc1cc(F)cc2cc(C(=O)Nc3ccc(C(=O)O)cc3CN3CCCCC3)c(=O)[nH]c12,Constrained aromatic substitution,470.4760000000004,3.7844000000000015,114.53,4,5,6,3,34,0.9064224693852896,0.7761194029850746,In-domain,470.4760000000004,3.7844000000000015,114.53,4,5,6,3,34,0.2916666666666667,0,1,Low,0.95,0.9194957285697029,Lipinski-compatible,0.9064224693852896,0.5469850867820277,1.0,0.95,0.8166645137887242,High computational priority,68
CNc1cc(F)cc2c(Cl)c(C(=O)Nc3ccc(C(=O)O)cc3CN3CCCCC3)c(=O)[nH]c12,CNc1cc(F)cc2cc(C(=O)Nc3ccc(C(=O)O)cc3CN3CCCCC3)c(=O)[nH]c12,Constrained aromatic substitution,486.9310000000005,4.298700000000003,114.53,4,5,6,3,34,0.950891721943191,0.8382352941176471,In-domain,486.9310000000005,4.298700000000003,114.53,4,5,6,3,34,0.2916666666666667,0,3,Moderate,0.85,0.9206242053602336,Lipinski-compatible,0.950891721943191,0.5503533135794776,1.0,0.85,0.8154626828511198,High computational priority,69
CNc1cc(F)cc2cc(C(=O)Nc3c(Cl)cc(C(=O)O)cc3CN3CCCCC3)c(=O)[nH]c12,CNc1cc(F)cc2cc(C(=O)Nc3ccc(C(=O)O)cc3CN3CCCCC3)c(=O)[nH]c12,Constrained aromatic substitution,486.9310000000005,4.298700000000003,114.53,4,5,6,3,34,0.9482881261857868,0.7647058823529411,In-domain,486.9310000000005,4.298700000000003,114.53,4,5,6,3,34,0.2916666666666667,0,3,Moderate,0.85,0.9188016883300508,Lipinski-compatible,0.9482881261857868,0.5511756820005302,1.0,0.85,0.8146679550744739,High computational priority,70
CCCCCN(C)Cc1cc(C(=O)O)cc(C)c1NC(=O)c1cc2cc(F)cc(NC)c2[nH]c1=O,CCCCCN(C)Cc1cc(C(=O)O)ccc1NC(=O)c1cc2cc(F)cc(NC)c2[nH]c1=O,Constrained aromatic substitution,482.5560000000002,4.589820000000002,114.53,4,5,10,3,35,0.9652786534324784,0.7941176470588235,In-domain,482.5560000000002,4.589820000000002,114.53,4,5,10,3,35,0.3461538461538461,0,4,Moderate,0.8,0.9156950574027348,Lipinski-compatible,0.9652786534324784,0.5602507614673002,1.0,0.8,0.8141866898131815,High computational priority,71
CNc1cc(F)cc2cc(C(=O)Nc3c(O)cc(C(=O)O)cc3CN(C)C3CC3)c(=O)[nH]c12,CNc1cc(F)cc2cc(C(=O)Nc3ccc(C(=O)O)cc3CN(C)C3CC3)c(=O)[nH]c12,Constrained aromatic substitution,454.4580000000003,2.9592,134.76,5,6,7,3,33,0.9364019220556024,0.7910447761194029,In-domain,454.4580000000003,2.9592,134.76,5,6,7,3,33,0.2608695652173913,0,2,Low,0.9,0.9254813454389216,Lipinski-compatible,0.9364019220556024,0.5246316276805,1.0,0.9,0.811950257126391,High computational priority,72
CCCCCN(C)Cc1cc(C(=O)O)ccc1NC(=O)c1c(C)c2cc(F)cc(NC)c2[nH]c1=O,CCCCCN(C)Cc1cc(C(=O)O)ccc1NC(=O)c1cc2cc(F)cc(NC)c2[nH]c1=O,Constrained aromatic substitution,482.55600000000027,4.589820000000002,114.53,4,5,10,3,35,0.9596392288467775,0.7428571428571429,In-domain,482.55600000000027,4.589820000000002,114.53,4,5,10,3,35,0.3461538461538461,0,4,Moderate,0.8,0.9117474601927442,Lipinski-compatible,0.9596392288467775,0.5602507614673002,1.0,0.8,0.8119309199789011,High computational priority,73
CCCCCN(C)Cc1cc(C(=O)O)cc(F)c1NC(=O)c1cc2cc(F)cc(NC)c2[nH]c1=O,CCCCCN(C)Cc1cc(C(=O)O)ccc1NC(=O)c1cc2cc(F)cc(NC)c2[nH]c1=O,Constrained aromatic substitution,486.5190000000002,4.420500000000002,114.53,4,5,10,3,35,0.9612299938495172,0.8059701492537313,In-domain,486.5190000000002,4.420500000000002,114.53,4,5,10,3,35,0.32,0,4,Moderate,0.8,0.912860995694662,Lipinski-compatible,0.9612299938495172,0.557211260762265,1.0,0.8,0.8116553757684863,High computational priority,74
CCCCCN(C)Cc1cc(C(=O)O)ccc1NC(=O)c1c(F)c2cc(F)cc(NC)c2[nH]c1=O,CCCCCN(C)Cc1cc(C(=O)O)ccc1NC(=O)c1cc2cc(F)cc(NC)c2[nH]c1=O,Constrained aromatic substitution,486.5190000000002,4.420500000000002,114.53,4,5,10,3,35,0.959929442243202,0.7536231884057971,In-domain,486.5190000000002,4.420500000000002,114.53,4,5,10,3,35,0.32,0,4,Moderate,0.8,0.9119506095702412,Lipinski-compatible,0.959929442243202,0.557211260762265,1.0,0.8,0.8111351551259602,High computational priority,75
CNc1c(O)c(F)cc2cc(C(=O)Nc3ccc(C(=O)O)cc3CN(C)C3CC3)c(=O)[nH]c12,CNc1cc(F)cc2cc(C(=O)Nc3ccc(C(=O)O)cc3CN(C)C3CC3)c(=O)[nH]c12,Constrained aromatic substitution,454.4580000000003,2.9592,134.76,5,6,7,3,33,0.9288729306394748,0.7910447761194029,In-domain,454.4580000000003,2.9592,134.76,5,6,7,3,33,0.2608695652173913,0,2,Low,0.9,0.9202110514476324,Lipinski-compatible,0.9288729306394748,0.5307906422381707,1.0,0.9,0.8107863649272412,High computational priority,76
CNc1c(C#N)c(F)cc2cc(C(=O)Nc3ccc(C(=O)O)cc3CN(C)C3CC3)c(=O)[nH]c12,CNc1cc(F)cc2cc(C(=O)Nc3ccc(C(=O)O)cc3CN(C)C3CC3)c(=O)[nH]c12,Constrained aromatic substitution,463.4690000000003,3.125280000000001,138.32,4,6,7,3,34,0.9313865244890706,0.7361111111111112,In-domain,463.4690000000003,3.125280000000001,138.32,4,6,7,3,34,0.25,0,2,Low,0.9,0.9219705671423494,Lipinski-compatible,0.9313865244890706,0.5253716966641313,1.0,0.9,0.8101661187948677,High computational priority,77
CNc1cc(F)c(O)c2cc(C(=O)Nc3ccc(C(=O)O)cc3CN(C)C3CC3)c(=O)[nH]c12,CNc1cc(F)cc2cc(C(=O)Nc3ccc(C(=O)O)cc3CN(C)C3CC3)c(=O)[nH]c12,Constrained aromatic substitution,454.4580000000003,2.9592,134.76,5,6,7,3,33,0.9307723815893202,0.7761194029850746,In-domain,454.4580000000003,2.9592,134.76,5,6,7,3,33,0.2608695652173913,0,2,Low,0.9,0.921540667112524,Lipinski-compatible,0.9307723815893202,0.5254714933020005,1.0,0.9,0.8099504006263283,High computational priority,78
CNc1cc(F)cc2cc(C(=O)Nc3cnc(C(=O)O)nc3O)c(=O)[nH]c12,CNc1cc(F)cc2cc(C(=O)Nc3cnc(C(=O)O)nc3)c(=O)[nH]c12,Constrained aromatic substitution,373.3000000000001,1.1549999999999996,157.3,5,7,4,3,27,0.953108789389041,0.7636363636363637,In-domain,373.3000000000001,1.1549999999999996,157.3,5,7,4,3,27,0.0625,0,2,Low,0.9,0.9371761525723288,Lipinski-compatible,0.953108789389041,0.4946591582498238,1.0,0.9,0.8096412632305636,High computational priority,79
CNc1cc(F)cc2cc(C(=O)Nc3cc(F)c(C(=O)O)cc3CN3CCCCC3)c(=O)[nH]c12,CNc1cc(F)cc2cc(C(=O)Nc3ccc(C(=O)O)cc3CN3CCCCC3)c(=O)[nH]c12,Constrained aromatic substitution,470.4760000000004,3.7844000000000015,114.53,4,5,6,3,34,0.8946004466937858,0.7846153846153846,In-domain,470.4760000000004,3.7844000000000015,114.53,4,5,6,3,34,0.2916666666666667,0,1,Low,0.95,0.91122031268565,Lipinski-compatible,0.8946004466937858,0.5370903258577542,1.0,0.95,0.8089672764348405,High computational priority,80
CNc1cc(F)cc2cc(C(=O)Nc3c(O)cc(C(=O)O)cc3CN3CCCCC3)c(=O)[nH]c12,CNc1cc(F)cc2cc(C(=O)Nc3ccc(C(=O)O)cc3CN3CCCCC3)c(=O)[nH]c12,Constrained aromatic substitution,468.4850000000004,3.350900000000001,134.76,5,6,6,3,34,0.9257206327190076,0.7761194029850746,In-domain,468.4850000000004,3.350900000000001,134.76,5,6,6,3,34,0.2916666666666667,0,2,Low,0.9,0.9180044429033052,Lipinski-compatible,0.9257206327190076,0.5288402700162925,1.0,0.9,0.8089403340924908,High computational priority,81
CNc1c(C)c(F)cc2cc(C(=O)Nc3ccc(C(=O)O)cc3CN(C)C3CCCCC3)c(=O)[nH]c12,CNc1cc(F)cc2cc(C(=O)Nc3ccc(C(=O)O)cc3CN(C)C3CCCCC3)c(=O)[nH]c12,Constrained aromatic substitution,494.5670000000004,4.732320000000003,114.53,4,5,7,3,36,0.9316138143430456,0.7887323943661971,In-domain,494.5670000000004,4.732320000000003,114.53,4,5,7,3,36,0.3703703703703703,0,3,Moderate,0.85,0.907129670040132,Lipinski-compatible,0.9316138143430456,0.5528414260419053,1.0,0.85,0.8084979535497898,High computational priority,82
CNc1cc(F)cc2cc(C(=O)Nc3cc(O)c(C(=O)O)cc3CN(C)C3CC3)c(=O)[nH]c12,CNc1cc(F)cc2cc(C(=O)Nc3ccc(C(=O)O)cc3CN(C)C3CC3)c(=O)[nH]c12,Constrained aromatic substitution,454.4580000000003,2.959200000000001,134.76,5,6,7,3,33,0.9349192735103732,0.7878787878787878,In-domain,454.4580000000003,2.959200000000001,134.76,5,6,7,3,33,0.2608695652173913,0,2,Low,0.9,0.9244434914572612,Lipinski-compatible,0.9349192735103732,0.5141053118910263,1.0,0.9,0.8081993029714571,High computational priority,83
CNc1cc(F)cc2cc(C(=O)Nc3ccc(C(=O)O)c(C#N)c3CN(C)C3CC3)c(=O)[nH]c12,CNc1cc(F)cc2cc(C(=O)Nc3ccc(C(=O)O)cc3CN(C)C3CC3)c(=O)[nH]c12,Constrained aromatic substitution,463.46900000000034,3.125280000000001,138.32,4,6,7,3,34,0.93229969507688,0.7183098591549296,In-domain,463.46900000000034,3.125280000000001,138.32,4,6,7,3,34,0.25,0,2,Low,0.9,0.922609786553816,Lipinski-compatible,0.93229969507688,0.5159921872846219,1.0,0.9,0.8077175342161387,High computational priority,84
CNc1cc(F)cc2cc(C(=O)Nc3c(C)cc(C(=O)O)cc3CNC3CCCCC3)c(=O)[nH]c12,CNc1cc(F)cc2cc(C(=O)Nc3ccc(C(=O)O)cc3CNC3CCCCC3)c(=O)[nH]c12,Constrained aromatic substitution,480.5400000000004,4.390120000000002,123.32,5,5,7,3,35,0.9545937379726754,0.782608695652174,In-domain,480.5400000000004,4.390120000000002,123.32,5,5,7,3,35,0.3461538461538461,0,4,Moderate,0.8,0.9082156165808728,Lipinski-compatible,0.9545937379726754,0.5515950619746159,1.0,0.8,0.807316013781455,High computational priority,85
CNc1cc(F)cc2cc(C(=O)Nc3cc(C#N)c(C(=O)O)cc3CN(C)C3CC3)c(=O)[nH]c12,CNc1cc(F)cc2cc(C(=O)Nc3ccc(C(=O)O)cc3CN(C)C3CC3)c(=O)[nH]c12,Constrained aromatic substitution,463.4690000000003,3.125280000000001,138.32,4,6,7,3,34,0.9352590078015252,0.7428571428571429,In-domain,463.4690000000003,3.125280000000001,138.32,4,6,7,3,34,0.25,0,2,Low,0.9,0.9246813054610676,Lipinski-compatible,0.9352590078015252,0.5102201815126162,1.0,0.9,0.807169657574395,High computational priority,86
CNc1cc(F)cc2cc(C(=O)Nc3ccc(C(=O)NS(=O)(=O)N(C)C)cc3C)c(=O)[nH]c12,CNc1cc(F)cc2cc(C(=O)Nc3ccc(C(=O)NS(=O)(=O)N(C)C)cc3)c(=O)[nH]c12,Constrained aromatic substitution,475.5020000000002,1.8058199999999995,140.47,4,6,6,3,33,0.9715620855172648,0.7833333333333333,In-domain,475.5020000000002,1.8058199999999995,140.47,4,6,6,3,33,0.1904761904761904,0,3,Moderate,0.85,0.9350934598620853,Lipinski-compatible,0.9715620855172648,0.49377839710163296,1.0,0.85,0.8067583533373959,High computational priority,87
CNc1cc(F)cc2cc(C(=O)Nc3cc(C)c(C(=O)O)cc3CN(C)C3CCCCC3)c(=O)[nH]c12,CNc1cc(F)cc2cc(C(=O)Nc3ccc(C(=O)O)cc3CN(C)C3CCCCC3)c(=O)[nH]c12,Constrained aromatic substitution,494.5670000000004,4.732320000000003,114.53,4,5,7,3,36,0.9369342088346944,0.8088235294117647,In-domain,494.5670000000004,4.732320000000003,114.53,4,5,7,3,36,0.3703703703703703,0,3,Moderate,0.85,0.910853946184286,Lipinski-compatible,0.9369342088346944,0.5381292267291906,1.0,0.85,0.806212451552635,High computational priority,88
CNc1cc(F)cc2c(O)c(C(=O)Nc3ccc(C(=O)O)cc3CN(C)C3CCCCC3)c(=O)[nH]c12,CNc1cc(F)cc2cc(C(=O)Nc3ccc(C(=O)O)cc3CN(C)C3CCCCC3)c(=O)[nH]c12,Constrained aromatic substitution,496.5390000000005,4.129500000000003,134.76,5,6,7,3,36,0.9657291207751524,0.7605633802816901,In-domain,496.5390000000005,4.129500000000003,134.76,5,6,7,3,36,0.3461538461538461,0,4,Moderate,0.8,0.9160103845426066,Lipinski-compatible,0.9657291207751524,0.5329448843182514,1.0,0.8,0.8061751136055364,High computational priority,89
CCCCCN(C)Cc1cc(C(=O)O)cc(O)c1NC(=O)c1cc2cc(F)cc(NC)c2[nH]c1=O,CCCCCN(C)Cc1cc(C(=O)O)ccc1NC(=O)c1cc2cc(F)cc(NC)c2[nH]c1=O,Constrained aromatic substitution,484.5280000000002,3.987000000000001,134.76,5,6,10,3,35,0.9348472908754668,0.7941176470588235,In-domain,484.5280000000002,3.987000000000001,134.76,5,6,10,3,35,0.32,0,3,Moderate,0.85,0.9093931036128268,Lipinski-compatible,0.9348472908754668,0.53998534904088,1.0,0.85,0.8059345210624508,High computational priority,90
CNc1cc(F)c(C#N)c2cc(C(=O)Nc3ccc(C(=O)O)cc3CN(C)C3CC3)c(=O)[nH]c12,CNc1cc(F)cc2cc(C(=O)Nc3ccc(C(=O)O)cc3CN(C)C3CC3)c(=O)[nH]c12,Constrained aromatic substitution,463.46900000000034,3.125280000000001,138.32,4,6,7,3,34,0.9241394030771208,0.7222222222222222,In-domain,463.46900000000034,3.125280000000001,138.32,4,6,7,3,34,0.25,0,2,Low,0.9,0.9168975821539844,Lipinski-compatible,0.9241394030771208,0.5203211916136262,1.0,0.9,0.8057521187149362,High computational priority,91
CNc1cc(F)cc2cc(C(=O)Nc3c(C#N)cc(C(=O)O)cc3CNC3CCCCC3)c(=O)[nH]c12,CNc1cc(F)cc2cc(C(=O)Nc3ccc(C(=O)O)cc3CNC3CCCCC3)c(=O)[nH]c12,Constrained aromatic substitution,491.5230000000004,3.953380000000002,147.11,5,6,7,3,36,0.9483400318377796,0.7397260273972602,In-domain,491.5230000000004,3.953380000000002,147.11,5,6,7,3,36,0.3076923076923077,0,3,Moderate,0.85,0.9188380222864456,Lipinski-compatible,0.9483400318377796,0.5208957030030708,1.0,0.85,0.8056047236360331,High computational priority,92
CNc1cc(F)cc2cc(C(=O)Nc3ccc(C(=O)NS(=O)(=O)N(C)C)c(C)c3)c(=O)[nH]c12,CNc1cc(F)cc2cc(C(=O)Nc3ccc(C(=O)NS(=O)(=O)N(C)C)cc3)c(=O)[nH]c12,Constrained aromatic substitution,475.5020000000002,1.8058199999999995,140.47,4,6,6,3,33,0.9633314205554856,0.8135593220338984,In-domain,475.5020000000002,1.8058199999999995,140.47,4,6,6,3,33,0.1904761904761904,0,3,Moderate,0.85,0.9293319943888398,Lipinski-compatible,0.9633314205554856,0.5002078602726692,1.0,0.85,0.805394926303995,High computational priority,93
CNc1cc(F)cc2cc(C(=O)Nc3ccc(C(=O)O)c(O)c3CN(C)C3CC3)c(=O)[nH]c12,CNc1cc(F)cc2cc(C(=O)Nc3ccc(C(=O)O)cc3CN(C)C3CC3)c(=O)[nH]c12,Constrained aromatic substitution,454.4580000000003,2.959200000000001,134.76,5,6,7,3,33,0.9234456167770616,0.75,In-domain,454.4580000000003,2.959200000000001,134.76,5,6,7,3,33,0.2608695652173913,0,2,Low,0.9,0.9164119317439432,Lipinski-compatible,0.9234456167770616,0.5193684697857631,1.0,0.9,0.8051887876465535,High computational priority,94
CNc1cc(F)cc2cc(C(=O)Nc3ccc(C(=O)O)c(C)c3CN(C)C3CCCCC3)c(=O)[nH]c12,CNc1cc(F)cc2cc(C(=O)Nc3ccc(C(=O)O)cc3CN(C)C3CCCCC3)c(=O)[nH]c12,Constrained aromatic substitution,494.56700000000046,4.732320000000003,114.53,4,5,7,3,36,0.930301908273696,0.7605633802816901,In-domain,494.56700000000046,4.732320000000003,114.53,4,5,7,3,36,0.3703703703703703,0,3,Moderate,0.85,0.9062113357915872,Lipinski-compatible,0.930301908273696,0.5425321476913899,1.0,0.85,0.8048804076168954,High computational priority,95
CNc1c(Cl)c(F)cc2cc(C(=O)Nc3ccc(C(=O)O)cc3CN3CCCCC3)c(=O)[nH]c12,CNc1cc(F)cc2cc(C(=O)Nc3ccc(C(=O)O)cc3CN3CCCCC3)c(=O)[nH]c12,Constrained aromatic substitution,486.9310000000005,4.298700000000002,114.53,4,5,6,3,34,0.9204060262472558,0.7681159420289855,In-domain,486.9310000000005,4.298700000000002,114.53,4,5,6,3,34,0.2916666666666667,0,3,Moderate,0.85,0.899284218373079,Lipinski-compatible,0.9204060262472558,0.5555616469128108,1.0,0.85,0.8048309045727455,High computational priority,96
CNc1cc(F)c(C)c2cc(C(=O)Nc3ccc(C(=O)O)cc3CN(C)C3CCCCC3)c(=O)[nH]c12,CNc1cc(F)cc2cc(C(=O)Nc3ccc(C(=O)O)cc3CN(C)C3CCCCC3)c(=O)[nH]c12,Constrained aromatic substitution,494.5670000000004,4.732320000000003,114.53,4,5,7,3,36,0.9259496886654784,0.7746478873239436,In-domain,494.5670000000004,4.732320000000003,114.53,4,5,7,3,36,0.3703703703703703,0,3,Moderate,0.85,0.9031647820658348,Lipinski-compatible,0.9259496886654784,0.5476867868666476,1.0,0.85,0.8046859115261857,High computational priority,97
CNc1cc(F)cc2cc(C(=O)Nc3cnc(C(=O)O)nc3C#N)c(=O)[nH]c12,CNc1cc(F)cc2cc(C(=O)Nc3cnc(C(=O)O)nc3)c(=O)[nH]c12,Constrained aromatic substitution,382.31100000000015,1.3210799999999998,160.86,4,7,4,3,28,0.94407829963594,0.7241379310344828,In-domain,382.31100000000015,1.3210799999999998,160.86,4,7,4,3,28,0.0588235294117647,0,2,Low,0.9,0.930854809745158,Lipinski-compatible,0.94407829963594,0.48918907179869764,1.0,0.9,0.8043880413939853,High computational priority,98
CNc1cc(F)cc2c(C#N)c(C(=O)Nc3ccc(C(=O)O)cc3CNC3CCCCC3)c(=O)[nH]c12,CNc1cc(F)cc2cc(C(=O)Nc3ccc(C(=O)O)cc3CNC3CCCCC3)c(=O)[nH]c12,Constrained aromatic substitution,491.5230000000004,3.953380000000002,147.11,5,6,7,3,36,0.9454027093340528,0.7066666666666667,In-domain,491.5230000000004,3.953380000000002,147.11,5,6,7,3,36,0.3076923076923077,0,3,Moderate,0.85,0.9167818965338368,Lipinski-compatible,0.9454027093340528,0.5201531287456449,1.0,0.85,0.8042070223573146,High computational priority,99
CCCCCN(C)Cc1cc(C(=O)O)ccc1NC(=O)c1cc2c(O)c(F)cc(NC)c2[nH]c1=O,CCCCCN(C)Cc1cc(C(=O)O)ccc1NC(=O)c1cc2cc(F)cc(NC)c2[nH]c1=O,Constrained aromatic substitution,484.52800000000025,3.987000000000001,134.76000000000002,5,6,10,3,35,0.9287285335609275,0.7794117647058824,In-domain,484.52800000000025,3.987000000000001,134.76000000000002,5,6,10,3,35,0.32,0,3,Moderate,0.85,0.9051099734926492,Lipinski-compatible,0.9287285335609275,0.5408812057038139,1.0,0.85,0.8037557751355152,High computational priority,100
CNc1cc(F)cc2c(C)c(C(=O)Nc3ccc(C(=O)NS(=O)(=O)N(C)C)cc3)c(=O)[nH]c12,CNc1cc(F)cc2cc(C(=O)Nc3ccc(C(=O)NS(=O)(=O)N(C)C)cc3)c(=O)[nH]c12,Constrained aromatic substitution,475.5020000000002,1.80582,140.47,4,6,6,3,33,0.959143177459246,0.85,In-domain,475.5020000000002,1.80582,140.47,4,6,6,3,33,0.1904761904761904,0,3,Moderate,0.85,0.9264002242214722,Lipinski-compatible,0.959143177459246,0.4993339526571885,1.0,0.85,0.803457456780855,High computational priority,101
CNc1c(F)c(F)cc2cc(C(=O)Nc3ccc(C(=O)O)cc3CN(C)C3CCCCC3)c(=O)[nH]c12,CNc1cc(F)cc2cc(C(=O)Nc3ccc(C(=O)O)cc3CN(C)C3CCCCC3)c(=O)[nH]c12,Constrained aromatic substitution,498.5300000000004,4.563000000000002,114.53,4,5,7,3,36,0.9205231587425904,0.8,In-domain,498.5300000000004,4.563000000000002,114.53,4,5,7,3,36,0.3461538461538461,0,3,Moderate,0.85,0.8993662111198132,Lipinski-compatible,0.9205231587425904,0.5499677237205646,1.0,0.85,0.8031995806132056,High computational priority,102
CNc1cc(F)cc2c(C)c(C(=O)Nc3cnc(C(=O)O)nc3)c(=O)[nH]c12,CNc1cc(F)cc2cc(C(=O)Nc3cnc(C(=O)O)nc3)c(=O)[nH]c12,Constrained aromatic substitution,371.3280000000001,1.7578199999999995,137.07,4,6,4,3,27,0.8990458612962552,0.6724137931034483,In-domain,371.3280000000001,1.7578199999999995,137.07,4,6,4,3,27,0.1176470588235294,0,1,Low,0.95,0.9143321029073784,Lipinski-compatible,0.8990458612962552,0.5118788820857462,1.0,0.95,0.803182009144226,High computational priority,103
CNc1cc(F)cc2cc(C(=O)Nc3ccc(C(=O)O)c(F)c3CN(C)C3CCCCC3)c(=O)[nH]c12,CNc1cc(F)cc2cc(C(=O)Nc3ccc(C(=O)O)cc3CN(C)C3CCCCC3)c(=O)[nH]c12,Constrained aromatic substitution,498.5300000000004,4.563000000000002,114.53,4,5,7,3,36,0.9273017271376818,0.782608695652174,In-domain,498.5300000000004,4.563000000000002,114.53,4,5,7,3,36,0.3461538461538461,0,3,Moderate,0.85,0.9041112089963772,Lipinski-compatible,0.9273017271376818,0.5404101635831076,1.0,0.85,0.803043739930005,High computational priority,104
CNc1cc(F)cc2c(Cl)c(C(=O)Nc3cnc(C(=O)O)nc3)c(=O)[nH]c12,CNc1cc(F)cc2cc(C(=O)Nc3cnc(C(=O)O)nc3)c(=O)[nH]c12,Constrained aromatic substitution,391.74600000000015,2.1028,137.07,4,6,4,3,27,0.898748174004443,0.6610169491525424,In-domain,391.74600000000015,2.1028,137.07,4,6,4,3,27,0.0625,0,1,Low,0.95,0.91412372180311,Lipinski-compatible,0.898748174004443,0.5117362084495349,1.0,0.95,0.8030201321366376,High computational priority,105
CNc1cc(F)c(O)c2cc(C(=O)Nc3ccc(C(=O)O)cc3CN3CCCCC3)c(=O)[nH]c12,CNc1cc(F)cc2cc(C(=O)Nc3ccc(C(=O)O)cc3CN3CCCCC3)c(=O)[nH]c12,Constrained aromatic substitution,468.4850000000004,3.350900000000001,134.76,5,6,6,3,34,0.9114036605624496,0.7647058823529411,In-domain,468.4850000000004,3.350900000000001,134.76,5,6,6,3,34,0.2916666666666667,0,2,Low,0.9,0.9079825623937148,Lipinski-compatible,0.9114036605624496,0.528000404394792,1.0,0.9,0.8029615855434175,High computational priority,106
CNc1cc(F)c(F)c2cc(C(=O)Nc3ccc(C(=O)O)cc3CN(C)C3CCCCC3)c(=O)[nH]c12,CNc1cc(F)cc2cc(C(=O)Nc3ccc(C(=O)O)cc3CN(C)C3CCCCC3)c(=O)[nH]c12,Constrained aromatic substitution,498.5300000000004,4.563000000000002,114.53,4,5,7,3,36,0.9223683422429558,0.7857142857142857,In-domain,498.5300000000004,4.563000000000002,114.53,4,5,7,3,36,0.3461538461538461,0,3,Moderate,0.85,0.9006578395700691,Lipinski-compatible,0.9223683422429558,0.5448130845453069,1.0,0.85,0.8023912622607744,High computational priority,107
CNc1cc(F)c(Cl)c2cc(C(=O)Nc3ccc(C(=O)O)cc3CN3CCCCC3)c(=O)[nH]c12,CNc1cc(F)cc2cc(C(=O)Nc3ccc(C(=O)O)cc3CN3CCCCC3)c(=O)[nH]c12,Constrained aromatic substitution,486.9310000000005,4.298700000000002,114.53,4,5,6,3,34,0.9180914913557312,0.7536231884057971,In-domain,486.9310000000005,4.298700000000002,114.53,4,5,6,3,34,0.2916666666666667,0,3,Moderate,0.85,0.8976640439490118,Lipinski-compatible,0.9180914913557312,0.5503533135794776,1.0,0.85,0.8023425906161358,High computational priority,108
CNc1c(O)c(F)cc2cc(C(=O)Nc3ccc(C(=O)O)cc3CN3CCCCC3)c(=O)[nH]c12,CNc1cc(F)cc2cc(C(=O)Nc3ccc(C(=O)O)cc3CN3CCCCC3)c(=O)[nH]c12,Constrained aromatic substitution,468.4850000000004,3.350900000000001,134.76,5,6,6,3,34,0.9057573330533892,0.7794117647058824,In-domain,468.4850000000004,3.350900000000001,134.76,5,6,6,3,34,0.2916666666666667,0,2,Low,0.9,0.9040301331373723,Lipinski-compatible,0.9057573330533892,0.5332635622895288,1.0,0.9,0.8022820019082144,High computational priority,109
CNc1cc(F)cc2c(C)c(C(=O)Nc3ccc(C(=O)O)cc3CNC3CCCCC3)c(=O)[nH]c12,CNc1cc(F)cc2cc(C(=O)Nc3ccc(C(=O)O)cc3CNC3CCCCC3)c(=O)[nH]c12,Constrained aromatic substitution,480.5400000000004,4.390120000000002,123.32,5,5,7,3,35,0.9426276725061932,0.7464788732394366,In-domain,480.5400000000004,4.390120000000002,123.32,5,5,7,3,35,0.3461538461538461,0,4,Moderate,0.8,0.8998393707543352,Lipinski-compatible,0.9426276725061932,0.5507178689921597,1.0,0.8,0.8022664297001252,High computational priority,110
CCCCCN(C)Cc1cc(C(=O)O)ccc1NC(=O)c1cc2cc(F)c(O)c(NC)c2[nH]c1=O,CCCCCN(C)Cc1cc(C(=O)O)ccc1NC(=O)c1cc2cc(F)cc(NC)c2[nH]c1=O,Constrained aromatic substitution,484.52800000000025,3.987000000000001,134.76000000000002,5,6,10,3,35,0.9207972522492754,0.7941176470588235,In-domain,484.52800000000025,3.987000000000001,134.76000000000002,5,6,10,3,35,0.32,0,3,Moderate,0.85,0.8995580765744928,Lipinski-compatible,0.9207972522492754,0.5462003546399841,1.0,0.85,0.8021790072917054,High computational priority,111
CNc1cc(F)cc2cc(C(=O)Nc3c(F)cc(C(=O)O)cc3CNC3CCCCC3)c(=O)[nH]c12,CNc1cc(F)cc2cc(C(=O)Nc3ccc(C(=O)O)cc3CNC3CCCCC3)c(=O)[nH]c12,Constrained aromatic substitution,484.5030000000004,4.220800000000002,123.32,5,5,7,3,35,0.9470705042872164,0.7941176470588235,In-domain,484.5030000000004,4.220800000000002,123.32,5,5,7,3,35,0.32,0,4,Moderate,0.8,0.9029493530010514,Lipinski-compatible,0.9470705042872164,0.5441176545707942,1.0,0.8,0.8020634980861249,High computational priority,112
CCCCCN(C)Cc1cc(C(=O)O)ccc1NC(=O)c1cc2cc(F)c(C)c(NC)c2[nH]c1=O,CCCCCN(C)Cc1cc(C(=O)O)ccc1NC(=O)c1cc2cc(F)cc(NC)c2[nH]c1=O,Constrained aromatic substitution,482.55600000000027,4.589820000000002,114.53,4,5,10,3,35,0.930642856206042,0.782608695652174,In-domain,482.55600000000027,4.589820000000002,114.53,4,5,10,3,35,0.3461538461538461,0,4,Moderate,0.8,0.8914499993442294,Lipinski-compatible,0.930642856206042,0.5655699104034705,1.0,0.8,0.801928115603458,High computational priority,113
Cc1cnc2c3conc3c(=O)n(CCN3CCC(NCc4ccc5c(n4)NC(=O)CO5)CC3)c2c1,O=C1COc2ccc(CNC3CCN(CCn4c(=O)c5nocc5c5ncccc54)CC3)nc2N1,Constrained aromatic substitution,489.5360000000003,1.8262199999999995,127.41,2,9,6,4,36,0.949469698812217,0.7974683544303798,In-domain,489.5360000000003,1.8262199999999995,127.41,2,9,6,4,36,0.4,0,2,Low,0.9,0.934628789168552,Lipinski-compatible,0.949469698812217,0.47372295356413213,1.0,0.9,0.8019047655941265,High computational priority,114
CNc1cc(F)cc2cc(C(=O)Nc3ccc(C(=O)NS(=O)(=O)N(C)C)c(F)c3)c(=O)[nH]c12,CNc1cc(F)cc2cc(C(=O)Nc3ccc(C(=O)NS(=O)(=O)N(C)C)cc3)c(=O)[nH]c12,Constrained aromatic substitution,479.4650000000002,1.6364999999999998,140.47,4,6,6,3,33,0.9614376762403012,0.8135593220338984,In-domain,479.4650000000002,1.6364999999999998,140.47,4,6,6,3,33,0.15,0,3,Moderate,0.85,0.9280063733682108,Lipinski-compatible,0.9614376762403012,0.49074872812305514,1.0,0.85,0.801799688933037,High computational priority,115
CNc1cc(F)cc2c(F)c(C(=O)Nc3ccc(C(=O)NS(=O)(=O)N(C)C)cc3)c(=O)[nH]c12,CNc1cc(F)cc2cc(C(=O)Nc3ccc(C(=O)NS(=O)(=O)N(C)C)cc3)c(=O)[nH]c12,Constrained aromatic substitution,479.4650000000002,1.6364999999999998,140.47,4,6,6,3,33,0.9594661350472528,0.864406779661017,In-domain,479.4650000000002,1.6364999999999998,140.47,4,6,6,3,33,0.15,0,3,Moderate,0.85,0.9266262945330768,Lipinski-compatible,0.9594661350472528,0.49074872812305514,1.0,0.85,0.8010110724558177,High computational priority,116
CNc1cc(F)cc2cc(C(=O)Nc3ccc(C(=O)NS(=O)(=O)N(C)C)cc3Cl)c(=O)[nH]c12,CNc1cc(F)cc2cc(C(=O)Nc3ccc(C(=O)NS(=O)(=O)N(C)C)cc3)c(=O)[nH]c12,Constrained aromatic substitution,495.9200000000002,2.1508,140.47,4,6,6,3,33,0.9604814961678112,0.7704918032786885,In-domain,495.9200000000002,2.1508,140.47,4,6,6,3,33,0.15,0,3,Moderate,0.85,0.9273370473174678,Lipinski-compatible,0.9604814961678112,0.48877435804518377,1.0,0.85,0.8008249058806797,High computational priority,117
CCCCCN(C)Cc1cc(C(=O)O)ccc1NC(=O)c1cc2c(C)c(F)cc(NC)c2[nH]c1=O,CCCCCN(C)Cc1cc(C(=O)O)ccc1NC(=O)c1cc2cc(F)cc(NC)c2[nH]c1=O,Constrained aromatic substitution,482.55600000000027,4.589820000000002,114.53,4,5,10,3,35,0.931344813414406,0.7681159420289855,In-domain,482.55600000000027,4.589820000000002,114.53,4,5,10,3,35,0.3461538461538461,0,4,Moderate,0.8,0.8919413693900842,Lipinski-compatible,0.931344813414406,0.5602507614673002,1.0,0.8,0.8006131538059524,High computational priority,118
O=C1COc2ccc(CNC3CCN(CCn4c(=O)c5nocc5c5ncc(F)cc54)CC3)nc2N1,O=C1COc2ccc(CNC3CCN(CCn4c(=O)c5nocc5c5ncccc54)CC3)nc2N1,Constrained aromatic substitution,493.4990000000002,1.656899999999999,127.41,2,9,6,4,36,0.954874341960954,0.8441558441558441,In-domain,493.4990000000002,1.656899999999999,127.41,2,9,6,4,36,0.375,0,2,Low,0.9,0.9384120393726678,Lipinski-compatible,0.954874341960954,0.4607673866655956,1.0,0.9,0.8001799527840603,High computational priority,119
Cc1ccc2c(n1)c1conc1c(=O)n2CCN1CCC(NCc2ccc3c(n2)NC(=O)CO3)CC1,O=C1COc2ccc(CNC3CCN(CCn4c(=O)c5nocc5c5ncccc54)CC3)nc2N1,Constrained aromatic substitution,489.53600000000034,1.8262199999999995,127.41,2,9,6,4,36,0.9444680485317112,0.7948717948717948,In-domain,489.53600000000034,1.8262199999999995,127.41,2,9,6,4,36,0.4,0,2,Low,0.9,0.9311276339721978,Lipinski-compatible,0.9444680485317112,0.47456470440588294,1.0,0.9,0.8001566307344494,High computational priority,120
CNc1cc(F)cc2c(Cl)c(C(=O)Nc3ccc(C(=O)NS(=O)(=O)N(C)C)cc3)c(=O)[nH]c12,CNc1cc(F)cc2cc(C(=O)Nc3ccc(C(=O)NS(=O)(=O)N(C)C)cc3)c(=O)[nH]c12,Constrained aromatic substitution,495.9200000000002,2.1508,140.47,4,6,6,3,33,0.9540367183635814,0.8360655737704918,In-domain,495.9200000000002,2.1508,140.47,4,6,6,3,33,0.15,0,3,Moderate,0.85,0.9228257028545068,Lipinski-compatible,0.9540367183635814,0.4942091406538794,1.0,0.85,0.7998774295415965,Intermediate computational priority,121
O=C1COc2ccc(CNC3CCN(CCn4c(=O)c5nocc5c5nccc(F)c54)CC3)nc2N1,O=C1COc2ccc(CNC3CCN(CCn4c(=O)c5nocc5c5ncccc54)CC3)nc2N1,Constrained aromatic substitution,493.4990000000002,1.656899999999999,127.41,2,9,6,4,36,0.9538409180311386,0.8076923076923077,In-domain,493.4990000000002,1.656899999999999,127.41,2,9,6,4,36,0.375,0,2,Low,0.9,0.937688642621797,Lipinski-compatible,0.9538409180311386,0.461089136987346,1.0,0.9,0.7998631083086593,Intermediate computational priority,122
O=C1COc2ccc(CNC3CCN(CCn4c(=O)c5nocc5c5nc(F)ccc54)CC3)nc2N1,O=C1COc2ccc(CNC3CCN(CCn4c(=O)c5nocc5c5ncccc54)CC3)nc2N1,Constrained aromatic substitution,493.4990000000002,1.656899999999999,127.41,2,9,6,4,36,0.953151687311342,0.8181818181818182,In-domain,493.4990000000002,1.656899999999999,127.41,2,9,6,4,36,0.375,0,2,Low,0.9,0.9372061811179394,Lipinski-compatible,0.953151687311342,0.46141673731494626,1.0,0.9,0.7996856961190207,Intermediate computational priority,123
CNc1c(C#N)c(F)cc2cc(C(=O)Nc3ccc(C(=O)O)cc3CN3CCCCC3)c(=O)[nH]c12,CNc1cc(F)cc2cc(C(=O)Nc3ccc(C(=O)O)cc3CN3CCCCC3)c(=O)[nH]c12,Constrained aromatic substitution,477.4960000000004,3.516980000000002,138.32,4,6,6,3,35,0.9025019255702388,0.7361111111111112,In-domain,477.4960000000004,3.516980000000002,138.32,4,6,6,3,35,0.28,0,2,Low,0.9,0.9017513478991672,Lipinski-compatible,0.9025019255702388,0.5286188716268361,1.0,0.9,0.7995864317161463,Intermediate computational priority,124
CNc1cc(F)cc2c(F)c(C(=O)Nc3ccc(C(=O)O)cc3CNC3CCCCC3)c(=O)[nH]c12,CNc1cc(F)cc2cc(C(=O)Nc3ccc(C(=O)O)cc3CNC3CCCCC3)c(=O)[nH]c12,Constrained aromatic substitution,484.5030000000004,4.220800000000002,123.32,5,5,7,3,35,0.9413519552821704,0.7571428571428571,In-domain,484.5030000000004,4.220800000000002,123.32,5,5,7,3,35,0.32,0,4,Moderate,0.8,0.8989463686975192,Lipinski-compatible,0.9413519552821704,0.5432952861497417,1.0,0.8,0.7995293679577906,Intermediate computational priority,125
Cc1ccnc2c3conc3c(=O)n(CCN3CCC(NCc4ccc5c(n4)NC(=O)CO5)CC3)c12,O=C1COc2ccc(CNC3CCN(CCn4c(=O)c5nocc5c5ncccc54)CC3)nc2N1,Constrained aromatic substitution,489.5360000000003,1.8262199999999995,127.41,2,9,6,4,36,0.938668473626581,0.7848101265822784,In-domain,489.5360000000003,1.8262199999999995,127.41,2,9,6,4,36,0.4,0,2,Low,0.9,0.9270679315386068,Lipinski-compatible,0.938668473626581,0.4791943340355126,1.0,0.9,0.7992256896612862,Intermediate computational priority,126
CNc1cc(F)cc2cc(C(=O)Nc3ccc(C(=O)NS(=O)(=O)N(C)C)cc3F)c(=O)[nH]c12,CNc1cc(F)cc2cc(C(=O)Nc3ccc(C(=O)NS(=O)(=O)N(C)C)cc3)c(=O)[nH]c12,Constrained aromatic substitution,479.4650000000002,1.6364999999999998,140.47,4,6,6,3,33,0.958883781574515,0.7966101694915254,In-domain,479.4650000000002,1.6364999999999998,140.47,4,6,6,3,33,0.15,0,3,Moderate,0.85,0.9262186471021604,Lipinski-compatible,0.958883781574515,0.4851931725674996,1.0,0.85,0.7991114644000559,Intermediate computational priority,127
CNc1cc(F)cc2c(F)c(C(=O)Nc3cnc(C(=O)O)nc3)c(=O)[nH]c12,CNc1cc(F)cc2cc(C(=O)Nc3cnc(C(=O)O)nc3)c(=O)[nH]c12,Constrained aromatic substitution,375.2910000000001,1.5884999999999996,137.07,4,6,4,3,27,0.8946313332926755,0.6842105263157895,In-domain,375.2910000000001,1.5884999999999996,137.07,4,6,4,3,27,0.0625,0,1,Low,0.95,0.9112419333048728,Lipinski-compatible,0.8946313332926755,0.5038037527256689,1.0,0.95,0.7989936591347709,Intermediate computational priority,128
CNc1cc(F)cc2cc(C(=O)Nc3ccc(C(=O)O)c(C#N)c3CN3CCCCC3)c(=O)[nH]c12,CNc1cc(F)cc2cc(C(=O)Nc3ccc(C(=O)O)cc3CN3CCCCC3)c(=O)[nH]c12,Constrained aromatic substitution,477.4960000000005,3.516980000000002,138.32,4,6,6,3,35,0.9079385976115506,0.6944444444444444,In-domain,477.4960000000005,3.516980000000002,138.32,4,6,6,3,35,0.28,0,2,Low,0.9,0.9055570183280854,Lipinski-compatible,0.9079385976115506,0.5192393622473267,1.0,0.9,0.7989472477188183,Intermediate computational priority,129
CNc1cc(F)cc2cc(C(=O)Nc3cc(F)c(C(=O)O)cc3CN(C)C3CCCCC3)c(=O)[nH]c12,CNc1cc(F)cc2cc(C(=O)Nc3ccc(C(=O)O)cc3CN(C)C3CCCCC3)c(=O)[nH]c12,Constrained aromatic substitution,498.5300000000004,4.563000000000002,114.53,4,5,7,3,36,0.9212516123851522,0.8088235294117647,In-domain,498.5300000000004,4.563000000000002,114.53,4,5,7,3,36,0.3461538461538461,0,3,Moderate,0.85,0.8998761286696065,Lipinski-compatible,0.9212516123851522,0.5345038061947913,1.0,0.85,0.7988517868124982,Intermediate computational priority,130
CNc1cc(F)cc2cc(C(=O)Nc3cc(O)c(C(=O)O)cc3CN3CCCCC3)c(=O)[nH]c12,CNc1cc(F)cc2cc(C(=O)Nc3ccc(C(=O)O)cc3CN3CCCCC3)c(=O)[nH]c12,Constrained aromatic substitution,468.4850000000004,3.350900000000001,134.76,5,6,6,3,34,0.9084263454783832,0.7727272727272727,In-domain,468.4850000000004,3.350900000000001,134.76,5,6,6,3,34,0.2916666666666667,0,2,Low,0.9,0.9058984418348682,Lipinski-compatible,0.9084263454783832,0.5182019721439521,1.0,0.9,0.798831129834539,Intermediate computational priority,131
CCCCCN(C)Cc1cc(C(=O)O)c(O)cc1NC(=O)c1cc2cc(F)cc(NC)c2[nH]c1=O,CCCCCN(C)Cc1cc(C(=O)O)ccc1NC(=O)c1cc2cc(F)cc(NC)c2[nH]c1=O,Constrained aromatic substitution,484.5280000000002,3.987000000000001,134.76,5,6,10,3,35,0.9248359466954508,0.7910447761194029,In-domain,484.5280000000002,3.987000000000001,134.76,5,6,10,3,35,0.32,0,3,Moderate,0.85,0.9023851626868156,Lipinski-compatible,0.9248359466954508,0.5294590332514063,1.0,0.85,0.7987720886536023,Intermediate computational priority,132
O=C1COc2ccc(CNC3CCN(CCn4c(=O)c5nocc5c5c(F)cc(F)cc54)CC3)nc2N1,O=C1COc2ccc(CNC3CCN(CCn4c(=O)c5nocc5c5ccc(F)cc54)CC3)nc2N1,Constrained aromatic substitution,510.5010000000002,2.401,114.52,2,8,6,4,37,0.9630389555978334,0.8552631578947368,In-domain,510.5010000000002,2.401,114.52,2,8,6,4,37,0.36,1,3,Moderate,0.85,0.9291272689184832,One Lipinski violation,0.9630389555978334,0.47748470127292164,1.0,0.85,0.7984609926210099,Intermediate computational priority,133
CCCCCN(C)Cc1cc(C(=O)O)ccc1NC(=O)c1cc2c(F)c(F)cc(NC)c2[nH]c1=O,CCCCCN(C)Cc1cc(C(=O)O)ccc1NC(=O)c1cc2cc(F)cc(NC)c2[nH]c1=O,Constrained aromatic substitution,486.5190000000002,4.420500000000002,114.53,4,5,10,3,35,0.9267269404542696,0.7794117647058824,In-domain,486.5190000000002,4.420500000000002,114.53,4,5,10,3,35,0.32,0,4,Moderate,0.8,0.8887088583179887,Lipinski-compatible,0.9267269404542696,0.557211260762265,1.0,0.8,0.7978541544103874,Intermediate computational priority,134
CCCCCN(C)Cc1cc(C(=O)O)ccc1NC(=O)c1cc2cc(F)c(F)c(NC)c2[nH]c1=O,CCCCCN(C)Cc1cc(C(=O)O)ccc1NC(=O)c1cc2cc(F)cc(NC)c2[nH]c1=O,Constrained aromatic substitution,486.5190000000002,4.420500000000002,114.53,4,5,10,3,35,0.9215613445857792,0.7941176470588235,In-domain,486.5190000000002,4.420500000000002,114.53,4,5,10,3,35,0.32,0,4,Moderate,0.8,0.8850929412100454,Lipinski-compatible,0.9215613445857792,0.5625304096984352,1.0,0.8,0.7973836607438423,Intermediate computational priority,135
Cc1cc2c(nc1CNC1CCN(CCn3c(=O)c4nocc4c4ccc(F)cc43)CC1)NC(=O)CO2,O=C1COc2ccc(CNC3CCN(CCn4c(=O)c5nocc5c5ccc(F)cc54)CC3)nc2N1,Constrained aromatic substitution,506.5380000000003,2.57032,114.52,2,8,6,4,37,0.9512179936341466,0.881578947368421,In-domain,506.5380000000003,2.57032,114.52,2,8,6,4,37,0.3846153846153846,1,3,Moderate,0.85,0.9208525955439026,One Lipinski violation,0.9512179936341466,0.48954789457315695,1.0,0.85,0.7973515658256057,Intermediate computational priority,136
CNc1cc(F)cc2c(O)c(C(=O)Nc3ccc(C(=O)NS(=O)(=O)N(C)C)cc3)c(=O)[nH]c12,CNc1cc(F)cc2cc(C(=O)Nc3ccc(C(=O)NS(=O)(=O)N(C)C)cc3)c(=O)[nH]c12,Constrained aromatic substitution,477.4740000000002,1.2029999999999998,160.7,5,7,6,3,33,0.9646796776197736,1.0,In-domain,477.4740000000002,1.2029999999999998,160.7,5,7,6,3,33,0.15,0,3,Moderate,0.85,0.9302757743338416,Lipinski-compatible,0.9646796776197736,0.4715187535120377,1.0,0.85,0.7973274971015207,Intermediate computational priority,137
CNc1cc(F)c(C#N)c2cc(C(=O)Nc3ccc(C(=O)O)cc3CN3CCCCC3)c(=O)[nH]c12,CNc1cc(F)cc2cc(C(=O)Nc3ccc(C(=O)O)cc3CN3CCCCC3)c(=O)[nH]c12,Constrained aromatic substitution,477.4960000000005,3.516980000000002,138.32,4,6,6,3,35,0.9005874103292043,0.7222222222222222,In-domain,477.4960000000005,3.516980000000002,138.32,4,6,6,3,35,0.28,0,2,Low,0.9,0.900411187230443,Lipinski-compatible,0.9005874103292043,0.523568366576331,1.0,0.9,0.7973054741045811,Intermediate computational priority,138
CNc1cc(F)cc2cc(C(=O)Nc3ccc(C(=O)O)c(O)c3CN3CCCCC3)c(=O)[nH]c12,CNc1cc(F)cc2cc(C(=O)Nc3ccc(C(=O)O)cc3CN3CCCCC3)c(=O)[nH]c12,Constrained aromatic substitution,468.4850000000004,3.350900000000001,134.76,5,6,6,3,34,0.900416651586156,0.7352941176470589,In-domain,468.4850000000004,3.350900000000001,134.76,5,6,6,3,34,0.2916666666666667,0,2,Low,0.9,0.9002916561103091,Lipinski-compatible,0.900416651586156,0.5235211210801223,1.0,0.9,0.7972229969584992,Intermediate computational priority,139
CNc1cc(F)cc2cc(C(=O)Nc3cc(Cl)c(C(=O)O)cc3CN3CCCCC3)c(=O)[nH]c12,CNc1cc(F)cc2cc(C(=O)Nc3ccc(C(=O)O)cc3CN3CCCCC3)c(=O)[nH]c12,Constrained aromatic substitution,486.9310000000005,4.298700000000003,114.53,4,5,6,3,34,0.9120169997226948,0.7611940298507462,In-domain,486.9310000000005,4.298700000000003,114.53,4,5,6,3,34,0.2916666666666667,0,3,Moderate,0.85,0.8934118998058863,Lipinski-compatible,0.9120169997226948,0.5406493662110565,1.0,0.85,0.7970016097523949,Intermediate computational priority,140
CNc1cc(F)cc2cc(C(=O)Nc3cc(C#N)c(C(=O)O)cc3CN3CCCCC3)c(=O)[nH]c12,CNc1cc(F)cc2cc(C(=O)Nc3ccc(C(=O)O)cc3CN3CCCCC3)c(=O)[nH]c12,Constrained aromatic substitution,477.4960000000004,3.516980000000002,138.32,4,6,6,3,35,0.906893279580686,0.7285714285714285,In-domain,477.4960000000004,3.516980000000002,138.32,4,6,6,3,35,0.28,0,2,Low,0.9,0.9048252957064802,Lipinski-compatible,0.906893279580686,0.5141373214310002,1.0,0.9,0.7969985082615745,Intermediate computational priority,141
CNc1cc(F)cc2cc(C(=O)Nc3ccc(C(=O)NS(=O)(=O)N(C)C)c(Cl)c3)c(=O)[nH]c12,CNc1cc(F)cc2cc(C(=O)Nc3ccc(C(=O)NS(=O)(=O)N(C)C)cc3)c(=O)[nH]c12,Constrained aromatic substitution,495.9200000000002,2.1508,140.47,4,6,6,3,33,0.946568742065375,0.7868852459016393,In-domain,495.9200000000002,2.1508,140.47,4,6,6,3,33,0.15,0,3,Moderate,0.85,0.9175981194457624,Lipinski-compatible,0.946568742065375,0.4942091406538794,1.0,0.85,0.7968902390223138,Intermediate computational priority,142
CNc1c(C)c(F)cc2cc(C(=O)Nc3ccc(C(=O)O)cc3CNC3CCCCC3)c(=O)[nH]c12,CNc1cc(F)cc2cc(C(=O)Nc3ccc(C(=O)O)cc3CNC3CCCCC3)c(=O)[nH]c12,Constrained aromatic substitution,480.5400000000004,4.390120000000002,123.32,5,5,7,3,35,0.9245236763853054,0.7857142857142857,In-domain,480.5400000000004,4.390120000000002,123.32,5,5,7,3,35,0.3461538461538461,0,4,Moderate,0.8,0.8871665734697137,Lipinski-compatible,0.9245236763853054,0.5559262023254932,1.0,0.8,0.7965873312517702,Intermediate computational priority,143
CNc1cc(F)cc2cc(C(=O)Nc3ccc(C(=O)O)c(Cl)c3CN3CCCCC3)c(=O)[nH]c12,CNc1cc(F)cc2cc(C(=O)Nc3ccc(C(=O)O)cc3CN3CCCCC3)c(=O)[nH]c12,Constrained aromatic substitution,486.9310000000004,4.298700000000003,114.53,4,5,6,3,34,0.9056278755783638,0.7352941176470589,In-domain,486.9310000000004,4.298700000000003,114.53,4,5,6,3,34,0.2916666666666667,0,3,Moderate,0.85,0.8889395129048546,Lipinski-compatible,0.9056278755783638,0.5466963986858606,1.0,0.85,0.7962600698371037,Intermediate computational priority,144
CNc1cc(F)cc2c(C#N)c(C(=O)Nc3ccc(C(=O)NS(=O)(=O)N(C)C)cc3)c(=O)[nH]c12,CNc1cc(F)cc2cc(C(=O)Nc3ccc(C(=O)NS(=O)(=O)N(C)C)cc3)c(=O)[nH]c12,Constrained aromatic substitution,486.4850000000002,1.3690799999999996,164.26,4,7,6,3,34,0.964371667511698,0.796875,In-domain,486.4850000000002,1.3690799999999996,164.26,4,7,6,3,34,0.1428571428571428,0,3,Moderate,0.85,0.9300601672581884,Lipinski-compatible,0.964371667511698,0.4669995725865414,1.0,0.85,0.7958485387806417,Intermediate computational priority,145
CNc1cc(F)cc2cc(C(=O)Nc3ccc(C(=O)O)c(C#N)c3CNC3CCCCC3)c(=O)[nH]c12,CNc1cc(F)cc2cc(C(=O)Nc3ccc(C(=O)O)cc3CNC3CCCCC3)c(=O)[nH]c12,Constrained aromatic substitution,491.5230000000004,3.953380000000002,147.11,5,6,7,3,36,0.9271051087964848,0.7027027027027027,In-domain,491.5230000000004,3.953380000000002,147.11,5,6,7,3,36,0.3076923076923077,0,3,Moderate,0.85,0.9039735761575391,Lipinski-compatible,0.9271051087964848,0.5158957030030706,1.0,0.85,0.7956107544195151,Intermediate computational priority,146
CCCCCN(C)Cc1c(NC(=O)c2cc3cc(F)cc(NC)c3[nH]c2=O)ccc(C(=O)O)c1O,CCCCCN(C)Cc1cc(C(=O)O)ccc1NC(=O)c1cc2cc(F)cc(NC)c2[nH]c1=O,Constrained aromatic substitution,484.52800000000025,3.9870000000000014,134.76000000000002,5,6,10,3,35,0.912888483457043,0.7536231884057971,In-domain,484.52800000000025,3.9870000000000014,134.76000000000002,5,6,10,3,35,0.32,0,3,Moderate,0.85,0.89402193841993,Lipinski-compatible,0.912888483457043,0.534722191146143,1.0,0.85,0.7955720507266602,Intermediate computational priority,147
O=C1COc2cc(Cl)c(CNC3CCN(CCn4c(=O)c5nocc5c5ccc(F)cc54)CC3)nc2N1,O=C1COc2ccc(CNC3CCN(CCn4c(=O)c5nocc5c5ccc(F)cc54)CC3)nc2N1,Constrained aromatic substitution,526.9560000000002,2.9153,114.52,2,8,6,4,37,0.9522462807298064,0.881578947368421,In-domain,526.9560000000002,2.9153,114.52,2,8,6,4,37,0.36,1,3,Moderate,0.85,0.9215723965108644,One Lipinski violation,0.9522462807298064,0.4818773561653842,1.0,0.85,0.7954617191415378,Intermediate computational priority,148
CCCCCN(C)Cc1c(NC(=O)c2cc3cc(F)cc(NC)c3[nH]c2=O)ccc(C(=O)O)c1C,CCCCCN(C)Cc1cc(C(=O)O)ccc1NC(=O)c1cc2cc(F)cc(NC)c2[nH]c1=O,Constrained aromatic substitution,482.55600000000027,4.589820000000002,114.53000000000002,4,5,10,3,35,0.922215265522524,0.7536231884057971,In-domain,482.55600000000027,4.589820000000002,114.53000000000002,4,5,10,3,35,0.3461538461538461,0,4,Moderate,0.8,0.8855506858657667,Lipinski-compatible,0.922215265522524,0.55493161253113,1.0,0.8,0.7953655899683486,Intermediate computational priority,149
CNc1cc(F)cc2c(NCCN)c(C(=O)Nc3ccc(C(=O)O)cc3C)c(=O)[nH]c12,CNc1cc(F)cc2c(NCCN)c(C(=O)Nc3ccc(C(=O)O)cc3)c(=O)[nH]c12,Constrained aromatic substitution,427.43600000000015,2.33842,149.34,6,6,7,3,31,0.974458179178722,0.796875,In-domain,427.43600000000015,2.33842,149.34,6,6,7,3,31,0.1904761904761904,1,5,Moderate,0.75,0.9071207254251054,One Lipinski violation,0.974458179178722,0.518436585044266,1.0,0.75,0.7953142471847686,Intermediate computational priority,150
CCCCCN(C)Cc1cc(C(=O)O)c(C)cc1NC(=O)c1cc2cc(F)cc(NC)c2[nH]c1=O,CCCCCN(C)Cc1cc(C(=O)O)ccc1NC(=O)c1cc2cc(F)cc(NC)c2[nH]c1=O,Constrained aromatic substitution,482.5560000000002,4.589820000000002,114.53,4,5,10,3,35,0.9254301002185986,0.803030303030303,In-domain,482.5560000000002,4.589820000000002,114.53,4,5,10,3,35,0.3461538461538461,0,4,Moderate,0.8,0.887801070153019,Lipinski-compatible,0.9254301002185986,0.5504703908427292,1.0,0.8,0.7953131573402582,Intermediate computational priority,151
Cc1cc2c3conc3c(=O)n(CCN3CCC(NCc4ccc5c(n4)NC(=O)CO5)CC3)c2cc1F,O=C1COc2ccc(CNC3CCN(CCn4c(=O)c5nocc5c5ccc(F)cc54)CC3)nc2N1,Constrained aromatic substitution,506.5380000000003,2.5703200000000006,114.52,2,8,6,4,37,0.946239328964092,0.8227848101265823,In-domain,506.5380000000003,2.5703200000000006,114.52,2,8,6,4,37,0.3846153846153846,1,3,Moderate,0.85,0.9173675302748644,One Lipinski violation,0.946239328964092,0.4891457066709691,1.0,0.85,0.7952394435869276,Intermediate computational priority,152
CNc1c(C#N)c(F)cc2cc(C(=O)Nc3ccc(C(=O)O)cc3CNC3CCCCC3)c(=O)[nH]c12,CNc1cc(F)cc2cc(C(=O)Nc3ccc(C(=O)O)cc3CNC3CCCCC3)c(=O)[nH]c12,Constrained aromatic substitution,491.5230000000004,3.953380000000002,147.11,5,6,7,3,36,0.9188667210283196,0.7432432432432432,In-domain,491.5230000000004,3.953380000000002,147.11,5,6,7,3,36,0.3076923076923077,0,3,Moderate,0.85,0.8982067047198237,Lipinski-compatible,0.9188667210283196,0.5251036237951499,1.0,0.85,0.7950777755498728,Intermediate computational priority,153
CCCCCN(C)Cc1cc(C(=O)O)ccc1NC(=O)c1c(C#N)c2cc(F)cc(NC)c2[nH]c1=O,CCCCCN(C)Cc1cc(C(=O)O)ccc1NC(=O)c1cc2cc(F)cc(NC)c2[nH]c1=O,Constrained aromatic substitution,493.5390000000002,4.153080000000002,138.32,4,6,10,3,36,0.960769637079004,0.7027027027027027,In-domain,493.5390000000002,4.153080000000002,138.32,4,6,10,3,36,0.3076923076923077,0,5,Moderate,0.75,0.8975387459553027,Lipinski-compatible,0.960769637079004,0.5352382645838147,1.0,0.75,0.7948793342067461,Intermediate computational priority,154
CNc1cc(F)cc2cc(C(=O)Nc3ccc(C(=O)NS(=O)(=O)N(C)C)cc3O)c(=O)[nH]c12,CNc1cc(F)cc2cc(C(=O)Nc3ccc(C(=O)NS(=O)(=O)N(C)C)cc3)c(=O)[nH]c12,Constrained aromatic substitution,477.4740000000002,1.2029999999999994,160.7,5,7,6,3,33,0.962723417004968,0.7833333333333333,In-domain,477.4740000000002,1.2029999999999994,160.7,5,7,6,3,33,0.15,0,3,Moderate,0.85,0.9289063919034776,Lipinski-compatible,0.962723417004968,0.46523059722388144,1.0,0.85,0.7946585459691518,Intermediate computational priority,155
CNc1cc(F)cc2cc(C(=O)Nc3ccc(C(=O)NS(=O)(=O)N(C)C)cc3C#N)c(=O)[nH]c12,CNc1cc(F)cc2cc(C(=O)Nc3ccc(C(=O)NS(=O)(=O)N(C)C)cc3)c(=O)[nH]c12,Constrained aromatic substitution,486.4850000000002,1.3690799999999996,164.26,4,7,6,3,34,0.9651565556173888,0.734375,In-domain,486.4850000000002,1.3690799999999996,164.26,4,7,6,3,34,0.1428571428571428,0,3,Moderate,0.85,0.9306095889321722,Lipinski-compatible,0.9651565556173888,0.46173641469180454,1.0,0.85,0.7945835466544969,Intermediate computational priority,156
CNc1cc(F)cc2cc(C(=O)Nc3c(F)cc(C(=O)O)cc3CN(CCO)C3CCCCC3)c(=O)[nH]c12,CNc1cc(F)cc2cc(C(=O)Nc3ccc(C(=O)O)cc3CN(CCO)C3CCCCC3)c(=O)[nH]c12,Constrained aromatic substitution,528.5560000000005,3.925500000000002,134.76,5,6,9,3,38,0.9663459082686188,0.821917808219178,In-domain,528.5560000000005,3.925500000000002,134.76,5,6,9,3,38,0.3703703703703703,1,5,Moderate,0.75,0.9014421357880332,One Lipinski violation,0.9663459082686188,0.5267324379699216,1.0,0.75,0.794558094698424,Intermediate computational priority,157
CNc1cc(F)cc2cc(C(=O)Nc3c(O)cc(C(=O)O)cc3CN(C)C3CCCCC3)c(=O)[nH]c12,CNc1cc(F)cc2cc(C(=O)Nc3ccc(C(=O)O)cc3CN(C)C3CCCCC3)c(=O)[nH]c12,Constrained aromatic substitution,496.5390000000005,4.129500000000002,134.76,5,6,7,3,36,0.9371780121730284,0.8,In-domain,496.5390000000005,4.129500000000002,134.76,5,6,7,3,36,0.3461538461538461,0,4,Moderate,0.8,0.8960246085211199,Lipinski-compatible,0.9371780121730284,0.5321559089342833,1.0,0.8,0.7945179775494964,Intermediate computational priority,158
CNc1cc(F)cc2cc(C(=O)Nc3ccc(C(=O)NS(=O)(=O)N(C)C)c(O)c3)c(=O)[nH]c12,CNc1cc(F)cc2cc(C(=O)Nc3ccc(C(=O)NS(=O)(=O)N(C)C)cc3)c(=O)[nH]c12,Constrained aromatic substitution,477.4740000000002,1.2029999999999994,160.7,5,7,6,3,33,0.957315843268097,0.8,In-domain,477.4740000000002,1.2029999999999994,160.7,5,7,6,3,33,0.15,0,3,Moderate,0.85,0.925121090287668,Lipinski-compatible,0.957315843268097,0.4707251027183869,1.0,0.85,0.794143868122755,Intermediate computational priority,159
CCCCCN(C)Cc1cc(C(=O)O)cc(C#N)c1NC(=O)c1cc2cc(F)cc(NC)c2[nH]c1=O,CCCCCN(C)Cc1cc(C(=O)O)ccc1NC(=O)c1cc2cc(F)cc(NC)c2[nH]c1=O,Constrained aromatic substitution,493.5390000000002,4.153080000000002,138.32,4,6,10,3,36,0.9587304778635553,0.75,In-domain,493.5390000000002,4.153080000000002,138.32,4,6,10,3,36,0.3076923076923077,0,5,Moderate,0.75,0.8961113345044887,Lipinski-compatible,0.9587304778635553,0.5352382645838147,1.0,0.75,0.7940636705205665,Intermediate computational priority,160
O=C1COc2ccc(CNC3CCN(CCn4c(=O)c5nocc5c5cc(Cl)c(F)cc54)CC3)nc2N1,O=C1COc2ccc(CNC3CCN(CCn4c(=O)c5nocc5c5ccc(F)cc54)CC3)nc2N1,Constrained aromatic substitution,526.9560000000002,2.9153,114.52,2,8,6,4,37,0.94892964902082,0.8227848101265823,In-domain,526.9560000000002,2.9153,114.52,2,8,6,4,37,0.36,1,3,Moderate,0.85,0.919250754314574,One Lipinski violation,0.94892964902082,0.4815668453751342,1.0,0.85,0.7940419132208683,Intermediate computational priority,161
CNc1cc(F)cc2cc(C(=O)Nc3cc(C#N)c(C(=O)O)cc3CNC3CCCCC3)c(=O)[nH]c12,CNc1cc(F)cc2cc(C(=O)Nc3ccc(C(=O)O)cc3CNC3CCCCC3)c(=O)[nH]c12,Constrained aromatic substitution,491.5230000000004,3.953380000000002,147.11,5,6,7,3,36,0.9267353660094332,0.7361111111111112,In-domain,491.5230000000004,3.953380000000002,147.11,5,6,7,3,36,0.3076923076923077,0,3,Moderate,0.85,0.9037147562066032,Lipinski-compatible,0.9267353660094332,0.5108957030030707,1.0,0.85,0.7939628573046945,Intermediate computational priority,162
CNc1cc(F)cc2cc(C(=O)Nc3ccc(C(=O)O)c(C)c3CNC3CCCCC3)c(=O)[nH]c12,CNc1cc(F)cc2cc(C(=O)Nc3ccc(C(=O)O)cc3CNC3CCCCC3)c(=O)[nH]c12,Constrained aromatic substitution,480.5400000000004,4.390120000000002,123.32,5,5,7,3,35,0.9250844169721408,0.7428571428571429,In-domain,480.5400000000004,4.390120000000002,123.32,5,5,7,3,35,0.3461538461538461,0,4,Moderate,0.8,0.8875590918804985,Lipinski-compatible,0.9250844169721408,0.5463319040798791,1.0,0.8,0.7939333380128201,Intermediate computational priority,163
O=C1COc2ccc(CNC3CCN(CCn4c(=O)c5nocc5c5c(Cl)cc(F)cc54)CC3)nc2N1,O=C1COc2ccc(CNC3CCN(CCn4c(=O)c5nocc5c5ccc(F)cc54)CC3)nc2N1,Constrained aromatic substitution,526.9560000000002,2.9153,114.52,2,8,6,4,37,0.9484207180834467,0.8227848101265823,In-domain,526.9560000000002,2.9153,114.52,2,8,6,4,37,0.36,1,3,Moderate,0.85,0.9188945026584128,One Lipinski violation,0.9484207180834467,0.4815668453751342,1.0,0.85,0.793838340845919,Intermediate computational priority,164
CNc1cc(F)cc2cc(C(=O)Nc3cc(C)c(C(=O)O)cc3CNC3CCCCC3)c(=O)[nH]c12,CNc1cc(F)cc2cc(C(=O)Nc3ccc(C(=O)O)cc3CNC3CCCCC3)c(=O)[nH]c12,Constrained aromatic substitution,480.5400000000004,4.390120000000002,123.32,5,5,7,3,35,0.9276620463357704,0.7910447761194029,In-domain,480.5400000000004,4.390120000000002,123.32,5,5,7,3,35,0.3461538461538461,0,4,Moderate,0.8,0.8893634324350392,Lipinski-compatible,0.9276620463357704,0.5418526207652095,1.0,0.8,0.793620604763871,Intermediate computational priority,165
CNc1cc(F)c(Cl)c2cc(C(=O)Nc3cnc(C(=O)O)nc3)c(=O)[nH]c12,CNc1cc(F)cc2cc(C(=O)Nc3cnc(C(=O)O)nc3)c(=O)[nH]c12,Constrained aromatic substitution,391.74600000000015,2.1028,137.07,4,6,4,3,27,0.8745815986233548,0.6896551724137931,In-domain,391.74600000000015,2.1028,137.07,4,6,4,3,27,0.0625,0,1,Low,0.95,0.8972071190363484,Lipinski-compatible,0.8745815986233548,0.5117362084495349,1.0,0.95,0.7933535019842023,Intermediate computational priority,166
CCCCCN(C)Cc1c(NC(=O)c2cc3cc(F)cc(NC)c3[nH]c2=O)ccc(C(=O)O)c1F,CCCCCN(C)Cc1cc(C(=O)O)ccc1NC(=O)c1cc2cc(F)cc(NC)c2[nH]c1=O,Constrained aromatic substitution,486.5190000000002,4.420500000000002,114.53000000000002,4,5,10,3,35,0.9169144335950876,0.7878787878787878,In-domain,486.5190000000002,4.420500000000002,114.53000000000002,4,5,10,3,35,0.32,0,4,Moderate,0.8,0.8818401035165613,Lipinski-compatible,0.9169144335950876,0.5536266169139764,1.0,0.8,0.792853758512228,Intermediate computational priority,167
Cc1c(F)ccc2c3conc3c(=O)n(CCN3CCC(NCc4ccc5c(n4)NC(=O)CO5)CC3)c12,O=C1COc2ccc(CNC3CCN(CCn4c(=O)c5nocc5c5ccc(F)cc54)CC3)nc2N1,Constrained aromatic substitution,506.5380000000004,2.5703200000000006,114.52,2,8,6,4,37,0.939932058584683,0.7654320987654321,In-domain,506.5380000000004,2.5703200000000006,114.52,2,8,6,4,37,0.3846153846153846,1,3,Moderate,0.85,0.912952441009278,One Lipinski violation,0.939932058584683,0.48954789457315695,1.0,0.85,0.7928371918058204,Intermediate computational priority,168
CNc1cc(F)cc2cc(C(=O)Nc3ccc(C(=O)O)c(F)c3CNC3CCCCC3)c(=O)[nH]c12,CNc1cc(F)cc2cc(C(=O)Nc3ccc(C(=O)O)cc3CNC3CCCCC3)c(=O)[nH]c12,Constrained aromatic substitution,484.5030000000004,4.220800000000002,123.32,5,5,7,3,35,0.9272722784035208,0.7647058823529411,In-domain,484.5030000000004,4.220800000000002,123.32,5,5,7,3,35,0.32,0,4,Moderate,0.8,0.8890905948824644,Lipinski-compatible,0.9272722784035208,0.5396383712561246,1.0,0.8,0.7928004227382457,Intermediate computational priority,169
O=C1COc2ccc(CNC3CCN(CCn4c(=O)c5nocc5c5ccc(F)c(Cl)c54)CC3)nc2N1,O=C1COc2ccc(CNC3CCN(CCn4c(=O)c5nocc5c5ccc(F)cc54)CC3)nc2N1,Constrained aromatic substitution,526.9560000000002,2.9153,114.52,2,8,6,4,37,0.9454068688992034,0.7654320987654321,In-domain,526.9560000000002,2.9153,114.52,2,8,6,4,37,0.36,1,3,Moderate,0.85,0.9167848082294424,One Lipinski violation,0.9454068688992034,0.4818773561653842,1.0,0.85,0.7927259544092966,Intermediate computational priority,170
Cc1cc(F)cc2c1c1conc1c(=O)n2CCN1CCC(NCc2ccc3c(n2)NC(=O)CO3)CC1,O=C1COc2ccc(CNC3CCN(CCn4c(=O)c5nocc5c5ccc(F)cc54)CC3)nc2N1,Constrained aromatic substitution,506.5380000000004,2.5703200000000006,114.52,2,8,6,4,37,0.9395559967181394,0.8227848101265823,In-domain,506.5380000000004,2.5703200000000006,114.52,2,8,6,4,37,0.3846153846153846,1,3,Moderate,0.85,0.9126891977026976,One Lipinski violation,0.9395559967181394,0.4891457066709691,1.0,0.85,0.7925661106885465,Intermediate computational priority,171
CNc1cc(F)cc2c(NCC3CNC3)c(C(=O)Nc3ccc(C(=O)O)cc3C)c(=O)[nH]c12,CNc1cc(F)cc2c(NCC3CNC3)c(C(=O)Nc3ccc(C(=O)O)cc3)c(=O)[nH]c12,Constrained aromatic substitution,453.47400000000016,2.59912,135.35,6,6,7,3,33,0.963297750040192,0.8088235294117647,In-domain,453.47400000000016,2.59912,135.35,6,6,7,3,33,0.2608695652173913,1,5,Moderate,0.75,0.8993084250281344,One Lipinski violation,0.963297750040192,0.5232491558058212,1.0,0.75,0.7922938467578232,Intermediate computational priority,172
CNc1cc(F)c(C)c2cc(C(=O)Nc3cnc(C(=O)O)nc3)c(=O)[nH]c12,CNc1cc(F)cc2cc(C(=O)Nc3cnc(C(=O)O)nc3)c(=O)[nH]c12,Constrained aromatic substitution,371.32800000000015,1.7578199999999995,137.07,4,6,4,3,27,0.8705496384922827,0.7017543859649122,In-domain,371.32800000000015,1.7578199999999995,137.07,4,6,4,3,27,0.1176470588235294,0,1,Low,0.95,0.8943847469445978,Lipinski-compatible,0.8705496384922827,0.5118788820857462,1.0,0.95,0.791783520022637,Intermediate computational priority,173
O=C1COc2ccc(CNC3CCN(CCn4c(=O)c5nocc5c5ccc(F)c(F)c54)CC3)nc2N1,O=C1COc2ccc(CNC3CCN(CCn4c(=O)c5nocc5c5ccc(F)cc54)CC3)nc2N1,Constrained aromatic substitution,510.5010000000002,2.401,114.52,2,8,6,4,37,0.9461248670093722,0.7848101265822784,In-domain,510.5010000000002,2.401,114.52,2,8,6,4,37,0.36,1,3,Moderate,0.85,0.9172874069065604,One Lipinski violation,0.9461248670093722,0.47748470127292164,1.0,0.85,0.7916953571856253,Intermediate computational priority,174
CNc1cc(F)cc2c(F)c(C(=O)Nc3ccc(C(=O)O)cc3CN(CCO)C3CCCCC3)c(=O)[nH]c12,CNc1cc(F)cc2cc(C(=O)Nc3ccc(C(=O)O)cc3CN(CCO)C3CCCCC3)c(=O)[nH]c12,Constrained aromatic substitution,528.5560000000005,3.925500000000002,134.76,5,6,9,3,38,0.9586579210040936,0.7733333333333333,In-domain,528.5560000000005,3.925500000000002,134.76,5,6,9,3,38,0.3703703703703703,1,5,Moderate,0.75,0.8960605447028654,One Lipinski violation,0.9586579210040936,0.5267324379699216,1.0,0.75,0.791482899792614,Intermediate computational priority,175
O=C1COc2ccc(CNC3CCN(CCn4c(=O)c5ncoc5c5c(F)cc(F)cc54)CC3)nc2N1,O=C1COc2ccc(CNC3CCN(CCn4c(=O)c5ncoc5c5ccc(F)cc54)CC3)nc2N1,Constrained aromatic substitution,510.5010000000002,2.401,114.52,2,8,6,4,37,0.9451232568872124,0.8333333333333334,In-domain,510.5010000000002,2.401,114.52,2,8,6,4,37,0.36,1,3,Moderate,0.85,0.9165862798210488,One Lipinski violation,0.9451232568872124,0.47748470127292164,1.0,0.85,0.7912947131367616,Intermediate computational priority,176
CNc1cc(F)cc2c(NCCN)c(C(=O)Nc3ccc(C(=O)O)cc3Cl)c(=O)[nH]c12,CNc1cc(F)cc2c(NCCN)c(C(=O)Nc3ccc(C(=O)O)cc3)c(=O)[nH]c12,Constrained aromatic substitution,447.85400000000016,2.6834,149.34,6,6,7,3,31,0.9681071555365424,0.7846153846153846,In-domain,447.85400000000016,2.6834,149.34,6,6,7,3,31,0.15,1,5,Moderate,0.75,0.9026750088755796,One Lipinski violation,0.9681071555365424,0.5127722717850047,1.0,0.75,0.7910745437501183,Intermediate computational priority,177
O=C1COc2c(F)cc(CNC3CCN(CCn4c(=O)c5nocc5c5ccc(F)cc54)CC3)nc2N1,O=C1COc2ccc(CNC3CCN(CCn4c(=O)c5nocc5c5ccc(F)cc54)CC3)nc2N1,Constrained aromatic substitution,510.50100000000026,2.401,114.52,2,8,6,4,37,0.9443208957970696,0.8181818181818182,In-domain,510.50100000000026,2.401,114.52,2,8,6,4,37,0.36,1,3,Moderate,0.85,0.9160246270579486,One Lipinski violation,0.9443208957970696,0.477812301600522,1.0,0.85,0.7910720487989844,Intermediate computational priority,178
CNc1c(F)c(F)cc2cc(C(=O)Nc3ccc(C(=O)O)cc3CNC3CCCCC3)c(=O)[nH]c12,CNc1cc(F)cc2cc(C(=O)Nc3ccc(C(=O)O)cc3CNC3CCCCC3)c(=O)[nH]c12,Constrained aromatic substitution,484.5030000000004,4.220800000000001,123.32,5,5,7,3,35,0.9154457577366704,0.7971014492753623,In-domain,484.5030000000004,4.220800000000001,123.32,5,5,7,3,35,0.32,0,4,Moderate,0.8,0.8808120304156692,Lipinski-compatible,0.9154457577366704,0.5485036194830749,1.0,0.8,0.7907293889395907,Intermediate computational priority,179
CNc1cc(F)cc2c(NCC3CNC3)c(C(=O)Nc3ccc(C(=O)O)cc3Cl)c(=O)[nH]c12,CNc1cc(F)cc2c(NCC3CNC3)c(C(=O)Nc3ccc(C(=O)O)cc3)c(=O)[nH]c12,Constrained aromatic substitution,473.89200000000017,2.9441000000000006,135.35,6,6,7,3,33,0.9630626973076136,0.7971014492753623,In-domain,473.89200000000017,2.9441000000000006,135.35,6,6,7,3,33,0.2272727272727272,1,5,Moderate,0.75,0.8991438881153295,One Lipinski violation,0.9630626973076136,0.5181358373355994,1.0,0.75,0.7906658301237253,Intermediate computational priority,180
O=C1COc2ccc(CNC3CCN(CCn4c(=O)c5nocc5c5cc(F)c(F)cc54)CC3)nc2N1,O=C1COc2ccc(CNC3CCN(CCn4c(=O)c5nocc5c5ccc(F)cc54)CC3)nc2N1,Constrained aromatic substitution,510.5010000000002,2.401,114.52,2,8,6,4,37,0.9430940532136586,0.8666666666666667,In-domain,510.5010000000002,2.401,114.52,2,8,6,4,37,0.36,1,3,Moderate,0.85,0.915165837249561,One Lipinski violation,0.9430940532136586,0.477812301600522,1.0,0.85,0.7905813117656201,Intermediate computational priority,181
CNc1cc(F)cc2cc(C(=O)Nc3ccc(C(=O)NS(=O)(=O)N(C)C)c(C#N)c3)c(=O)[nH]c12,CNc1cc(F)cc2cc(C(=O)Nc3ccc(C(=O)NS(=O)(=O)N(C)C)cc3)c(=O)[nH]c12,Constrained aromatic substitution,486.4850000000002,1.3690799999999996,164.26,4,7,6,3,34,0.950997639623482,0.75,In-domain,486.4850000000002,1.3690799999999996,164.26,4,7,6,3,34,0.1428571428571428,0,3,Moderate,0.85,0.9206983477364374,Lipinski-compatible,0.950997639623482,0.4669995725865414,1.0,0.85,0.7904989276253552,Intermediate computational priority,182
Cc1nc2c(=O)n(CCN3CCC(NCc4ccc5c(n4)NC(=O)CO5)CC3)c3cc(F)ccc3c2o1,O=C1COc2ccc(CNC3CCN(CCn4c(=O)c5ncoc5c5ccc(F)cc54)CC3)nc2N1,Constrained aromatic substitution,506.5380000000004,2.57032,114.52,2,8,6,4,37,0.934077883841883,0.7901234567901234,In-domain,506.5380000000004,2.57032,114.52,2,8,6,4,37,0.3846153846153846,1,3,Moderate,0.85,0.908854518689318,One Lipinski violation,0.934077883841883,0.48954789457315695,1.0,0.85,0.7904955219087003,Intermediate computational priority,183
CNc1cc(F)c(O)c2cc(C(=O)Nc3ccc(C(=O)O)cc3CN(C)C3CCCCC3)c(=O)[nH]c12,CNc1cc(F)cc2cc(C(=O)Nc3ccc(C(=O)O)cc3CN(C)C3CCCCC3)c(=O)[nH]c12,Constrained aromatic substitution,496.5390000000005,4.129500000000002,134.76,5,6,7,3,36,0.926369935349614,0.7857142857142857,In-domain,496.5390000000005,4.129500000000002,134.76,5,6,7,3,36,0.3461538461538461,0,4,Moderate,0.8,0.8884589547447297,Lipinski-compatible,0.926369935349614,0.5329448843182513,1.0,0.8,0.790431439435321,Intermediate computational priority,184
Cc1cc(CNC2CCN(CCn3c(=O)c4nocc4c4ccc(F)cc43)CC2)nc2c1OCC(=O)N2,O=C1COc2ccc(CNC3CCN(CCn4c(=O)c5nocc5c5ccc(F)cc54)CC3)nc2N1,Constrained aromatic substitution,506.5380000000003,2.57032,114.52,2,8,6,4,37,0.933744994436721,0.7875,In-domain,506.5380000000003,2.57032,114.52,2,8,6,4,37,0.3846153846153846,1,3,Moderate,0.85,0.9086214961057046,One Lipinski violation,0.933744994436721,0.48954789457315695,1.0,0.85,0.7903623661466355,Intermediate computational priority,185
CNc1cc(F)cc2cc(C(=O)Nc3cc(O)c(C(=O)O)cc3CN(C)C3CCCCC3)c(=O)[nH]c12,CNc1cc(F)cc2cc(C(=O)Nc3ccc(C(=O)O)cc3CN(C)C3CCCCC3)c(=O)[nH]c12,Constrained aromatic substitution,496.5390000000005,4.129500000000003,134.76,5,6,7,3,36,0.9339535414867244,0.7971014492753623,In-domain,496.5390000000005,4.129500000000003,134.76,5,6,7,3,36,0.3461538461538461,0,4,Moderate,0.8,0.893767479040707,Lipinski-compatible,0.9339535414867244,0.5219518273016303,1.0,0.8,0.7901669647851789,Intermediate computational priority,186
O=C1COc2cc(F)c(CNC3CCN(CCn4c(=O)c5nocc5c5ncccc54)CC3)nc2N1,O=C1COc2ccc(CNC3CCN(CCn4c(=O)c5nocc5c5ncccc54)CC3)nc2N1,Constrained aromatic substitution,493.49900000000025,1.656899999999999,127.41,2,9,6,4,36,0.9297060087643824,0.7974683544303798,In-domain,493.49900000000025,1.656899999999999,127.41,2,9,6,4,36,0.375,0,2,Low,0.9,0.9207942061350676,Lipinski-compatible,0.9297060087643824,0.4607673866655956,1.0,0.9,0.7901126195054317,Intermediate computational priority,187
Cc1c(F)ccc2c3conc3c(=O)n(CCN3CCC(NCc4nc5c(cc4F)OCC(=O)N5)CC3)c12,O=C1COc2cc(F)c(CNC3CCN(CCn4c(=O)c5nocc5c5ccc(F)cc54)CC3)nc2N1,Constrained aromatic substitution,524.5280000000002,2.7094200000000006,114.52,2,8,6,4,38,0.933418541052934,0.7875,In-domain,524.5280000000002,2.7094200000000006,114.52,2,8,6,4,38,0.3846153846153846,1,3,Moderate,0.85,0.9083929787370536,One Lipinski violation,0.933418541052934,0.48858492012752897,1.0,0.85,0.7899428924594323,Intermediate computational priority,188
CNc1cc(F)c(C)c2cc(C(=O)Nc3ccc(C(=O)NS(=O)(=O)N(C)C)cc3)c(=O)[nH]c12,CNc1cc(F)cc2cc(C(=O)Nc3ccc(C(=O)NS(=O)(=O)N(C)C)cc3)c(=O)[nH]c12,Constrained aromatic substitution,475.5020000000002,1.80582,140.47,4,6,6,3,33,0.923698325341863,0.7540983606557377,In-domain,475.5020000000002,1.80582,140.47,4,6,6,3,33,0.1904761904761904,0,3,Moderate,0.85,0.901588827739304,Lipinski-compatible,0.923698325341863,0.5002078602726692,1.0,0.85,0.789541688218546,Intermediate computational priority,189
CNc1c(O)c(F)cc2cc(C(=O)Nc3ccc(C(=O)O)cc3CN(C)C3CCCCC3)c(=O)[nH]c12,CNc1cc(F)cc2cc(C(=O)Nc3ccc(C(=O)O)cc3CN(C)C3CCCCC3)c(=O)[nH]c12,Constrained aromatic substitution,496.5390000000005,4.129500000000002,134.76,5,6,7,3,36,0.920031970889517,0.8,In-domain,496.5390000000005,4.129500000000002,134.76,5,6,7,3,36,0.3461538461538461,0,4,Moderate,0.8,0.8840223796226618,Lipinski-compatible,0.920031970889517,0.538099523493509,1.0,0.8,0.7894426454038596,Intermediate computational priority,190
CNc1cc(F)cc2c(NCCN)c(C(=O)Nc3ccc(C(=O)O)cc3F)c(=O)[nH]c12,CNc1cc(F)cc2c(NCCN)c(C(=O)Nc3ccc(C(=O)O)cc3)c(=O)[nH]c12,Constrained aromatic substitution,431.3990000000001,2.1691000000000003,149.34,6,6,7,3,31,0.9651074843733596,0.8225806451612904,In-domain,431.3990000000001,2.1691000000000003,149.34,6,6,7,3,31,0.15,1,5,Moderate,0.75,0.9005752390613516,One Lipinski violation,0.9651074843733596,0.5104299829880126,1.0,0.75,0.7891719886457477,Intermediate computational priority,191
Cc1cc(F)cc2c1c1ocnc1c(=O)n2CCN1CCC(NCc2ccc3c(n2)NC(=O)CO3)CC1,O=C1COc2ccc(CNC3CCN(CCn4c(=O)c5ncoc5c5ccc(F)cc54)CC3)nc2N1,Constrained aromatic substitution,506.5380000000004,2.5703200000000006,114.52,2,8,6,4,37,0.9306175955362912,0.8024691358024691,In-domain,506.5380000000004,2.5703200000000006,114.52,2,8,6,4,37,0.3846153846153846,1,3,Moderate,0.85,0.9064323168754038,One Lipinski violation,0.9306175955362912,0.4891457066709691,1.0,0.85,0.7889907502158072,Intermediate computational priority,192
O=C1COc2cc(F)c(CNC3CCN(CCn4c(=O)c5nocc5c5ccc(F)c(Cl)c54)CC3)nc2N1,O=C1COc2cc(F)c(CNC3CCN(CCn4c(=O)c5nocc5c5ccc(F)cc54)CC3)nc2N1,Constrained aromatic substitution,544.9460000000003,3.054400000000001,114.52,2,8,6,4,38,0.9363982650265,0.7875,In-domain,544.9460000000003,3.054400000000001,114.52,2,8,6,4,38,0.36,1,3,Moderate,0.85,0.91047878551855,One Lipinski violation,0.9363982650265,0.4809143817197562,1.0,0.85,0.788833620526527,Intermediate computational priority,193
CNc1cc(F)c(F)c2cc(C(=O)Nc3cnc(C(=O)O)nc3)c(=O)[nH]c12,CNc1cc(F)cc2cc(C(=O)Nc3cnc(C(=O)O)nc3)c(=O)[nH]c12,Constrained aromatic substitution,375.2910000000001,1.5884999999999991,137.07,4,6,4,3,27,0.8691617617053891,0.7142857142857143,In-domain,375.2910000000001,1.5884999999999991,137.07,4,6,4,3,27,0.0625,0,1,Low,0.95,0.8934132331937723,Lipinski-compatible,0.8691617617053891,0.5038037527256689,1.0,0.95,0.7888058304998563,Intermediate computational priority,194
CNc1cc(F)c(C)c2cc(C(=O)Nc3ccc(C(=O)O)cc3CNC3CCCCC3)c(=O)[nH]c12,CNc1cc(F)cc2cc(C(=O)Nc3ccc(C(=O)O)cc3CNC3CCCCC3)c(=O)[nH]c12,Constrained aromatic substitution,480.5400000000004,4.390120000000002,123.32,5,5,7,3,35,0.9073226008044682,0.7714285714285715,In-domain,480.5400000000004,4.390120000000002,123.32,5,5,7,3,35,0.3461538461538461,0,4,Moderate,0.8,0.8751258205631277,Lipinski-compatible,0.9073226008044682,0.5507178689921597,1.0,0.8,0.7881444010194352,Intermediate computational priority,195
Cc1cc2c(nc1CNC1CCN(CCn3c(=O)c4nocc4c4ncccc43)CC1)NC(=O)CO2,O=C1COc2ccc(CNC3CCN(CCn4c(=O)c5nocc5c5ncccc54)CC3)nc2N1,Constrained aromatic substitution,489.5360000000003,1.8262199999999995,127.41,2,9,6,4,36,0.9155392096958846,0.7777777777777778,In-domain,489.5360000000003,1.8262199999999995,127.41,2,9,6,4,36,0.4,0,2,Low,0.9,0.9108774467871192,Lipinski-compatible,0.9155392096958846,0.4729112652524438,1.0,0.9,0.7880890634540871,Intermediate computational priority,196
O=C1COc2cc(F)c(CNC3CCN(CCn4c(=O)c5nocc5c5c(F)cc(F)cc54)CC3)nc2N1,O=C1COc2cc(F)c(CNC3CCN(CCn4c(=O)c5nocc5c5ccc(F)cc54)CC3)nc2N1,Constrained aromatic substitution,528.4910000000002,2.5401,114.52,2,8,6,4,38,0.9405019749937168,0.8421052631578947,In-domain,528.4910000000002,2.5401,114.52,2,8,6,4,38,0.36,1,3,Moderate,0.85,0.9133513824956018,One Lipinski violation,0.9405019749937168,0.4720172223227892,1.0,0.85,0.7878059566943235,Intermediate computational priority,197
CCCCCN(C)Cc1cc(C(=O)O)c(F)cc1NC(=O)c1cc2cc(F)cc(NC)c2[nH]c1=O,CCCCCN(C)Cc1cc(C(=O)O)ccc1NC(=O)c1cc2cc(F)cc(NC)c2[nH]c1=O,Constrained aromatic substitution,486.5190000000002,4.420500000000002,114.53,4,5,10,3,35,0.909536326754134,0.803030303030303,In-domain,486.5190000000002,4.420500000000002,114.53,4,5,10,3,35,0.32,0,4,Moderate,0.8,0.8766754287278937,Lipinski-compatible,0.909536326754134,0.5465729628899246,1.0,0.8,0.787786419568631,Intermediate computational priority,198
O=C1COc2cc(F)c(CNC3CCN(CCn4c(=O)c5nocc5c5ccc(F)c(F)c54)CC3)nc2N1,O=C1COc2cc(F)c(CNC3CCN(CCn4c(=O)c5nocc5c5ccc(F)cc54)CC3)nc2N1,Constrained aromatic substitution,528.4910000000002,2.5401,114.52,2,8,6,4,38,0.9364258164386388,0.8076923076923077,In-domain,528.4910000000002,2.5401,114.52,2,8,6,4,38,0.36,1,3,Moderate,0.85,0.9104980715070472,One Lipinski violation,0.9364258164386388,0.47652172682729366,1.0,0.85,0.7875268446236436,Intermediate computational priority,199
CNc1cc(F)c(C#N)c2cc(C(=O)Nc3ccc(C(=O)O)cc3CNC3CCCCC3)c(=O)[nH]c12,CNc1cc(F)cc2cc(C(=O)Nc3ccc(C(=O)O)cc3CNC3CCCCC3)c(=O)[nH]c12,Constrained aromatic substitution,491.5230000000004,3.953380000000002,147.11,5,6,7,3,36,0.9034257434417524,0.7297297297297297,In-domain,491.5230000000004,3.953380000000002,147.11,5,6,7,3,36,0.3076923076923077,0,3,Moderate,0.85,0.8873980204092267,Lipinski-compatible,0.9034257434417524,0.5201531287456449,1.0,0.85,0.7874162360003945,Intermediate computational priority,200
O=C1COc2c(Cl)cc(CNC3CCN(CCn4c(=O)c5nocc5c5ccc(F)cc54)CC3)nc2N1,O=C1COc2ccc(CNC3CCN(CCn4c(=O)c5nocc5c5ccc(F)cc54)CC3)nc2N1,Constrained aromatic substitution,526.9560000000002,2.9153,114.52,2,8,6,4,37,0.9309674477862242,0.7974683544303798,In-domain,526.9560000000002,2.9153,114.52,2,8,6,4,37,0.36,1,3,Moderate,0.85,0.9066772134503568,One Lipinski violation,0.9309674477862242,0.4821934117911743,1.0,0.85,0.7870450026518421,Intermediate computational priority,201
O=C1COc2c(nc(CNC3CCN(CCn4c(=O)c5nocc5c5ccc(F)cc54)CC3)c(F)c2Cl)N1,O=C1COc2cc(F)c(CNC3CCN(CCn4c(=O)c5nocc5c5ccc(F)cc54)CC3)nc2N1,Constrained aromatic substitution,544.9460000000003,3.054400000000001,114.52,2,8,6,4,38,0.9316109205962688,0.7777777777777778,In-domain,544.9460000000003,3.054400000000001,114.52,2,8,6,4,38,0.36,1,3,Moderate,0.85,0.907127644417388,One Lipinski violation,0.9316109205962688,0.4806038709295063,1.0,0.85,0.7868255295173594,Intermediate computational priority,202
CNc1cc(F)cc2cc(C(=O)Nc3ccc(C(=O)O)c(O)c3CN(C)C3CCCCC3)c(=O)[nH]c12,CNc1cc(F)cc2cc(C(=O)Nc3ccc(C(=O)O)cc3CN(C)C3CCCCC3)c(=O)[nH]c12,Constrained aromatic substitution,496.5390000000005,4.129500000000003,134.76,5,6,7,3,36,0.9213867323783352,0.7605633802816901,In-domain,496.5390000000005,4.129500000000003,134.76,5,6,7,3,36,0.3461538461538461,0,4,Moderate,0.8,0.8849707126648346,Lipinski-compatible,0.9213867323783352,0.5270538681179567,1.0,0.8,0.7866708533867212,Intermediate computational priority,203
CNc1c(Cl)c(F)cc2cc(C(=O)Nc3cnc(C(=O)O)nc3)c(=O)[nH]c12,CNc1cc(F)cc2cc(C(=O)Nc3cnc(C(=O)O)nc3)c(=O)[nH]c12,Constrained aromatic substitution,391.74600000000015,2.1028,137.07,4,6,4,3,27,0.852887773857487,0.6896551724137931,In-domain,391.74600000000015,2.1028,137.07,4,6,4,3,27,0.0625,0,1,Low,0.95,0.8820214417002408,Lipinski-compatible,0.852887773857487,0.5183520865569928,1.0,0.95,0.7866607355100926,Intermediate computational priority,204
O=C1COc2ccc(CNC3CCN(CCn4c(=O)c5nc(F)oc5c5ccc(F)cc54)CC3)nc2N1,O=C1COc2ccc(CNC3CCN(CCn4c(=O)c5ncoc5c5ccc(F)cc54)CC3)nc2N1,Constrained aromatic substitution,510.5010000000002,2.401,114.52,2,8,6,4,37,0.9332741776798236,0.810126582278481,In-domain,510.5010000000002,2.401,114.52,2,8,6,4,37,0.36,1,3,Moderate,0.85,0.9082919243758764,One Lipinski violation,0.9332741776798236,0.47748470127292164,1.0,0.85,0.786555081453806,Intermediate computational priority,205
O=C1COc2c(F)cc(CNC3CCN(CCn4c(=O)c5nocc5c5ncccc54)CC3)nc2N1,O=C1COc2ccc(CNC3CCN(CCn4c(=O)c5nocc5c5ncccc54)CC3)nc2N1,Constrained aromatic substitution,493.49900000000025,1.656899999999999,127.41,2,9,6,4,36,0.920771022633087,0.7974683544303798,In-domain,493.49900000000025,1.656899999999999,127.41,2,9,6,4,36,0.375,0,2,Low,0.9,0.9145397158431608,Lipinski-compatible,0.920771022633087,0.4607673866655956,1.0,0.9,0.7865386250529135,Intermediate computational priority,206
CNc1cc(F)c(Cl)c2cc(C(=O)Nc3ccc(C(=O)NS(=O)(=O)N(C)C)cc3)c(=O)[nH]c12,CNc1cc(F)cc2cc(C(=O)Nc3ccc(C(=O)NS(=O)(=O)N(C)C)cc3)c(=O)[nH]c12,Constrained aromatic substitution,495.9200000000002,2.1507999999999994,140.47,4,6,6,3,33,0.9206748227380224,0.7301587301587301,In-domain,495.9200000000002,2.1507999999999994,140.47,4,6,6,3,33,0.15,0,3,Moderate,0.85,0.8994723759166157,Lipinski-compatible,0.9206748227380224,0.49420914065387933,1.0,0.85,0.7865326712913727,Intermediate computational priority,207
O=C1COc2ccc(CNC3CCN(CCn4c(=O)c5ncoc5c5c(Cl)cc(F)cc54)CC3)nc2N1,O=C1COc2ccc(CNC3CCN(CCn4c(=O)c5ncoc5c5ccc(F)cc54)CC3)nc2N1,Constrained aromatic substitution,526.9560000000002,2.9153,114.52,2,8,6,4,37,0.9301124142333675,0.8024691358024691,In-domain,526.9560000000002,2.9153,114.52,2,8,6,4,37,0.36,1,3,Moderate,0.85,0.9060786899633572,One Lipinski violation,0.9301124142333675,0.4815668453751342,1.0,0.85,0.7865150193058873,Intermediate computational priority,208
CNc1cc(F)c(F)c2cc(C(=O)Nc3ccc(C(=O)NS(=O)(=O)N(C)C)cc3)c(=O)[nH]c12,CNc1cc(F)cc2cc(C(=O)Nc3ccc(C(=O)NS(=O)(=O)N(C)C)cc3)c(=O)[nH]c12,Constrained aromatic substitution,479.4650000000002,1.6364999999999994,140.47,4,6,6,3,33,0.9228233558453228,0.7540983606557377,In-domain,479.4650000000002,1.6364999999999994,140.47,4,6,6,3,33,0.15,0,3,Moderate,0.85,0.900976349091726,Lipinski-compatible,0.9228233558453228,0.4907487281230551,1.0,0.85,0.7863539607750457,Intermediate computational priority,209
O=C1COc2c(nc(CNC3CCN(CCn4c(=O)c5nocc5c5ccc(F)cc54)CC3)c(F)c2F)N1,O=C1COc2cc(F)c(CNC3CCN(CCn4c(=O)c5nocc5c5ccc(F)cc54)CC3)nc2N1,Constrained aromatic substitution,528.4910000000002,2.5401,114.52,2,8,6,4,38,0.9331393553432236,0.8076923076923077,In-domain,528.4910000000002,2.5401,114.52,2,8,6,4,38,0.36,1,3,Moderate,0.85,0.9081975487402564,One Lipinski violation,0.9331393553432236,0.47652172682729366,1.0,0.85,0.7862122601854775,Intermediate computational priority,210
CNc1cc(F)cc2c(NCC3CNC3)c(C(=O)Nc3ccc(C(=O)O)cc3F)c(=O)[nH]c12,CNc1cc(F)cc2c(NCC3CNC3)c(C(=O)Nc3ccc(C(=O)O)cc3)c(=O)[nH]c12,Constrained aromatic substitution,457.4370000000001,2.4298,135.35,6,6,7,3,33,0.953779717342236,0.8208955223880597,In-domain,457.4370000000001,2.4297999999999997,135.35,6,6,7,3,33,0.2272727272727272,1,5,Moderate,0.75,0.8926458021395651,One Lipinski violation,0.953779717342236,0.514733157287783,1.0,0.75,0.7859318341232293,Intermediate computational priority,211
CNc1cc(F)cc2c(C#N)c(C(=O)Nc3cnc(C(=O)O)nc3)c(=O)[nH]c12,CNc1cc(F)cc2cc(C(=O)Nc3cnc(C(=O)O)nc3)c(=O)[nH]c12,Constrained aromatic substitution,382.3110000000001,1.3210799999999998,160.86,4,7,4,3,28,0.9033254316746864,0.6290322580645161,In-domain,382.3110000000001,1.3210799999999998,160.86,4,7,4,3,28,0.0588235294117647,0,2,Low,0.9,0.9023278021722804,Lipinski-compatible,0.9033254316746864,0.48199210210172794,1.0,0.9,0.7859278033003929,Intermediate computational priority,212
CNc1cc(F)cc2cc(C(=O)Nc3cc(F)c(C(=O)O)cc3CNC3CCCCC3)c(=O)[nH]c12,CNc1cc(F)cc2cc(C(=O)Nc3ccc(C(=O)O)cc3CNC3CCCCC3)c(=O)[nH]c12,Constrained aromatic substitution,484.5030000000004,4.220800000000002,123.32,5,5,7,3,35,0.9146172228942042,0.7910447761194029,In-domain,484.5030000000004,4.220800000000002,123.32,5,5,7,3,35,0.32,0,4,Moderate,0.8,0.8802320560259429,Lipinski-compatible,0.9146172228942042,0.5335913387813206,1.0,0.8,0.7859242907920779,Intermediate computational priority,213
O=C1COc2cc(F)c(CNC3CCN(CCn4c(=O)c5ncoc5c5ccc(F)cc54)CC3)nc2N1,O=C1COc2ccc(CNC3CCN(CCn4c(=O)c5ncoc5c5ccc(F)cc54)CC3)nc2N1,Constrained aromatic substitution,510.50100000000026,2.401,114.52,2,8,6,4,37,0.9318816139219136,0.8227848101265823,In-domain,510.50100000000026,2.401,114.52,2,8,6,4,37,0.36,1,3,Moderate,0.85,0.9073171297453396,One Lipinski violation,0.9318816139219136,0.47716295095117134,1.0,0.85,0.7859015308541168,Intermediate computational priority,214
CNc1cc(F)cc2c(NCCCN)c(C(=O)Nc3ccc(C(=O)O)cc3C)c(=O)[nH]c12,CNc1cc(F)cc2c(NCCCN)c(C(=O)Nc3ccc(C(=O)O)cc3)c(=O)[nH]c12,Constrained aromatic substitution,441.4630000000002,2.7285200000000005,149.34,6,6,8,3,32,0.974458179178722,0.803030303030303,In-domain,441.4630000000002,2.7285200000000005,149.34,6,6,8,3,32,0.2272727272727272,1,6,High,0.7,0.8921207254251053,One Lipinski violation,0.974458179178722,0.5201607595928975,1.0,0.7,0.785831499549358,Intermediate computational priority,215
O=C1COc2ccc(CNC3CCN(CCn4c(=O)c5noc(F)c5c5ccc(F)cc54)CC3)nc2N1,O=C1COc2ccc(CNC3CCN(CCn4c(=O)c5nocc5c5ccc(F)cc54)CC3)nc2N1,Constrained aromatic substitution,510.5010000000002,2.400999999999999,114.52,2,8,6,4,37,0.9313641767685336,0.7974683544303798,In-domain,510.5010000000002,2.400999999999999,114.52,2,8,6,4,37,0.36,1,3,Moderate,0.85,0.9069549237379736,One Lipinski violation,0.9313641767685336,0.47716295095117134,1.0,0.85,0.7856945559927648,Intermediate computational priority,216
Cc1cc(CNC2CCN(CCn3c(=O)c4nocc4c4ncccc43)CC2)nc2c1OCC(=O)N2,O=C1COc2ccc(CNC3CCN(CCn4c(=O)c5nocc5c5ncccc54)CC3)nc2N1,Constrained aromatic substitution,489.5360000000003,1.826219999999999,127.41,2,9,6,4,36,0.9093303779318124,0.7777777777777778,In-domain,489.5360000000003,1.826219999999999,127.41,2,9,6,4,36,0.4,0,2,Low,0.9,0.9065312645522686,Lipinski-compatible,0.9093303779318124,0.47291126525244387,1.0,0.9,0.7856055307484582,Intermediate computational priority,217
O=C1COc2ccc(CNC3CCN(CCn4c(=O)c5ncoc5c5ccc(F)c(Cl)c54)CC3)nc2N1,O=C1COc2ccc(CNC3CCN(CCn4c(=O)c5ncoc5c5ccc(F)cc54)CC3)nc2N1,Constrained aromatic substitution,526.9560000000002,2.9153,114.52,2,8,6,4,37,0.9269609275559932,0.7590361445783133,In-domain,526.9560000000002,2.9153,114.52,2,8,6,4,37,0.36,1,3,Moderate,0.85,0.9038726492891952,One Lipinski violation,0.9269609275559932,0.4815668453751342,1.0,0.85,0.7852544246349376,Intermediate computational priority,218
O=C1COc2ccc(CNC3CCN(CCn4c(=O)c5noc(F)c5c5ncccc54)CC3)nc2N1,O=C1COc2ccc(CNC3CCN(CCn4c(=O)c5nocc5c5ncccc54)CC3)nc2N1,Constrained aromatic substitution,493.4990000000002,1.6568999999999985,127.41,2,9,6,4,36,0.9175170928310844,0.775,In-domain,493.4990000000002,1.6568999999999985,127.41,2,9,6,4,36,0.375,0,2,Low,0.9,0.912261964981759,Lipinski-compatible,0.9175170928310844,0.4607673866655956,1.0,0.9,0.7852370531321125,Intermediate computational priority,219
CNc1cc(F)cc2cc(C(=O)Nc3c(C#N)cc(C(=O)O)cc3CN(C)C3CCCCC3)c(=O)[nH]c12,CNc1cc(F)cc2cc(C(=O)Nc3ccc(C(=O)O)cc3CN(C)C3CCCCC3)c(=O)[nH]c12,Constrained aromatic substitution,505.5500000000004,4.295580000000003,138.32,4,6,7,3,37,0.9668199953052028,0.7567567567567568,In-domain,505.5500000000004,4.295580000000003,138.32,4,6,7,3,37,0.3333333333333333,1,6,High,0.7,0.8867739967136419,One Lipinski violation,0.9668199953052028,0.527723709829071,1.0,0.7,0.7850451110708024,Intermediate computational priority,220
Cc1c(F)ccc2c3ocnc3c(=O)n(CCN3CCC(NCc4ccc5c(n4)NC(=O)CO5)CC3)c12,O=C1COc2ccc(CNC3CCN(CCn4c(=O)c5ncoc5c5ccc(F)cc54)CC3)nc2N1,Constrained aromatic substitution,506.5380000000004,2.5703200000000006,114.52,2,8,6,4,37,0.9206827251075248,0.7590361445783133,In-domain,506.5380000000004,2.5703200000000006,114.52,2,8,6,4,37,0.3846153846153846,1,3,Moderate,0.85,0.8994779075752674,One Lipinski violation,0.9206827251075248,0.4891457066709691,1.0,0.85,0.7850168020443007,Intermediate computational priority,221
CCCCCN(C)Cc1cc(C(=O)O)cc(Cl)c1NC(=O)c1cc2cc(F)cc(NC)c2[nH]c1=O,CCCCCN(C)Cc1cc(C(=O)O)ccc1NC(=O)c1cc2cc(F)cc(NC)c2[nH]c1=O,Constrained aromatic substitution,502.9740000000003,4.934800000000003,114.53,4,5,10,3,35,0.9532689503556804,0.782608695652174,In-domain,502.9740000000003,4.934800000000003,114.53,4,5,10,3,35,0.32,1,6,High,0.7,0.8772882652489762,One Lipinski violation,0.9532689503556804,0.5447600106598062,1.0,0.7,0.784735583340214,Intermediate computational priority,222
CNc1c(C)c(F)cc2cc(C(=O)Nc3cnc(C(=O)O)nc3)c(=O)[nH]c12,CNc1cc(F)cc2cc(C(=O)Nc3cnc(C(=O)O)nc3)c(=O)[nH]c12,Constrained aromatic substitution,371.3280000000001,1.7578199999999995,137.07,4,6,4,3,27,0.8474176764816523,0.7017543859649122,In-domain,371.3280000000001,1.7578199999999995,137.07,4,6,4,3,27,0.1176470588235294,0,1,Low,0.95,0.8781923735371566,Lipinski-compatible,0.8474176764816523,0.5187416271837854,1.0,0.95,0.7845895587477966,Intermediate computational priority,223
O=C1COc2ccc(CNC3CCN(CCn4c(=O)c5nc(Cl)oc5c5ccc(F)cc54)CC3)nc2N1,O=C1COc2ccc(CNC3CCN(CCn4c(=O)c5ncoc5c5ccc(F)cc54)CC3)nc2N1,Constrained aromatic substitution,526.9560000000002,2.9153,114.52,2,8,6,4,37,0.9210889419710784,0.7901234567901234,In-domain,526.9560000000002,2.9153,114.52,2,8,6,4,37,0.36,1,3,Moderate,0.85,0.8997622593797548,One Lipinski violation,0.9210889419710784,0.48665769750546006,1.0,0.85,0.7844328860400693,Intermediate computational priority,224
O=C1COc2ccc(CNC3CCN(CCn4c(=O)c5ncoc5c5ccc(F)c(F)c54)CC3)nc2N1,O=C1COc2ccc(CNC3CCN(CCn4c(=O)c5ncoc5c5ccc(F)cc54)CC3)nc2N1,Constrained aromatic substitution,510.5010000000002,2.401,114.52,2,8,6,4,37,0.9281418979949152,0.7777777777777778,In-domain,510.5010000000002,2.401,114.52,2,8,6,4,37,0.36,1,3,Moderate,0.85,0.9046993285964406,One Lipinski violation,0.9281418979949152,0.47716295095117134,1.0,0.85,0.7844056444833175,Intermediate computational priority,225
Cc1cc2c3conc3c(=O)n(CCN3CCC(NCc4nc5c(cc4F)OCC(=O)N5)CC3)c2cc1F,O=C1COc2cc(F)c(CNC3CCN(CCn4c(=O)c5nocc5c5ccc(F)cc54)CC3)nc2N1,Constrained aromatic substitution,524.5280000000004,2.7094200000000006,114.52,2,8,6,4,38,0.9227821059359214,0.8205128205128205,In-domain,524.5280000000004,2.7094200000000006,114.52,2,8,6,4,38,0.3846153846153846,1,3,Moderate,0.85,0.9009474741551448,One Lipinski violation,0.9227821059359214,0.4840804156230245,1.0,0.85,0.784336967061276,Intermediate computational priority,226
CNc1cc(F)c(F)c2cc(C(=O)Nc3ccc(C(=O)O)cc3CNC3CCCCC3)c(=O)[nH]c12,CNc1cc(F)cc2cc(C(=O)Nc3ccc(C(=O)O)cc3CNC3CCCCC3)c(=O)[nH]c12,Constrained aromatic substitution,484.5030000000004,4.220800000000001,123.32,5,5,7,3,35,0.9032297813100456,0.782608695652174,In-domain,484.5030000000004,4.220800000000001,123.32,5,5,7,3,35,0.32,0,4,Moderate,0.8,0.8722608469170319,Lipinski-compatible,0.9032297813100456,0.5432952861497417,1.0,0.8,0.7842804983689408,Intermediate computational priority,227
CCCCCN(C)Cc1cc(C(=O)O)ccc1NC(=O)c1c(Cl)c2cc(F)cc(NC)c2[nH]c1=O,CCCCCN(C)Cc1cc(C(=O)O)ccc1NC(=O)c1cc2cc(F)cc(NC)c2[nH]c1=O,Constrained aromatic substitution,502.9740000000002,4.934800000000003,114.53,4,5,10,3,35,0.951777384419516,0.7323943661971831,In-domain,502.9740000000002,4.934800000000003,114.53,4,5,10,3,35,0.32,1,6,High,0.7,0.8762441690936611,One Lipinski violation,0.951777384419516,0.5447600106598062,1.0,0.7,0.7841389569657482,Intermediate computational priority,228
CNc1cc(F)cc2c(O)c(C(=O)Nc3cnc(C(=O)O)nc3)c(=O)[nH]c12,CNc1cc(F)cc2cc(C(=O)Nc3cnc(C(=O)O)nc3)c(=O)[nH]c12,Constrained aromatic substitution,373.3000000000001,1.1549999999999998,157.29999999999998,5,7,4,3,27,0.8994663581286149,0.7192982456140351,In-domain,373.3000000000001,1.1549999999999998,157.29999999999998,5,7,4,3,27,0.0625,0,2,Low,0.9,0.8996264506900303,Lipinski-compatible,0.8994663581286149,0.4810932667769557,1.0,0.9,0.7841145232845327,Intermediate computational priority,229
Cc1cc2c(nc1CNC1CCN(CCn3c(=O)c4ncoc4c4ccc(F)cc43)CC1)NC(=O)CO2,O=C1COc2ccc(CNC3CCN(CCn4c(=O)c5ncoc5c5ccc(F)cc54)CC3)nc2N1,Constrained aromatic substitution,506.5380000000003,2.57032,114.52,2,8,6,4,37,0.9184317093424034,0.7926829268292683,In-domain,506.5380000000003,2.57032,114.52,2,8,6,4,37,0.3846153846153846,1,3,Moderate,0.85,0.8979021965396823,One Lipinski violation,0.9184317093424034,0.48875063713873146,1.0,0.85,0.7839978748785807,Intermediate computational priority,230
CNc1cc(F)c(C)c2c(NCCN)c(C(=O)Nc3ccc(C(=O)O)cc3)c(=O)[nH]c12,CNc1cc(F)cc2c(NCCN)c(C(=O)Nc3ccc(C(=O)O)cc3)c(=O)[nH]c12,Constrained aromatic substitution,427.43600000000015,2.33842,149.34,6,6,7,3,31,0.9274366363686252,0.7384615384615385,In-domain,427.43600000000015,2.33842,149.34,6,6,7,3,31,0.1904761904761904,1,5,Moderate,0.75,0.8742056454580376,One Lipinski violation,0.9274366363686252,0.540989613411248,1.0,0.75,0.7832715385708244,Intermediate computational priority,231
CNc1cc(F)c(O)c2cc(C(=O)Nc3ccc(C(=O)NS(=O)(=O)N(C)C)cc3)c(=O)[nH]c12,CNc1cc(F)cc2cc(C(=O)Nc3ccc(C(=O)NS(=O)(=O)N(C)C)cc3)c(=O)[nH]c12,Constrained aromatic substitution,477.4740000000002,1.2029999999999994,160.7,5,7,6,3,33,0.9280288944014934,0.7666666666666667,In-domain,477.4740000000002,1.2029999999999994,160.7,5,7,6,3,33,0.15,0,3,Moderate,0.85,0.9046202260810452,Lipinski-compatible,0.9280288944014934,0.47233023915498407,1.0,0.85,0.7829106295070927,Intermediate computational priority,232
Cc1cc(F)cc2c1c1conc1c(=O)n2CCN1CCC(NCc2nc3c(cc2F)OCC(=O)N3)CC1,O=C1COc2cc(F)c(CNC3CCN(CCn4c(=O)c5nocc5c5ccc(F)cc54)CC3)nc2N1,Constrained aromatic substitution,524.5280000000002,2.7094200000000006,114.52,2,8,6,4,38,0.9194204677345478,0.810126582278481,In-domain,524.5280000000002,2.7094200000000006,114.52,2,8,6,4,38,0.3846153846153846,1,3,Moderate,0.85,0.8985943274141834,One Lipinski violation,0.9194204677345478,0.48371844651105544,1.0,0.85,0.7828837210471358,Intermediate computational priority,233
O=C1COc2cc(Cl)c(CNC3CCN(CCn4c(=O)c5ncoc5c5ccc(F)cc54)CC3)nc2N1,O=C1COc2ccc(CNC3CCN(CCn4c(=O)c5ncoc5c5ccc(F)cc54)CC3)nc2N1,Constrained aromatic substitution,526.9560000000002,2.9153,114.52,2,8,6,4,37,0.9212358575268612,0.7926829268292683,In-domain,526.9560000000002,2.9153,114.52,2,8,6,4,37,0.36,1,3,Moderate,0.85,0.8998651002688028,One Lipinski violation,0.9212358575268612,0.4812617347725408,1.0,0.85,0.7828728634425068,Intermediate computational priority,234
CNc1cc(F)cc2c(C#N)c(C(=O)Nc3ccc(C(=O)O)cc3CN(C)C3CCCCC3)c(=O)[nH]c12,CNc1cc(F)cc2cc(C(=O)Nc3ccc(C(=O)O)cc3CN(C)C3CCCCC3)c(=O)[nH]c12,Constrained aromatic substitution,505.5500000000004,4.295580000000003,138.32,4,6,7,3,37,0.9610262350556256,0.7105263157894737,In-domain,505.5500000000004,4.295580000000003,138.32,4,6,7,3,37,0.3333333333333333,1,6,High,0.7,0.8827183645389378,One Lipinski violation,0.9610262350556256,0.527723709829071,1.0,0.7,0.7827276069709715,Intermediate computational priority,235
CNc1cc(F)cc2c(NCCN)c(C(=O)Nc3ccc(C(=O)O)cc3C#N)c(=O)[nH]c12,CNc1cc(F)cc2c(NCCN)c(C(=O)Nc3ccc(C(=O)O)cc3)c(=O)[nH]c12,Constrained aromatic substitution,438.41900000000015,1.90168,173.13,6,7,7,3,32,0.9671918086972304,0.75,In-domain,438.41900000000015,1.90168,173.13,6,7,7,3,32,0.1428571428571428,1,5,Moderate,0.75,0.9020342660880613,One Lipinski violation,0.9671918086972304,0.4856330695654033,1.0,0.75,0.7825666443485132,Intermediate computational priority,236
O=C1COc2cc(F)c(CNC3CCN(CCn4c(=O)c5nocc5c5cc(Cl)c(F)cc54)CC3)nc2N1,O=C1COc2cc(F)c(CNC3CCN(CCn4c(=O)c5nocc5c5ccc(F)cc54)CC3)nc2N1,Constrained aromatic substitution,544.9460000000003,3.054400000000001,114.52,2,8,6,4,38,0.9238378863967804,0.8205128205128205,In-domain,544.9460000000003,3.054400000000001,114.52,2,8,6,4,38,0.36,1,3,Moderate,0.85,0.9016865204777462,One Lipinski violation,0.9238378863967804,0.47648960295869425,1.0,0.85,0.7824820354463204,Intermediate computational priority,237
O=C1COc2c(F)cc(CNC3CCN(CCn4c(=O)c5ncoc5c5ccc(F)cc54)CC3)nc2N1,O=C1COc2ccc(CNC3CCN(CCn4c(=O)c5ncoc5c5ccc(F)cc54)CC3)nc2N1,Constrained aromatic substitution,510.50100000000026,2.401,114.52,2,8,6,4,37,0.9224585128677932,0.8333333333333334,In-domain,510.50100000000026,2.401,114.52,2,8,6,4,37,0.36,1,3,Moderate,0.85,0.9007209590074552,One Lipinski violation,0.9224585128677932,0.47748470127292164,1.0,0.85,0.7822288155289938,Intermediate computational priority,238
Cc1onc2c(=O)n(CCN3CCC(NCc4ccc5c(n4)NC(=O)CO5)CC3)c3cc(F)ccc3c12,O=C1COc2ccc(CNC3CCN(CCn4c(=O)c5nocc5c5ccc(F)cc54)CC3)nc2N1,Constrained aromatic substitution,506.5380000000003,2.57032,114.52,2,8,6,4,37,0.9133066505593016,0.7777777777777778,In-domain,506.5380000000003,2.57032,114.52,2,8,6,4,37,0.3846153846153846,1,3,Moderate,0.85,0.8943146553915111,One Lipinski violation,0.9133066505593016,0.4891457066709691,1.0,0.85,0.7820663722250114,Intermediate computational priority,239
O=C1COc2cc(F)c(CNC3CCN(CCn4c(=O)c5nocc5c5c(Cl)cc(F)cc54)CC3)nc2N1,O=C1COc2cc(F)c(CNC3CCN(CCn4c(=O)c5nocc5c5ccc(F)cc54)CC3)nc2N1,Constrained aromatic substitution,544.9460000000003,3.054400000000001,114.52,2,8,6,4,38,0.92205619085788,0.810126582278481,In-domain,544.9460000000003,3.054400000000001,114.52,2,8,6,4,38,0.36,1,3,Moderate,0.85,0.900439333600516,One Lipinski violation,0.92205619085788,0.4762179060172256,1.0,0.85,0.7816878481483197,Intermediate computational priority,240
CNc1cc(F)cc2c(NCCN)c(C(=O)Nc3ccc(C(=O)O)cc3O)c(=O)[nH]c12,CNc1cc(F)cc2c(NCCN)c(C(=O)Nc3ccc(C(=O)O)cc3)c(=O)[nH]c12,Constrained aromatic substitution,429.4080000000001,1.7356,169.57,7,7,7,3,31,0.9625044696806204,0.796875,In-domain,429.4080000000001,1.7356,169.57,7,7,7,3,31,0.15,1,5,Moderate,0.75,0.8987531287764342,One Lipinski violation,0.9625044696806204,0.48812568126702194,1.0,0.75,0.7814394922523548,Intermediate computational priority,241
CNc1cc(F)c(F)c2c(NCCN)c(C(=O)Nc3ccc(C(=O)O)cc3)c(=O)[nH]c12,CNc1cc(F)cc2c(NCCN)c(C(=O)Nc3ccc(C(=O)O)cc3)c(=O)[nH]c12,Constrained aromatic substitution,431.39900000000017,2.1691,149.34,6,6,7,3,31,0.9292762334087068,0.75,In-domain,431.39900000000017,2.1691,149.34,6,6,7,3,31,0.15,1,5,Moderate,0.75,0.8754933633860947,One Lipinski violation,0.9292762334087068,0.5317478124453769,1.0,0.75,0.7812348370970958,Intermediate computational priority,242
Cc1onc2c(=O)n(CCN3CCC(NCc4ccc5c(n4)NC(=O)CO5)CC3)c3cccnc3c12,O=C1COc2ccc(CNC3CCN(CCn4c(=O)c5nocc5c5ncccc54)CC3)nc2N1,Constrained aromatic substitution,489.5360000000003,1.8262199999999995,127.41,2,9,6,4,36,0.89733283656886,0.7530864197530864,In-domain,489.5360000000003,1.8262199999999995,127.41,2,9,6,4,36,0.4,0,2,Low,0.9,0.898132985598202,Lipinski-compatible,0.89733283656886,0.4737229535641322,1.0,0.9,0.7810500206967836,Intermediate computational priority,243
O=C1COc2cc(F)c(CNC3CCN(CCn4c(=O)c5noc(F)c5c5ccc(F)cc54)CC3)nc2N1,O=C1COc2cc(F)c(CNC3CCN(CCn4c(=O)c5nocc5c5ccc(F)cc54)CC3)nc2N1,Constrained aromatic substitution,528.4910000000002,2.5401,114.52,2,8,6,4,38,0.9202474753395878,0.7974683544303798,In-domain,528.4910000000002,2.5401,114.52,2,8,6,4,38,0.36,1,3,Moderate,0.85,0.8991732327377114,One Lipinski violation,0.9202474753395878,0.47619997650554335,1.0,0.85,0.7809589830874981,Intermediate computational priority,244
Cc1cc(CNC2CCN(CCn3c(=O)c4ncoc4c4ccc(F)cc43)CC2)nc2c1OCC(=O)N2,O=C1COc2ccc(CNC3CCN(CCn4c(=O)c5ncoc5c5ccc(F)cc54)CC3)nc2N1,Constrained aromatic substitution,506.5380000000004,2.57032,114.52,2,8,6,4,37,0.9100518806041824,0.8024691358024691,In-domain,506.5380000000004,2.57032,114.52,2,8,6,4,37,0.3846153846153846,1,3,Moderate,0.85,0.8920363164229277,One Lipinski violation,0.9100518806041824,0.48914570667096907,1.0,0.85,0.7807644642429636,Intermediate computational priority,245
CCCCCN(C)Cc1cc(C(=O)O)ccc1NC(=O)c1cc2cc(F)c(C#N)c(NC)c2[nH]c1=O,CCCCCN(C)Cc1cc(C(=O)O)ccc1NC(=O)c1cc2cc(F)cc(NC)c2[nH]c1=O,Constrained aromatic substitution,493.5390000000002,4.153080000000002,138.32,4,6,10,3,36,0.9213874707565728,0.7397260273972602,In-domain,493.5390000000002,4.153080000000002,138.32,4,6,10,3,36,0.3076923076923077,0,5,Moderate,0.75,0.8699712295296009,Lipinski-compatible,0.9213874707565728,0.5402887696343197,1.0,0.75,0.7806416191929251,Intermediate computational priority,246
CNc1cc(F)c(Cl)c2c(NCCN)c(C(=O)Nc3ccc(C(=O)O)cc3)c(=O)[nH]c12,CNc1cc(F)cc2c(NCCN)c(C(=O)Nc3ccc(C(=O)O)cc3)c(=O)[nH]c12,Constrained aromatic substitution,447.85400000000016,2.6834,149.34,6,6,7,3,31,0.9254281228493036,0.7272727272727273,In-domain,447.85400000000016,2.6834,149.34,6,6,7,3,31,0.15,1,5,Moderate,0.75,0.8727996859945125,One Lipinski violation,0.9254281228493036,0.5343998377674095,1.0,0.75,0.7804912004699444,Intermediate computational priority,247
O=C1COc2cc(F)c(CNC3CCN(CCn4c(=O)c5nocc5c5cc(F)c(F)cc54)CC3)nc2N1,O=C1COc2cc(F)c(CNC3CCN(CCn4c(=O)c5nocc5c5ccc(F)cc54)CC3)nc2N1,Constrained aromatic substitution,528.4910000000002,2.5401,114.52,2,8,6,4,38,0.9210031297870848,0.8648648648648649,In-domain,528.4910000000002,2.5401,114.52,2,8,6,4,38,0.36,1,3,Moderate,0.85,0.8997021908509593,One Lipinski violation,0.9210031297870848,0.47259578253437684,1.0,0.85,0.780179986675147,Intermediate computational priority,248
CNc1cc(F)c(C)c2c(NCC3CNC3)c(C(=O)Nc3ccc(C(=O)O)cc3)c(=O)[nH]c12,CNc1cc(F)cc2c(NCC3CNC3)c(C(=O)Nc3ccc(C(=O)O)cc3)c(=O)[nH]c12,Constrained aromatic substitution,453.47400000000016,2.59912,135.35,6,6,7,3,33,0.9177146378764256,0.7428571428571429,In-domain,453.47400000000016,2.59912,135.35,6,6,7,3,33,0.2608695652173913,1,5,Moderate,0.75,0.8674002465134979,One Lipinski violation,0.9177146378764256,0.5434342338856362,1.0,0.75,0.7801161253162611,Intermediate computational priority,249
CCCCCN(C)Cc1cc(C(=O)O)ccc1NC(=O)c1cc2c(C#N)c(F)cc(NC)c2[nH]c1=O,CCCCCN(C)Cc1cc(C(=O)O)ccc1NC(=O)c1cc2cc(F)cc(NC)c2[nH]c1=O,Constrained aromatic substitution,493.5390000000002,4.153080000000002,138.32,4,6,10,3,36,0.923535320936038,0.726027397260274,In-domain,493.5390000000002,4.153080000000002,138.32,4,6,10,3,36,0.3076923076923077,0,5,Moderate,0.75,0.8714747246552265,Lipinski-compatible,0.923535320936038,0.5352382645838147,1.0,0.75,0.7799856077495596,Intermediate computational priority,250
CNc1cc(F)cc2c(NCCCN)c(C(=O)Nc3ccc(C(=O)O)cc3F)c(=O)[nH]c12,CNc1cc(F)cc2c(NCCCN)c(C(=O)Nc3ccc(C(=O)O)cc3)c(=O)[nH]c12,Constrained aromatic substitution,445.42600000000016,2.5592,149.34,6,6,8,3,32,0.9651074843733596,0.828125,In-domain,445.42600000000016,2.5592,149.34,6,6,8,3,32,0.1904761904761904,1,6,High,0.7,0.8855752390613516,One Lipinski violation,0.9651074843733596,0.5123306694144424,1.0,0.7,0.7797421945736766,Intermediate computational priority,251
CNc1c(F)c(F)cc2cc(C(=O)Nc3cnc(C(=O)O)nc3)c(=O)[nH]c12,CNc1cc(F)cc2cc(C(=O)Nc3cnc(C(=O)O)nc3)c(=O)[nH]c12,Constrained aromatic substitution,375.2910000000001,1.5884999999999991,137.07,4,6,4,3,27,0.8413558647947837,0.7142857142857143,In-domain,375.2910000000001,1.5884999999999991,137.07,4,6,4,3,27,0.0625,0,1,Low,0.95,0.8739491053563486,Lipinski-compatible,0.8413558647947837,0.5105964698125036,1.0,0.95,0.7797212868616646,Intermediate computational priority,252
CNc1cc(F)cc2c(Cl)c(C(=O)Nc3ccc(C(=O)O)cc3CNC3CCCCC3)c(=O)[nH]c12,CNc1cc(F)cc2cc(C(=O)Nc3ccc(C(=O)O)cc3CNC3CCCCC3)c(=O)[nH]c12,Constrained aromatic substitution,500.9580000000004,4.735100000000003,123.32,5,5,7,3,35,0.9472132307721496,0.7361111111111112,In-domain,500.9580000000004,4.735100000000003,123.32,5,5,7,3,35,0.32,1,6,High,0.7,0.8730492615405047,One Lipinski violation,0.9472132307721496,0.5354368836864583,1.0,0.7,0.7795163574147973,Intermediate computational priority,253
CNc1cc(F)c(C#N)c2cc(C(=O)Nc3ccc(C(=O)NS(=O)(=O)N(C)C)cc3)c(=O)[nH]c12,CNc1cc(F)cc2cc(C(=O)Nc3ccc(C(=O)NS(=O)(=O)N(C)C)cc3)c(=O)[nH]c12,Constrained aromatic substitution,486.4850000000002,1.3690799999999996,164.26,4,7,6,3,34,0.9232638587738776,0.696969696969697,In-domain,486.4850000000002,1.3690799999999996,164.26,4,7,6,3,34,0.1428571428571428,0,3,Moderate,0.85,0.9012847011417144,Lipinski-compatible,0.9232638587738776,0.4669995725865414,1.0,0.85,0.7794054152855135,Intermediate computational priority,254
O=C1COc2c(Cl)cc(CNC3CCN(CCn4c(=O)c5ncoc5c5ccc(F)cc54)CC3)nc2N1,O=C1COc2ccc(CNC3CCN(CCn4c(=O)c5ncoc5c5ccc(F)cc54)CC3)nc2N1,Constrained aromatic substitution,526.9560000000002,2.9153,114.52,2,8,6,4,37,0.9120854558494564,0.8125,In-domain,526.9560000000002,2.9153,114.52,2,8,6,4,37,0.36,1,3,Moderate,0.85,0.8934598190946195,One Lipinski violation,0.9120854558494564,0.4818773561653842,1.0,0.85,0.7793973891893978,Intermediate computational priority,255
CNc1cc(F)cc2cc(C(=O)Nc3c(Cl)cc(C(=O)O)cc3CNC3CCCCC3)c(=O)[nH]c12,CNc1cc(F)cc2cc(C(=O)Nc3ccc(C(=O)O)cc3CNC3CCCCC3)c(=O)[nH]c12,Constrained aromatic substitution,500.9580000000004,4.735100000000003,123.32,5,5,7,3,35,0.946031684227148,0.7714285714285715,In-domain,500.9580000000004,4.735100000000003,123.32,5,5,7,3,35,0.32,1,6,High,0.7,0.8722221789590036,One Lipinski violation,0.946031684227148,0.5362258590704263,1.0,0.7,0.7792804314119871,Intermediate computational priority,256
CNc1cc(F)cc2cc(C(=O)Nc3c(C)cc(C(=O)O)cc3CN(CCO)C3CCCCC3)c(=O)[nH]c12,CNc1cc(F)cc2cc(C(=O)Nc3ccc(C(=O)O)cc3CN(CCO)C3CCCCC3)c(=O)[nH]c12,Constrained aromatic substitution,524.5930000000004,4.094820000000002,134.76,5,6,9,3,38,0.972011356172748,0.8108108108108109,In-domain,524.5930000000004,4.094820000000002,134.76,5,6,9,3,38,0.3928571428571428,1,7,High,0.65,0.8754079493209237,One Lipinski violation,0.972011356172748,0.5347024215932383,1.0,0.65,0.7792152689470707,Intermediate computational priority,257
CNc1cc(F)c(Cl)c2c(NCC3CNC3)c(C(=O)Nc3ccc(C(=O)O)cc3)c(=O)[nH]c12,CNc1cc(F)cc2c(NCC3CNC3)c(C(=O)Nc3ccc(C(=O)O)cc3)c(=O)[nH]c12,Constrained aromatic substitution,473.89200000000017,2.9441,135.35,6,6,7,3,33,0.9197860845731216,0.7323943661971831,In-domain,473.89200000000017,2.9441,135.35,6,6,7,3,33,0.2272727272727272,1,5,Moderate,0.75,0.8688502592011851,One Lipinski violation,0.9197860845731216,0.5375904432551205,1.0,0.75,0.7791915668057848,Intermediate computational priority,258
N#Cc1cc2c(nc1CNC1CCN(CCn3c(=O)c4nocc4c4ccc(F)cc43)CC1)NC(=O)CO2,O=C1COc2ccc(CNC3CCN(CCn4c(=O)c5nocc5c5ccc(F)cc54)CC3)nc2N1,Constrained aromatic substitution,517.5210000000003,2.13358,138.31,2,9,6,4,38,0.9560585694022172,0.8589743589743589,In-domain,517.5210000000003,2.13358,138.31,2,9,6,4,38,0.3461538461538461,1,4,Moderate,0.8,0.909240998581552,One Lipinski violation,0.9560585694022172,0.4558665876350825,1.0,0.8,0.7791834040514116,Intermediate computational priority,259
CCCCCN(C)Cc1c(NC(=O)c2cc3cc(F)cc(NC)c3[nH]c2=O)ccc(C(=O)O)c1C#N,CCCCCN(C)Cc1cc(C(=O)O)ccc1NC(=O)c1cc2cc(F)cc(NC)c2[nH]c1=O,Constrained aromatic substitution,493.5390000000002,4.153080000000002,138.32000000000002,4,6,10,3,36,0.9241137449945812,0.7222222222222222,In-domain,493.5390000000002,4.153080000000002,138.32000000000002,4,6,10,3,36,0.3076923076923077,0,5,Moderate,0.75,0.8718796214962068,Lipinski-compatible,0.9241137449945812,0.5309607960206318,1.0,0.75,0.7789337368040221,Intermediate computational priority,260
Cc1c(F)c(CNC2CCN(CCn3c(=O)c4nocc4c4ccc(F)cc43)CC2)nc2c1OCC(=O)N2,O=C1COc2cc(F)c(CNC3CCN(CCn4c(=O)c5nocc5c5ccc(F)cc54)CC3)nc2N1,Constrained aromatic substitution,524.5280000000004,2.7094200000000006,114.52,2,8,6,4,38,0.9057914478911544,0.7777777777777778,In-domain,524.5280000000004,2.7094200000000006,114.52,2,8,6,4,38,0.3846153846153846,1,3,Moderate,0.85,0.8890540135238081,One Lipinski violation,0.9057914478911544,0.48818273222534114,1.0,0.85,0.7787713988240641,Intermediate computational priority,261
O=C1COc2ccc(CNC3CCN(CCn4c(=O)c5ncoc5c5cc(Cl)c(F)cc54)CC3)nc2N1,O=C1COc2ccc(CNC3CCN(CCn4c(=O)c5ncoc5c5ccc(F)cc54)CC3)nc2N1,Constrained aromatic substitution,526.9560000000002,2.9153,114.52,2,8,6,4,37,0.9108009563958558,0.8148148148148148,In-domain,526.9560000000002,2.9153,114.52,2,8,6,4,37,0.36,1,3,Moderate,0.85,0.892560669477099,One Lipinski violation,0.9108009563958558,0.4812617347725408,1.0,0.85,0.7786989029901046,Intermediate computational priority,262
CNc1cc(F)c(F)c2c(NCC3CNC3)c(C(=O)Nc3ccc(C(=O)O)cc3)c(=O)[nH]c12,CNc1cc(F)cc2c(NCC3CNC3)c(C(=O)Nc3ccc(C(=O)O)cc3)c(=O)[nH]c12,Constrained aromatic substitution,457.4370000000002,2.4298,135.35,6,6,7,3,33,0.9206192852819518,0.7536231884057971,In-domain,457.4370000000002,2.4297999999999997,135.35,6,6,7,3,33,0.2272727272727272,1,5,Moderate,0.75,0.8694334996973662,One Lipinski violation,0.9206192852819518,0.5346868877678292,1.0,0.75,0.7786537804431295,Intermediate computational priority,263
Cc1onc2c(=O)n(CCN3CCC(NCc4nc5c(cc4F)OCC(=O)N5)CC3)c3cc(F)ccc3c12,O=C1COc2cc(F)c(CNC3CCN(CCn4c(=O)c5nocc5c5ccc(F)cc54)CC3)nc2N1,Constrained aromatic substitution,524.5280000000002,2.70942,114.52,2,8,6,4,38,0.9054477119493156,0.7777777777777778,In-domain,524.5280000000002,2.70942,114.52,2,8,6,4,38,0.3846153846153846,1,3,Moderate,0.85,0.8888133983645209,One Lipinski violation,0.9054477119493156,0.48818273222534114,1.0,0.85,0.7786339044473286,Intermediate computational priority,264
N#Cc1cc(F)cc2c1c1conc1c(=O)n2CCN1CCC(NCc2ccc3c(n2)NC(=O)CO3)CC1,O=C1COc2ccc(CNC3CCN(CCn4c(=O)c5nocc5c5ccc(F)cc54)CC3)nc2N1,Constrained aromatic substitution,517.5210000000003,2.13358,138.30999999999997,2,9,6,4,38,0.9548805912246502,0.7926829268292683,In-domain,517.5210000000003,2.13358,138.30999999999997,2,9,6,4,38,0.3461538461538461,1,4,Moderate,0.8,0.9084164138572552,One Lipinski violation,0.9548805912246502,0.45527201312746446,1.0,0.8,0.7785338404280995,Intermediate computational priority,265
O=C1COc2ccc(CNC3CCN(CCn4c(=O)c5noc(Cl)c5c5ccc(F)cc54)CC3)nc2N1,O=C1COc2ccc(CNC3CCN(CCn4c(=O)c5nocc5c5ccc(F)cc54)CC3)nc2N1,Constrained aromatic substitution,526.9560000000002,2.9153,114.52,2,8,6,4,37,0.909693055149175,0.7777777777777778,In-domain,526.9560000000002,2.9153,114.52,2,8,6,4,37,0.36,1,3,Moderate,0.85,0.8917851386044224,One Lipinski violation,0.909693055149175,0.4815668453751342,1.0,0.85,0.7783472756722103,Intermediate computational priority,266
CNc1cc(F)c(F)c2cc(C(=O)Nc3ccc(C(=O)O)cc3CN(CCO)C3CCCCC3)c(=O)[nH]c12,CNc1cc(F)cc2cc(C(=O)Nc3ccc(C(=O)O)cc3CN(CCO)C3CCCCC3)c(=O)[nH]c12,Constrained aromatic substitution,528.5560000000005,3.925500000000002,134.76,5,6,9,3,38,0.9255396365500048,0.7972972972972973,In-domain,528.5560000000005,3.925500000000002,134.76,5,6,9,3,38,0.3703703703703703,1,5,Moderate,0.75,0.8728777455850033,One Lipinski violation,0.9255396365500048,0.5267324379699216,1.0,0.75,0.7782355860109784,Intermediate computational priority,267
CNc1cc(F)cc2cc(C(=O)Nc3ccc(C(=O)O)c(F)c3CN(CCO)C3CCCCC3)c(=O)[nH]c12,CNc1cc(F)cc2cc(C(=O)Nc3ccc(C(=O)O)cc3CN(CCO)C3CCCCC3)c(=O)[nH]c12,Constrained aromatic substitution,528.5560000000005,3.925500000000002,134.76,5,6,9,3,38,0.926781830241866,0.8055555555555556,In-domain,528.5560000000005,3.925500000000002,134.76,5,6,9,3,38,0.3703703703703703,1,5,Moderate,0.75,0.8737472811693061,One Lipinski violation,0.926781830241866,0.5232630502148196,1.0,0.75,0.7776916471611923,Intermediate computational priority,268
N#Cc1cc2c3conc3c(=O)n(CCN3CCC(NCc4ccc5c(n4)NC(=O)CO5)CC3)c2cc1F,O=C1COc2ccc(CNC3CCN(CCn4c(=O)c5nocc5c5ccc(F)cc54)CC3)nc2N1,Constrained aromatic substitution,517.5210000000003,2.13358,138.30999999999997,2,9,6,4,38,0.952676128903296,0.7926829268292683,In-domain,517.5210000000003,2.13358,138.30999999999997,2,9,6,4,38,0.3461538461538461,1,4,Moderate,0.8,0.9068732902323072,One Lipinski violation,0.952676128903296,0.45527201312746446,1.0,0.8,0.7776520554995577,Intermediate computational priority,269
Cc1cc2c3ocnc3c(=O)n(CCN3CCC(NCc4ccc5c(n4)NC(=O)CO5)CC3)c2cc1F,O=C1COc2ccc(CNC3CCN(CCn4c(=O)c5ncoc5c5ccc(F)cc54)CC3)nc2N1,Constrained aromatic substitution,506.5380000000003,2.5703200000000006,114.52,2,8,6,4,37,0.90255861167086,0.8148148148148148,In-domain,506.5380000000003,2.5703200000000006,114.52,2,8,6,4,37,0.3846153846153846,1,3,Moderate,0.85,0.886791028169602,One Lipinski violation,0.90255861167086,0.48875063713873146,1.0,0.85,0.7776486358099635,Intermediate computational priority,270
CNc1c(F)c(F)cc2cc(C(=O)Nc3ccc(C(=O)O)cc3CN(CCO)C3CCCCC3)c(=O)[nH]c12,CNc1cc(F)cc2cc(C(=O)Nc3ccc(C(=O)O)cc3CN(CCO)C3CCCCC3)c(=O)[nH]c12,Constrained aromatic substitution,528.5560000000005,3.925500000000002,134.76,5,6,9,3,38,0.9202361246802884,0.8108108108108109,In-domain,528.5560000000005,3.925500000000002,134.76,5,6,9,3,38,0.3703703703703703,1,5,Moderate,0.75,0.8691652872762018,One Lipinski violation,0.9202361246802884,0.5317324379699215,1.0,0.75,0.7776141812630918,Intermediate computational priority,271
CCCCCN(C)Cc1cc(C(=O)O)c(C#N)cc1NC(=O)c1cc2cc(F)cc(NC)c2[nH]c1=O,CCCCCN(C)Cc1cc(C(=O)O)ccc1NC(=O)c1cc2cc(F)cc(NC)c2[nH]c1=O,Constrained aromatic substitution,493.5390000000002,4.153080000000002,138.32,4,6,10,3,36,0.9248361780908072,0.7464788732394366,In-domain,493.5390000000002,4.153080000000002,138.32,4,6,10,3,36,0.3076923076923077,0,5,Moderate,0.75,0.872385324663565,Lipinski-compatible,0.9248361780908072,0.5251372544828046,1.0,0.75,0.7774756475811643,Intermediate computational priority,272
CNc1cc(F)cc2c(O)c(C(=O)Nc3ccc(C(=O)O)cc3CNC3CCCCC3)c(=O)[nH]c12,CNc1cc(F)cc2cc(C(=O)Nc3ccc(C(=O)O)cc3CNC3CCCCC3)c(=O)[nH]c12,Constrained aromatic substitution,482.5120000000004,3.787300000000002,143.55,6,6,7,3,35,0.9496866358289544,0.7464788732394366,In-domain,482.5120000000004,3.787300000000002,143.55,6,6,7,3,35,0.32,1,6,High,0.7,0.874780645080268,One Lipinski violation,0.9496866358289544,0.5240772240518199,1.0,0.7,0.7770978215471278,Intermediate computational priority,273
CNc1cc(F)cc2cc(C(=O)Nc3c(C#N)cc(C(=O)O)cc3CN(CCO)C3CCCCC3)c(=O)[nH]c12,CNc1cc(F)cc2cc(C(=O)Nc3ccc(C(=O)O)cc3CN(CCO)C3CCCCC3)c(=O)[nH]c12,Constrained aromatic substitution,535.5760000000005,3.6580800000000018,158.55,5,7,9,3,39,0.965203206984035,0.7692307692307693,In-domain,535.5760000000005,3.6580800000000018,158.55,5,7,9,3,39,0.3571428571428571,1,6,High,0.7,0.8856422448888244,One Lipinski violation,0.965203206984035,0.5033332708112628,1.0,0.7,0.7770812640369928,Intermediate computational priority,274
O=C1COc2ccc(CNC3CCN(CCn4c(=O)c5nocc5c5c(O)cc(F)cc54)CC3)nc2N1,O=C1COc2ccc(CNC3CCN(CCn4c(=O)c5nocc5c5ccc(F)cc54)CC3)nc2N1,Constrained aromatic substitution,508.5100000000002,1.9675,134.75,3,9,6,4,37,0.9440692037487108,0.8227848101265823,In-domain,508.5100000000002,1.9674999999999996,134.75,3,9,6,4,37,0.36,1,4,Moderate,0.8,0.9008484426240976,One Lipinski violation,0.9440692037487108,0.46288112852381547,1.0,0.8,0.776492020056629,Intermediate computational priority,275
COc1ccc2c3conc3c(=O)n(CCN3CCC(NCc4nc5c(cc4F)OCC(=O)N5)CC3)c2c1Cl,COc1ccc2c3conc3c(=O)n(CCN3CCC(NCc4nc5c(cc4F)OCC(=O)N5)CC3)c2c1,Constrained aromatic substitution,556.9820000000003,2.9239000000000006,123.75,2,9,7,4,39,0.933755856018386,0.7790697674418605,In-domain,556.9820000000003,2.9239000000000006,123.75,2,9,7,4,39,0.3846153846153846,1,4,Moderate,0.8,0.8936290992128701,One Lipinski violation,0.933755856018386,0.4741577514292138,1.0,0.8,0.7757496678361185,Intermediate computational priority,276
CNc1cc(F)cc2c(Cl)c(C(=O)Nc3ccc(C(=O)O)cc3CN(C)C3CCCCC3)c(=O)[nH]c12,CNc1cc(F)cc2cc(C(=O)Nc3ccc(C(=O)O)cc3CN(C)C3CCCCC3)c(=O)[nH]c12,Constrained aromatic substitution,514.9850000000005,5.077300000000003,114.53,4,5,7,3,36,0.9649167061230688,0.7397260273972602,In-domain,514.9850000000005,5.077300000000003,114.53,4,5,7,3,36,0.3461538461538461,2,7,High,0.65,0.8704416942861481,Multiple Lipinski violations,0.9649167061230688,0.5325728722169478,1.0,0.65,0.7757385441143119,Intermediate computational priority,277
CNc1cc(F)cc2c(C#N)c(C(=O)Nc3ccc(C(=O)O)cc3CN(CCO)C3CCCCC3)c(=O)[nH]c12,CNc1cc(F)cc2cc(C(=O)Nc3ccc(C(=O)O)cc3CN(CCO)C3CCCCC3)c(=O)[nH]c12,Constrained aromatic substitution,535.5760000000005,3.6580800000000018,158.55,5,7,9,3,39,0.9612381422201058,0.725,In-domain,535.5760000000005,3.6580800000000018,158.55,5,7,9,3,39,0.3571428571428571,1,6,High,0.7,0.882866699554074,One Lipinski violation,0.9612381422201058,0.5033332708112628,1.0,0.7,0.7754952381314212,Intermediate computational priority,278
CCCCCN(C)Cc1cc(C(=O)O)ccc1NC(=O)c1cc2cc(F)c(Cl)c(NC)c2[nH]c1=O,CCCCCN(C)Cc1cc(C(=O)O)ccc1NC(=O)c1cc2cc(F)cc(NC)c2[nH]c1=O,Constrained aromatic substitution,502.9740000000003,4.934800000000003,114.53,4,5,10,3,35,0.9260848543182147,0.7714285714285715,In-domain,502.9740000000003,4.934800000000003,114.53,4,5,10,3,35,0.32,1,6,High,0.7,0.8582593980227502,One Lipinski violation,0.9260848543182147,0.5499683439931395,1.0,0.7,0.7754244449252278,Intermediate computational priority,279
CNc1cc(F)cc2cc(C(=O)Nc3cc(F)c(C(=O)O)cc3CN(CCO)C3CCCCC3)c(=O)[nH]c12,CNc1cc(F)cc2cc(C(=O)Nc3ccc(C(=O)O)cc3CN(CCO)C3CCCCC3)c(=O)[nH]c12,Constrained aromatic substitution,528.5560000000005,3.925500000000002,134.76,5,6,9,3,38,0.9255974726582388,0.8194444444444444,In-domain,528.5560000000005,3.925500000000002,134.76,5,6,9,3,38,0.3703703703703703,1,5,Moderate,0.75,0.872918230860767,One Lipinski violation,0.9255974726582388,0.5167324379699216,1.0,0.75,0.775258720454272,Intermediate computational priority,280
CNc1cc(F)cc2cc(C(=O)Nc3c(Cl)cc(C(=O)O)cc3CN(C)C3CCCCC3)c(=O)[nH]c12,CNc1cc(F)cc2cc(C(=O)Nc3ccc(C(=O)O)cc3CN(C)C3CCCCC3)c(=O)[nH]c12,Constrained aromatic substitution,514.9850000000005,5.077300000000003,114.53,4,5,7,3,36,0.9635787382272128,0.7887323943661971,In-domain,514.9850000000005,5.077300000000003,114.53,4,5,7,3,36,0.3461538461538461,2,7,High,0.65,0.8695051167590491,Multiple Lipinski violations,0.9635787382272128,0.5325728722169478,1.0,0.65,0.7752033569559695,Intermediate computational priority,281
O=C1COc2ccc(CNC3CCN(CCn4c(=O)c5nocc5c5cc(O)c(F)cc54)CC3)nc2N1,O=C1COc2ccc(CNC3CCN(CCn4c(=O)c5nocc5c5ccc(F)cc54)CC3)nc2N1,Constrained aromatic substitution,508.5100000000002,1.9675,134.75,3,9,6,4,37,0.9401503841177946,0.8227848101265823,In-domain,508.5100000000002,1.9675,134.75,3,9,6,4,37,0.36,1,4,Moderate,0.8,0.8981052688824562,One Lipinski violation,0.9401503841177946,0.46288112852381547,1.0,0.8,0.7749244922042625,Intermediate computational priority,282
O=C1COc2cc(O)c(CNC3CCN(CCn4c(=O)c5nocc5c5ccc(F)cc54)CC3)nc2N1,O=C1COc2ccc(CNC3CCN(CCn4c(=O)c5nocc5c5ccc(F)cc54)CC3)nc2N1,Constrained aromatic substitution,508.5100000000002,1.9675,134.75,3,9,6,4,37,0.9393698430775173,0.881578947368421,In-domain,508.5100000000002,1.9675,134.75,3,9,6,4,37,0.36,1,4,Moderate,0.8,0.897558890154262,One Lipinski violation,0.9393698430775173,0.4632366911028294,1.0,0.8,0.7747189445618557,Intermediate computational priority,283
COc1cc(F)c2c3conc3c(=O)n(CCN3CCC(NCc4nc5c(cc4F)OCC(=O)N5)CC3)c2c1,COc1ccc2c3conc3c(=O)n(CCN3CCC(NCc4nc5c(cc4F)OCC(=O)N5)CC3)c2c1,Constrained aromatic substitution,540.5270000000003,2.4096,123.75,2,9,7,4,39,0.9375167279397482,0.8518518518518519,In-domain,540.5270000000003,2.4096,123.75,2,9,7,4,39,0.3846153846153846,1,4,Moderate,0.8,0.8962617095578237,One Lipinski violation,0.9375167279397482,0.4654483608233245,1.0,0.8,0.7746411994228967,Intermediate computational priority,284
CCCCCN(C)Cc1cc(C(=O)O)ccc1NC(=O)c1cc2c(Cl)c(F)cc(NC)c2[nH]c1=O,CCCCCN(C)Cc1cc(C(=O)O)ccc1NC(=O)c1cc2cc(F)cc(NC)c2[nH]c1=O,Constrained aromatic substitution,502.9740000000003,4.934800000000003,114.53,4,5,10,3,35,0.9279810836994165,0.7571428571428571,In-domain,502.9740000000003,4.934800000000003,114.53,4,5,10,3,35,0.32,1,6,High,0.7,0.8595867585895914,One Lipinski violation,0.9279810836994165,0.5447600106598062,1.0,0.7,0.7746204366777084,Intermediate computational priority,285
COc1ccc2c3conc3c(=O)n(CCN3CCC(NCc4nc5c(cc4F)OCC(=O)N5)CC3)c2c1F,COc1ccc2c3conc3c(=O)n(CCN3CCC(NCc4nc5c(cc4F)OCC(=O)N5)CC3)c2c1,Constrained aromatic substitution,540.5270000000004,2.4096,123.75,2,9,7,4,39,0.9344184331255124,0.788235294117647,In-domain,540.5270000000004,2.4096,123.75,2,9,7,4,39,0.3846153846153846,1,4,Moderate,0.8,0.8940929031878586,One Lipinski violation,0.9344184331255124,0.46945885557594813,1.0,0.8,0.7746050299229894,Intermediate computational priority,286
CNc1cc(F)c(C#N)c2c(NCCN)c(C(=O)Nc3ccc(C(=O)O)cc3)c(=O)[nH]c12,CNc1cc(F)cc2c(NCCN)c(C(=O)Nc3ccc(C(=O)O)cc3)c(=O)[nH]c12,Constrained aromatic substitution,438.41900000000015,1.90168,173.12999999999997,6,7,7,3,32,0.9313659905982898,0.6956521739130435,In-domain,438.41900000000015,1.90168,173.12999999999997,6,7,7,3,32,0.1428571428571428,1,5,Moderate,0.75,0.8769561934188028,One Lipinski violation,0.9313659905982898,0.5064091684665022,1.0,0.75,0.7744691467792666,Intermediate computational priority,287
CNc1cc(F)c(C#N)c2cc(C(=O)Nc3cnc(C(=O)O)nc3)c(=O)[nH]c12,CNc1cc(F)cc2cc(C(=O)Nc3cnc(C(=O)O)nc3)c(=O)[nH]c12,Constrained aromatic substitution,382.31100000000015,1.3210799999999996,160.86,4,7,4,3,28,0.8739065112291143,0.6557377049180327,In-domain,382.31100000000015,1.3210799999999996,160.86,4,7,4,3,28,0.0588235294117647,0,2,Low,0.9,0.88173455786038,Lipinski-compatible,0.8739065112291143,0.48199210210172794,1.0,0.9,0.7741602351221641,Intermediate computational priority,288
O=C1COc2ccc(CNC3CCN(CCn4c(=O)c5nocc5c5nc(Cl)ccc54)CC3)nc2N1,O=C1COc2ccc(CNC3CCN(CCn4c(=O)c5nocc5c5ncccc54)CC3)nc2N1,Constrained aromatic substitution,509.9540000000002,2.1712,127.41,2,9,6,4,36,0.9354536795175192,0.7948717948717948,In-domain,509.9540000000002,2.1712,127.41,2,9,6,4,36,0.375,1,4,Moderate,0.8,0.8948175756622634,One Lipinski violation,0.9354536795175192,0.4664471981549493,1.0,0.8,0.7741156312534925,Intermediate computational priority,289
CNc1cc(F)cc2c(C)c(C(=O)Nc3ccc(C(=O)O)cc3CN(CCO)C3CCCCC3)c(=O)[nH]c12,CNc1cc(F)cc2cc(C(=O)Nc3ccc(C(=O)O)cc3CN(CCO)C3CCCCC3)c(=O)[nH]c12,Constrained aromatic substitution,524.5930000000004,4.094820000000003,134.76,5,6,9,3,38,0.9590175484460638,0.7631578947368421,In-domain,524.5930000000004,4.094820000000003,134.76,5,6,9,3,38,0.3928571428571428,1,7,High,0.65,0.8663122839122446,One Lipinski violation,0.9590175484460638,0.5347024215932383,1.0,0.65,0.774017745856397,Intermediate computational priority,290
CNc1c(C)c(F)cc2cc(C(=O)Nc3ccc(C(=O)NS(=O)(=O)N(C)C)cc3)c(=O)[nH]c12,CNc1cc(F)cc2cc(C(=O)Nc3ccc(C(=O)NS(=O)(=O)N(C)C)cc3)c(=O)[nH]c12,Constrained aromatic substitution,475.5020000000002,1.8058199999999995,140.47,4,6,6,3,33,0.8794188673831943,0.7540983606557377,In-domain,475.5020000000002,1.8058199999999995,140.47,4,6,6,3,33,0.1904761904761904,0,3,Moderate,0.85,0.870593207168236,Lipinski-compatible,0.8794188673831943,0.5067834476066835,1.0,0.85,0.7738025812352828,Intermediate computational priority,291
CNc1cc(F)cc2c(Cl)c(C(=O)Nc3ccc(C(=O)O)cc3CN(CCO)C3CCCCC3)c(=O)[nH]c12,CNc1cc(F)cc2cc(C(=O)Nc3ccc(C(=O)O)cc3CN(CCO)C3CCCCC3)c(=O)[nH]c12,Constrained aromatic substitution,545.0110000000004,4.439800000000003,134.76,5,6,9,3,38,0.9632999178019008,0.7532467532467533,In-domain,545.0110000000004,4.439800000000003,134.76,5,6,9,3,38,0.3703703703703703,1,7,High,0.65,0.8693099424613306,One Lipinski violation,0.9632999178019008,0.527919371313434,1.0,0.65,0.7736957785147905,Intermediate computational priority,292
CNc1cc(F)c(C)c2c(NCCCN)c(C(=O)Nc3ccc(C(=O)O)cc3)c(=O)[nH]c12,CNc1cc(F)cc2c(NCCCN)c(C(=O)Nc3ccc(C(=O)O)cc3)c(=O)[nH]c12,Constrained aromatic substitution,441.46300000000014,2.72852,149.34,6,6,8,3,32,0.9274366363686252,0.746268656716418,In-domain,441.46300000000014,2.72852,149.34,6,6,8,3,32,0.2272727272727272,1,6,High,0.7,0.8592056454580376,One Lipinski violation,0.9274366363686252,0.5420937996710989,1.0,0.7,0.7736027944487798,Intermediate computational priority,293
N#Cc1c(F)ccc2c3conc3c(=O)n(CCN3CCC(NCc4ccc5c(n4)NC(=O)CO5)CC3)c12,O=C1COc2ccc(CNC3CCN(CCn4c(=O)c5nocc5c5ccc(F)cc54)CC3)nc2N1,Constrained aromatic substitution,517.5210000000003,2.1335800000000003,138.30999999999997,2,9,6,4,38,0.9387668017089128,0.7380952380952381,In-domain,517.5210000000003,2.1335800000000003,138.30999999999997,2,9,6,4,38,0.3461538461538461,1,4,Moderate,0.8,0.8971367611962389,One Lipinski violation,0.9387668017089128,0.460214413722039,1.0,0.8,0.7735710448001769,Intermediate computational priority,294
O=C1COc2ccc(CNC3CCN(CCn4c(=O)c5nocc5c5nccc(Cl)c54)CC3)nc2N1,O=C1COc2ccc(CNC3CCN(CCn4c(=O)c5nocc5c5ncccc54)CC3)nc2N1,Constrained aromatic substitution,509.9540000000002,2.1712,127.41,2,9,6,4,36,0.9338596573443124,0.7948717948717948,In-domain,509.9540000000002,2.1712,127.41,2,9,6,4,36,0.375,1,4,Moderate,0.8,0.8937017601410187,One Lipinski violation,0.9338596573443124,0.4664471981549493,1.0,0.8,0.7734780223842098,Intermediate computational priority,295
CNc1c(Cl)c(F)cc2cc(C(=O)Nc3ccc(C(=O)O)cc3CNC3CCCCC3)c(=O)[nH]c12,CNc1cc(F)cc2cc(C(=O)Nc3ccc(C(=O)O)cc3CNC3CCCCC3)c(=O)[nH]c12,Constrained aromatic substitution,500.9580000000004,4.735100000000002,123.32,5,5,7,3,35,0.9282806987137084,0.7746478873239436,In-domain,500.9580000000004,4.735100000000002,123.32,5,5,7,3,35,0.32,1,6,High,0.7,0.8597964890995958,One Lipinski violation,0.9282806987137084,0.5405389245027847,1.0,0.7,0.7734739568363188,Intermediate computational priority,296
CNc1c(Cl)c(F)cc2cc(C(=O)Nc3ccc(C(=O)NS(=O)(=O)N(C)C)cc3)c(=O)[nH]c12,CNc1cc(F)cc2cc(C(=O)Nc3ccc(C(=O)NS(=O)(=O)N(C)C)cc3)c(=O)[nH]c12,Constrained aromatic substitution,495.9200000000002,2.1507999999999994,140.47,4,6,6,3,33,0.8831144068308422,0.7301587301587301,In-domain,495.9200000000002,2.1507999999999994,140.47,4,6,6,3,33,0.15,0,3,Moderate,0.85,0.8731800847815895,Lipinski-compatible,0.8831144068308422,0.5004800436639129,1.0,0.85,0.7733897758315107,Intermediate computational priority,297
CNc1cc(F)cc2cc(C(=O)Nc3c(Cl)cc(C(=O)O)cc3CN(CCO)C3CCCCC3)c(=O)[nH]c12,CNc1cc(F)cc2cc(C(=O)Nc3ccc(C(=O)O)cc3CN(CCO)C3CCCCC3)c(=O)[nH]c12,Constrained aromatic substitution,545.0110000000004,4.439800000000003,134.76,5,6,9,3,38,0.9619619499060448,0.8,In-domain,545.0110000000004,4.439800000000003,134.76,5,6,9,3,38,0.3703703703703703,1,7,High,0.65,0.8683733649342313,One Lipinski violation,0.9619619499060448,0.527919371313434,1.0,0.65,0.7731605913564481,Intermediate computational priority,298
COc1cc2c(cc1C)c1conc1c(=O)n2CCN1CCC(NCc2nc3c(cc2F)OCC(=O)N3)CC1,COc1ccc2c3conc3c(=O)n(CCN3CCC(NCc4nc5c(cc4F)OCC(=O)N5)CC3)c2c1,Constrained aromatic substitution,536.5640000000002,2.57892,123.75,2,9,7,4,39,0.9280773194798224,0.8192771084337349,In-domain,536.5640000000002,2.57892,123.75,2,9,7,4,39,0.4074074074074074,1,4,Moderate,0.8,0.8896541236358756,One Lipinski violation,0.9280773194798224,0.4729175571287051,1.0,0.8,0.7731061949305406,Intermediate computational priority,299
O=C1COc2ccc(CNC3CCN(CCn4c(=O)c5ncoc5c5cc(F)c(F)cc54)CC3)nc2N1,O=C1COc2ccc(CNC3CCN(CCn4c(=O)c5ncoc5c5ccc(F)cc54)CC3)nc2N1,Constrained aromatic substitution,510.5010000000002,2.401,114.52,2,8,6,4,37,0.899291618275206,0.8571428571428571,In-domain,510.5010000000002,2.401,114.52,2,8,6,4,37,0.36,1,3,Moderate,0.85,0.8845041327926442,One Lipinski violation,0.899291618275206,0.47748470127292164,1.0,0.85,0.7729620576919589,Intermediate computational priority,300
N#Cc1cc(F)cc2c1c1ocnc1c(=O)n2CCN1CCC(NCc2ccc3c(n2)NC(=O)CO3)CC1,O=C1COc2ccc(CNC3CCN(CCn4c(=O)c5ncoc5c5ccc(F)cc54)CC3)nc2N1,Constrained aromatic substitution,517.5210000000003,2.13358,138.30999999999997,2,9,6,4,38,0.940861260551124,0.7738095238095238,In-domain,517.5210000000003,2.13358,138.30999999999997,2,9,6,4,38,0.3461538461538461,1,4,Moderate,0.8,0.8986028823857867,One Lipinski violation,0.940861260551124,0.45527201312746446,1.0,0.8,0.772926108158689,Intermediate computational priority,301
N#Cc1nc2c(=O)n(CCN3CCC(NCc4ccc5c(n4)NC(=O)CO5)CC3)c3cc(F)ccc3c2o1,O=C1COc2ccc(CNC3CCN(CCn4c(=O)c5ncoc5c5ccc(F)cc54)CC3)nc2N1,Constrained aromatic substitution,517.5210000000003,2.13358,138.31,2,9,6,4,38,0.940509156346898,0.7619047619047619,In-domain,517.5210000000003,2.13358,138.31,2,9,6,4,38,0.3461538461538461,1,4,Moderate,0.8,0.8983564094428286,One Lipinski violation,0.940509156346898,0.45556673756011995,1.0,0.8,0.7728736838067952,Intermediate computational priority,302
O=C1COc2cc(F)c(CNC3CCN(CCn4c(=O)c5noc(Cl)c5c5ccc(F)cc54)CC3)nc2N1,O=C1COc2cc(F)c(CNC3CCN(CCn4c(=O)c5nocc5c5ccc(F)cc54)CC3)nc2N1,Constrained aromatic substitution,544.9460000000003,3.054400000000001,114.52,2,8,6,4,38,0.896405663937421,0.7777777777777778,In-domain,544.9460000000003,3.054400000000001,114.52,2,8,6,4,38,0.36,1,3,Moderate,0.85,0.8824839647561947,One Lipinski violation,0.896405663937421,0.4806038709295063,1.0,0.85,0.7727434268538204,Intermediate computational priority,303
O=C1COc2ccc(CNC3CCN(CCn4c(=O)c5nocc5c5ncc(O)cc54)CC3)nc2N1,O=C1COc2ccc(CNC3CCN(CCn4c(=O)c5nocc5c5ncccc54)CC3)nc2N1,Constrained aromatic substitution,491.5080000000002,1.223399999999999,147.64,3,10,6,4,36,0.92113992610633,0.7875,In-domain,491.5080000000002,1.223399999999999,147.64,3,10,6,4,36,0.375,0,3,Moderate,0.85,0.8997979482744309,Lipinski-compatible,0.92113992610633,0.44632031030698277,1.0,0.85,0.7723520635346268,Intermediate computational priority,304
COc1ccc2c3conc3c(=O)n(CCN3CCC(NCc4nc5c(c(F)c4F)OCC(=O)N5)CC3)c2c1,COc1ccc2c3conc3c(=O)n(CCN3CCC(NCc4nc5c(cc4F)OCC(=O)N5)CC3)c2c1,Constrained aromatic substitution,540.5270000000002,2.4096,123.75,2,9,7,4,39,0.9284314118979956,0.8192771084337349,In-domain,540.5270000000002,2.4096,123.75,2,9,7,4,39,0.3846153846153846,1,4,Moderate,0.8,0.8899019883285969,One Lipinski violation,0.9284314118979956,0.469796186910281,1.0,0.8,0.7723114208322825,Intermediate computational priority,305
CNc1cc(F)c(O)c2cc(C(=O)Nc3cnc(C(=O)O)nc3)c(=O)[nH]c12,CNc1cc(F)cc2cc(C(=O)Nc3cnc(C(=O)O)nc3)c(=O)[nH]c12,Constrained aromatic substitution,373.3000000000001,1.1549999999999994,157.29999999999998,5,7,4,3,27,0.8696279793783375,0.7017543859649122,In-domain,373.3000000000001,1.1549999999999994,157.29999999999998,5,7,4,3,27,0.0625,0,2,Low,0.9,0.8787395855648362,Lipinski-compatible,0.8696279793783375,0.48109326677695563,1.0,0.9,0.7721791717844217,Intermediate computational priority,306
CNc1cc(F)cc2c(NCCCN)c(C(=O)Nc3ccc(C(=O)O)cc3O)c(=O)[nH]c12,CNc1cc(F)cc2c(NCCCN)c(C(=O)Nc3ccc(C(=O)O)cc3)c(=O)[nH]c12,Constrained aromatic substitution,443.4350000000002,2.1257,169.57,7,7,8,3,32,0.9625044696806204,0.803030303030303,In-domain,443.4350000000002,2.1257,169.57,7,7,8,3,32,0.1904761904761904,1,6,High,0.7,0.8837531287764342,One Lipinski violation,0.9625044696806204,0.4904380920571163,1.0,0.7,0.7721332154893831,Intermediate computational priority,307
COc1ccc2c3conc3c(=O)n(CCN3CCC(NCc4nc5c(c(Cl)c4F)OCC(=O)N5)CC3)c2c1,COc1ccc2c3conc3c(=O)n(CCN3CCC(NCc4nc5c(cc4F)OCC(=O)N5)CC3)c2c1,Constrained aromatic substitution,556.9820000000001,2.9239000000000006,123.75,2,9,7,4,39,0.924091729490654,0.7906976744186046,In-domain,556.9820000000001,2.9239000000000006,123.75,2,9,7,4,39,0.3846153846153846,1,4,Moderate,0.8,0.8868642106434578,One Lipinski violation,0.924091729490654,0.47383180618801435,1.0,0.8,0.771786233652666,Intermediate computational priority,308
CNc1cc(F)c(F)c2c(NCCCN)c(C(=O)Nc3ccc(C(=O)O)cc3)c(=O)[nH]c12,CNc1cc(F)cc2c(NCCCN)c(C(=O)Nc3ccc(C(=O)O)cc3)c(=O)[nH]c12,Constrained aromatic substitution,445.4260000000001,2.5592,149.34,6,6,8,3,32,0.9292762334087068,0.7575757575757576,In-domain,445.4260000000001,2.5592,149.34,6,6,8,3,32,0.1904761904761904,1,6,High,0.7,0.8604933633860947,One Lipinski violation,0.9292762334087068,0.533081657556735,1.0,0.7,0.7716349906305032,Intermediate computational priority,309
CNc1cc(F)cc2c(NCC3CNC3)c(C(=O)Nc3ccc(C(=O)O)c(C)c3)c(=O)[nH]c12,CNc1cc(F)cc2c(NCC3CNC3)c(C(=O)Nc3ccc(C(=O)O)cc3)c(=O)[nH]c12,Constrained aromatic substitution,453.47400000000016,2.59912,135.35,6,6,7,3,33,0.9114684732100068,0.8235294117647058,In-domain,453.47400000000016,2.59912,135.35,6,6,7,3,33,0.2608695652173913,1,5,Moderate,0.75,0.8630279312470047,One Lipinski violation,0.9114684732100068,0.5223719628233651,1.0,0.75,0.7712989781310122,Intermediate computational priority,310
N#Cc1c(F)ccc2c3conc3c(=O)n(CCN3CCC(NCc4nc5c(cc4F)OCC(=O)N5)CC3)c12,O=C1COc2cc(F)c(CNC3CCN(CCn4c(=O)c5nocc5c5ccc(F)cc54)CC3)nc2N1,Constrained aromatic substitution,535.5110000000002,2.2726800000000003,138.31,2,9,6,4,39,0.9334682275138002,0.7590361445783133,In-domain,535.5110000000002,2.2726800000000003,138.31,2,9,6,4,39,0.3461538461538461,1,4,Moderate,0.8,0.8934277592596601,One Lipinski violation,0.9334682275138002,0.459251439276411,1.0,0.8,0.7711627227884434,Intermediate computational priority,311
O=C1COc2ccc(CNC3CCN(CCn4c(=O)c5nc(O)oc5c5ccc(F)cc54)CC3)nc2N1,O=C1COc2ccc(CNC3CCN(CCn4c(=O)c5ncoc5c5ccc(F)cc54)CC3)nc2N1,Constrained aromatic substitution,508.5100000000002,1.9675,134.75,3,9,6,4,37,0.9303561035807124,0.7901234567901234,In-domain,508.5100000000002,1.9675,134.75,3,9,6,4,37,0.36,1,4,Moderate,0.8,0.8912492725064987,One Lipinski violation,0.9303561035807124,0.4632366911028294,1.0,0.8,0.7711134487631338,Intermediate computational priority,312
CNc1cc(F)cc2c(NCCCN)c(C(=O)Nc3ccc(C(=O)O)cc3Cl)c(=O)[nH]c12,CNc1cc(F)cc2c(NCCCN)c(C(=O)Nc3ccc(C(=O)O)cc3)c(=O)[nH]c12,Constrained aromatic substitution,461.8810000000002,3.0735,149.34,6,6,8,3,32,0.966627413904129,0.7910447761194029,In-domain,461.8810000000002,3.0735,149.34,6,6,8,3,32,0.1904761904761904,1,7,High,0.65,0.8716391897328903,One Lipinski violation,0.966627413904129,0.5147867595450633,1.0,0.65,0.7710869934251706,Intermediate computational priority,313
O=C1COc2ccc(CNC3CCN(CCn4c(=O)c5ncoc5c5c(O)cc(F)cc54)CC3)nc2N1,O=C1COc2ccc(CNC3CCN(CCn4c(=O)c5ncoc5c5ccc(F)cc54)CC3)nc2N1,Constrained aromatic substitution,508.5100000000002,1.9675,134.75,3,9,6,4,37,0.9305045803108426,0.8024691358024691,In-domain,508.5100000000002,1.9674999999999996,134.75,3,9,6,4,37,0.36,1,4,Moderate,0.8,0.8913532062175897,One Lipinski violation,0.9305045803108426,0.46288112852381547,1.0,0.8,0.7710661706814816,Intermediate computational priority,314
CNc1cc(F)cc2cc(C(=O)Nc3c(C#N)cc(C(=O)O)cc3CN(CC(=O)O)C3CCCCC3)c(=O)[nH]c12,CNc1cc(F)cc2cc(C(=O)Nc3ccc(C(=O)O)cc3CN(CC(=O)O)C3CCCCC3)c(=O)[nH]c12,Constrained aromatic substitution,549.5590000000004,3.7503800000000016,175.61999999999998,5,7,9,3,40,0.9583914511041376,0.7662337662337663,In-domain,549.5590000000004,3.7503800000000016,175.61999999999998,5,7,9,3,40,0.3214285714285714,1,6,High,0.7,0.8808740157728963,One Lipinski violation,0.9583914511041376,0.4921555635974503,1.0,0.7,0.77100324952089,Intermediate computational priority,315
N#Cc1onc2c(=O)n(CCN3CCC(NCc4ccc5c(n4)NC(=O)CO5)CC3)c3cc(F)ccc3c12,O=C1COc2ccc(CNC3CCN(CCn4c(=O)c5nocc5c5ccc(F)cc54)CC3)nc2N1,Constrained aromatic substitution,517.5210000000003,2.13358,138.30999999999997,2,9,6,4,38,0.935820081093802,0.75,In-domain,517.5210000000003,2.13358,138.30999999999997,2,9,6,4,38,0.3461538461538461,1,4,Moderate,0.8,0.8950740567656613,One Lipinski violation,0.935820081093802,0.45527201312746446,1.0,0.8,0.7709096363757602,Intermediate computational priority,316
CNc1cc(F)c(O)c2c(NCCN)c(C(=O)Nc3ccc(C(=O)O)cc3)c(=O)[nH]c12,CNc1cc(F)cc2c(NCCN)c(C(=O)Nc3ccc(C(=O)O)cc3)c(=O)[nH]c12,Constrained aromatic substitution,429.4080000000001,1.7356,169.56999999999996,7,7,7,3,31,0.9187999620400776,0.7384615384615385,In-domain,429.4080000000001,1.7356,169.56999999999996,7,7,7,3,31,0.15,1,5,Moderate,0.75,0.8681599734280543,One Lipinski violation,0.9187999620400776,0.5100522179986562,1.0,0.75,0.770535650215628,Intermediate computational priority,317
CNc1cc(F)cc2c(C#N)c(C(=O)Nc3ccc(C(=O)O)cc3CN(CC(=O)O)C3CCCCC3)c(=O)[nH]c12,CNc1cc(F)cc2cc(C(=O)Nc3ccc(C(=O)O)cc3CN(CC(=O)O)C3CCCCC3)c(=O)[nH]c12,Constrained aromatic substitution,549.5590000000004,3.7503800000000016,175.61999999999998,5,7,9,3,40,0.9563764643123328,0.7215189873417721,In-domain,549.5590000000004,3.7503800000000016,175.61999999999998,5,7,9,3,40,0.3214285714285714,1,6,High,0.7,0.8794635250186329,One Lipinski violation,0.9563764643123328,0.4921555635974503,1.0,0.7,0.7701972548041682,Intermediate computational priority,318
CNc1c(F)c(F)cc2cc(C(=O)Nc3ccc(C(=O)NS(=O)(=O)N(C)C)cc3)c(=O)[nH]c12,CNc1cc(F)cc2cc(C(=O)Nc3ccc(C(=O)NS(=O)(=O)N(C)C)cc3)c(=O)[nH]c12,Constrained aromatic substitution,479.4650000000002,1.6364999999999994,140.47,4,6,6,3,33,0.8775409594207608,0.7540983606557377,In-domain,479.4650000000002,1.6364999999999994,140.47,4,6,6,3,33,0.15,0,3,Moderate,0.85,0.8692786715945325,Lipinski-compatible,0.8775409594207608,0.4971781912940913,1.0,0.85,0.7701698411565318,Intermediate computational priority,319
O=C1COc2ccc(CNC3CCN(CCn4c(=O)c5nocc5c5ncc(Cl)cc54)CC3)nc2N1,O=C1COc2ccc(CNC3CCN(CCn4c(=O)c5nocc5c5ncccc54)CC3)nc2N1,Constrained aromatic substitution,509.9540000000002,2.1712,127.41,2,9,6,4,36,0.926258327214812,0.7875,In-domain,509.9540000000002,2.1712,127.41,2,9,6,4,36,0.375,1,4,Moderate,0.8,0.8883808290503684,One Lipinski violation,0.926258327214812,0.4654817918798085,1.0,0.8,0.7701478684498674,Intermediate computational priority,320
O=C1COc2ccc(CNC3CCN(CCn4c(=O)c5nocc5c5nc(O)ccc54)CC3)nc2N1,O=C1COc2ccc(CNC3CCN(CCn4c(=O)c5nocc5c5ncccc54)CC3)nc2N1,Constrained aromatic substitution,491.5080000000002,1.223399999999999,147.64,3,10,6,4,36,0.9147527299360108,0.7948717948717948,In-domain,491.5080000000002,1.223399999999999,147.64,3,10,6,4,36,0.375,0,3,Moderate,0.85,0.8953269109552074,Lipinski-compatible,0.9147527299360108,0.4474261425481361,1.0,0.85,0.7701289347388451,Intermediate computational priority,321
CCCCCN(C)Cc1cc(C(=O)O)c(Cl)cc1NC(=O)c1cc2cc(F)cc(NC)c2[nH]c1=O,CCCCCN(C)Cc1cc(C(=O)O)ccc1NC(=O)c1cc2cc(F)cc(NC)c2[nH]c1=O,Constrained aromatic substitution,502.9740000000002,4.934800000000003,114.53,4,5,10,3,35,0.9241001980824052,0.7794117647058824,In-domain,502.9740000000002,4.934800000000003,114.53,4,5,10,3,35,0.32,1,6,High,0.7,0.8568701386576836,One Lipinski violation,0.9241001980824052,0.5343433439931395,1.0,0.7,0.7699430824309039,Intermediate computational priority,322
CNc1cc(F)cc2c(NCC3CNC3)c(C(=O)Nc3ccc(C(=O)O)cc3O)c(=O)[nH]c12,CNc1cc(F)cc2c(NCC3CNC3)c(C(=O)Nc3ccc(C(=O)O)cc3)c(=O)[nH]c12,Constrained aromatic substitution,455.44600000000014,1.9963,155.57999999999998,7,7,7,3,33,0.95414435307314,0.8088235294117647,In-domain,455.44600000000014,1.9963,155.57999999999998,7,7,7,3,33,0.2272727272727272,1,6,High,0.7,0.877901047151198,One Lipinski violation,0.95414435307314,0.49404650427605684,1.0,0.7,0.7698716925120731,Intermediate computational priority,323
CNc1cc(F)cc2cc(C(=O)Nc3cc(Cl)c(C(=O)O)cc3CNC3CCCCC3)c(=O)[nH]c12,CNc1cc(F)cc2cc(C(=O)Nc3ccc(C(=O)O)cc3CNC3CCCCC3)c(=O)[nH]c12,Constrained aromatic substitution,500.9580000000004,4.735100000000003,123.32,5,5,7,3,35,0.9296351344088044,0.7794117647058824,In-domain,500.9580000000004,4.735100000000003,123.32,5,5,7,3,35,0.32,1,6,High,0.7,0.860744594086163,One Lipinski violation,0.9296351344088044,0.5266146047748936,1.0,0.7,0.7698384351959898,Intermediate computational priority,324
CNc1cc(F)cc2c(NCCN)c(C(=O)Nc3ccc(C(=O)O)c(C)c3)c(=O)[nH]c12,CNc1cc(F)cc2c(NCCN)c(C(=O)Nc3ccc(C(=O)O)cc3)c(=O)[nH]c12,Constrained aromatic substitution,427.43600000000015,2.33842,149.34,6,6,7,3,31,0.9111903448879848,0.8125,In-domain,427.43600000000015,2.33842,149.34,6,6,7,3,31,0.1904761904761904,1,5,Moderate,0.75,0.8628332414215892,One Lipinski violation,0.9111903448879848,0.5174810188713086,1.0,0.75,0.7697204436165865,Intermediate computational priority,325
CCCCCN(C)Cc1c(NC(=O)c2cc3cc(F)cc(NC)c3[nH]c2=O)ccc(C(=O)O)c1Cl,CCCCCN(C)Cc1cc(C(=O)O)ccc1NC(=O)c1cc2cc(F)cc(NC)c2[nH]c1=O,Constrained aromatic substitution,502.9740000000003,4.934800000000003,114.53000000000002,4,5,10,3,35,0.919122335648218,0.7428571428571429,In-domain,502.9740000000003,4.934800000000003,114.53000000000002,4,5,10,3,35,0.32,1,6,High,0.7,0.8533856349537525,One Lipinski violation,0.919122335648218,0.5395516773264728,1.0,0.7,0.769514437457229,Intermediate computational priority,326
CNc1cc(F)cc2c(NCC3CNC3)c(C(=O)Nc3ccc(C(=O)O)cc3C#N)c(=O)[nH]c12,CNc1cc(F)cc2c(NCC3CNC3)c(C(=O)Nc3ccc(C(=O)O)cc3)c(=O)[nH]c12,Constrained aromatic substitution,464.45700000000016,2.16238,159.14,6,7,7,3,34,0.9550058456144688,0.7638888888888888,In-domain,464.45700000000016,2.16238,159.14,6,7,7,3,34,0.217391304347826,1,6,High,0.7,0.878504091930128,One Lipinski violation,0.9550058456144688,0.4912155382196087,1.0,0.7,0.7693669997116701,Intermediate computational priority,327
CNc1cc(F)cc2cc(C(=O)Nc3ccc(C(=O)O)c(C#N)c3CN(C)C3CCCCC3)c(=O)[nH]c12,CNc1cc(F)cc2cc(C(=O)Nc3ccc(C(=O)O)cc3CN(C)C3CCCCC3)c(=O)[nH]c12,Constrained aromatic substitution,505.55000000000047,4.295580000000003,138.32,4,6,7,3,37,0.9302408106781536,0.7297297297297297,In-domain,505.55000000000047,4.295580000000003,138.32,4,6,7,3,37,0.3333333333333333,1,6,High,0.7,0.8611685674747074,One Lipinski violation,0.9302408106781536,0.5235012287574344,1.0,0.7,0.7691466928984918,Intermediate computational priority,328
CNc1cc(F)cc2cc(C(=O)Nc3cc(C#N)c(C(=O)O)cc3CN(C)C3CCCCC3)c(=O)[nH]c12,CNc1cc(F)cc2cc(C(=O)Nc3ccc(C(=O)O)cc3CN(C)C3CCCCC3)c(=O)[nH]c12,Constrained aromatic substitution,505.5500000000004,4.295580000000003,138.32,4,6,7,3,37,0.934293275777876,0.7534246575342466,In-domain,505.5500000000004,4.295580000000003,138.32,4,6,7,3,37,0.3333333333333333,1,6,High,0.7,0.8640052930445131,One Lipinski violation,0.934293275777876,0.5179197882604436,1.0,0.7,0.7690932467892835,Intermediate computational priority,329
CNc1c(C#N)c(F)cc2cc(C(=O)Nc3ccc(C(=O)O)cc3CN(C)C3CCCCC3)c(=O)[nH]c12,CNc1cc(F)cc2cc(C(=O)Nc3ccc(C(=O)O)cc3CN(C)C3CCCCC3)c(=O)[nH]c12,Constrained aromatic substitution,505.5500000000004,4.295580000000003,138.32,4,6,7,3,37,0.9222154012544204,0.7466666666666667,In-domain,505.5500000000004,4.295580000000003,138.32,4,6,7,3,37,0.3333333333333333,1,6,High,0.7,0.8555507808780942,One Lipinski violation,0.9222154012544204,0.5326256706133847,1.0,0.7,0.7686738616857836,Intermediate computational priority,330
COc1cc2c(cc1F)c1conc1c(=O)n2CCN1CCC(NCc2nc3c(cc2F)OCC(=O)N3)CC1,COc1ccc2c3conc3c(=O)n(CCN3CCC(NCc4nc5c(cc4F)OCC(=O)N5)CC3)c2c1,Constrained aromatic substitution,540.5270000000003,2.4096,123.75,2,9,7,4,39,0.921687013127052,0.8292682926829268,In-domain,540.5270000000003,2.4096,123.75,2,9,7,4,39,0.3846153846153846,1,4,Moderate,0.8,0.8851809091889363,One Lipinski violation,0.921687013127052,0.4654483608233245,1.0,0.8,0.7683093134978183,Intermediate computational priority,331
COc1ccc2c3conc3c(=O)n(CCN3CCC(NCc4nc5c(cc4F)OCC(=O)N5)CC3)c2c1C,COc1ccc2c3conc3c(=O)n(CCN3CCC(NCc4nc5c(cc4F)OCC(=O)N5)CC3)c2c1,Constrained aromatic substitution,536.5640000000003,2.578920000000001,123.75,2,9,7,4,39,0.912857457680962,0.7790697674418605,In-domain,536.5640000000003,2.578920000000001,123.75,2,9,7,4,39,0.4074074074074074,1,4,Moderate,0.8,0.8790002203766734,One Lipinski violation,0.912857457680962,0.4768905706219585,1.0,0.8,0.7682101542589724,Intermediate computational priority,332
N#Cc1cc(F)cc2c1c1conc1c(=O)n2CCN1CCC(NCc2nc3c(cc2F)OCC(=O)N3)CC1,O=C1COc2cc(F)c(CNC3CCN(CCn4c(=O)c5nocc5c5ccc(F)cc54)CC3)nc2N1,Constrained aromatic substitution,535.5110000000002,2.2726800000000003,138.31,2,9,6,4,39,0.9321430291647402,0.7804878048780488,In-domain,535.5110000000002,2.2726800000000003,138.31,2,9,6,4,39,0.3461538461538461,1,4,Moderate,0.8,0.8925001204153181,One Lipinski violation,0.9321430291647402,0.4500355344083322,1.0,0.8,0.7678678719883958,Intermediate computational priority,333
N#Cc1cc2c(nc1CNC1CCN(CCn3c(=O)c4ncoc4c4ccc(F)cc43)CC1)NC(=O)CO2,O=C1COc2ccc(CNC3CCN(CCn4c(=O)c5ncoc5c5ccc(F)cc54)CC3)nc2N1,Constrained aromatic substitution,517.5210000000003,2.13358,138.31,2,9,6,4,38,0.9281623106050764,0.7738095238095238,In-domain,517.5210000000003,2.13358,138.31,2,9,6,4,38,0.3461538461538461,1,4,Moderate,0.8,0.8897136174235534,One Lipinski violation,0.9281623106050764,0.45527201312746446,1.0,0.8,0.7678465281802699,Intermediate computational priority,334
O=C1COc2ccc(CNC3CCN(CCn4c(=O)c5nocc5c5ccc(F)c(O)c54)CC3)nc2N1,O=C1COc2ccc(CNC3CCN(CCn4c(=O)c5nocc5c5ccc(F)cc54)CC3)nc2N1,Constrained aromatic substitution,508.5100000000002,1.9674999999999991,134.75,3,9,6,4,37,0.9217287711555128,0.7654320987654321,In-domain,508.5100000000002,1.9674999999999991,134.75,3,9,6,4,37,0.36,1,4,Moderate,0.8,0.8852101398088589,One Lipinski violation,0.9217287711555128,0.4632366911028294,1.0,0.8,0.7676625157930539,Intermediate computational priority,335
COc1ccc2c3c(F)onc3c(=O)n(CCN3CCC(NCc4nc5c(cc4F)OCC(=O)N5)CC3)c2c1,COc1ccc2c3conc3c(=O)n(CCN3CCC(NCc4nc5c(cc4F)OCC(=O)N5)CC3)c2c1,Constrained aromatic substitution,540.5270000000003,2.4096,123.75,2,9,7,4,39,0.9170459860027246,0.8095238095238095,In-domain,540.5270000000003,2.4096,123.75,2,9,7,4,39,0.3846153846153846,1,4,Moderate,0.8,0.8819321902019072,One Lipinski violation,0.9170459860027246,0.4694588555759482,1.0,0.8,0.7676560510738744,Intermediate computational priority,336
O=C1COc2c(O)cc(CNC3CCN(CCn4c(=O)c5nocc5c5ccc(F)cc54)CC3)nc2N1,O=C1COc2ccc(CNC3CCN(CCn4c(=O)c5nocc5c5ccc(F)cc54)CC3)nc2N1,Constrained aromatic substitution,508.5100000000002,1.9675,134.75,3,9,6,4,37,0.92126764857004,0.7875,In-domain,508.5100000000002,1.9675,134.75,3,9,6,4,37,0.36,1,4,Moderate,0.8,0.884887353999028,One Lipinski violation,0.92126764857004,0.4632366911028294,1.0,0.8,0.7674780667588648,Intermediate computational priority,337
COc1cc(C)c2c3conc3c(=O)n(CCN3CCC(NCc4nc5c(cc4F)OCC(=O)N5)CC3)c2c1,COc1ccc2c3conc3c(=O)n(CCN3CCC(NCc4nc5c(cc4F)OCC(=O)N5)CC3)c2c1,Constrained aromatic substitution,536.5640000000003,2.57892,123.75,2,9,7,4,39,0.9141564442425928,0.8313253012048193,In-domain,536.5640000000003,2.57892,123.75,2,9,7,4,39,0.4074074074074074,1,4,Moderate,0.8,0.879909510969815,One Lipinski violation,0.9141564442425928,0.4725802257943722,1.0,0.8,0.7674366454353488,Intermediate computational priority,338
N#Cc1cc2c3conc3c(=O)n(CCN3CCC(NCc4nc5c(cc4F)OCC(=O)N5)CC3)c2cc1F,O=C1COc2cc(F)c(CNC3CCN(CCn4c(=O)c5nocc5c5ccc(F)cc54)CC3)nc2N1,Constrained aromatic substitution,535.5110000000003,2.2726800000000003,138.31,2,9,6,4,39,0.9306887586297828,0.7901234567901234,In-domain,535.5110000000003,2.2726800000000003,138.31,2,9,6,4,39,0.3461538461538461,1,4,Moderate,0.8,0.891482131040848,One Lipinski violation,0.9306887586297828,0.4502934182869057,1.0,0.8,0.7673635289379849,Intermediate computational priority,339
CNc1cc(F)c(Cl)c2cc(C(=O)Nc3ccc(C(=O)O)cc3CNC3CCCCC3)c(=O)[nH]c12,CNc1cc(F)cc2cc(C(=O)Nc3ccc(C(=O)O)cc3CNC3CCCCC3)c(=O)[nH]c12,Constrained aromatic substitution,500.9580000000004,4.735100000000002,123.32,5,5,7,3,35,0.916439843347742,0.7605633802816901,In-domain,500.9580000000004,4.735100000000002,123.32,5,5,7,3,35,0.32,1,6,High,0.7,0.8515078903434193,One Lipinski violation,0.916439843347742,0.5354368836864583,1.0,0.7,0.7672070024450343,Intermediate computational priority,340
COc1cc2c(cc1Cl)c1conc1c(=O)n2CCN1CCC(NCc2nc3c(cc2F)OCC(=O)N3)CC1,COc1ccc2c3conc3c(=O)n(CCN3CCC(NCc4nc5c(cc4F)OCC(=O)N5)CC3)c2c1,Constrained aromatic substitution,556.9820000000002,2.9239000000000006,123.75,2,9,7,4,39,0.915425857348698,0.8,In-domain,556.9820000000002,2.9239000000000006,123.75,2,9,7,4,39,0.3846153846153846,1,4,Moderate,0.8,0.8807981001440885,One Lipinski violation,0.915425857348698,0.46959451805242114,1.0,0.8,0.7670486983552055,Intermediate computational priority,341
O=C1COc2ccc(CNC3CCN(CCn4c(=O)c5nocc5c5nccc(O)c54)CC3)nc2N1,O=C1COc2ccc(CNC3CCN(CCn4c(=O)c5nocc5c5ncccc54)CC3)nc2N1,Constrained aromatic substitution,491.5080000000002,1.223399999999999,147.64,3,10,6,4,36,0.9069661065009632,0.7848101265822784,In-domain,491.5080000000002,1.223399999999999,147.64,3,10,6,4,36,0.375,0,3,Moderate,0.85,0.8898762745506742,Lipinski-compatible,0.9069661065009632,0.4470508297875022,1.0,0.85,0.7669016915366359,Intermediate computational priority,342
N#Cc1c(F)ccc2c3ocnc3c(=O)n(CCN3CCC(NCc4ccc5c(n4)NC(=O)CO5)CC3)c12,O=C1COc2ccc(CNC3CCN(CCn4c(=O)c5ncoc5c5ccc(F)cc54)CC3)nc2N1,Constrained aromatic substitution,517.5210000000003,2.1335800000000003,138.30999999999997,2,9,6,4,38,0.9220264615893576,0.7325581395348837,In-domain,517.5210000000003,2.1335800000000003,138.30999999999997,2,9,6,4,38,0.3461538461538461,1,4,Moderate,0.8,0.8854185231125503,One Lipinski violation,0.9220264615893576,0.45987708238770614,1.0,0.8,0.7667737093520549,Intermediate computational priority,343
CNc1c(O)c(F)cc2cc(C(=O)Nc3ccc(C(=O)O)cc3CNC3CCCCC3)c(=O)[nH]c12,CNc1cc(F)cc2cc(C(=O)Nc3ccc(C(=O)O)cc3CNC3CCCCC3)c(=O)[nH]c12,Constrained aromatic substitution,482.5120000000004,3.787300000000001,143.55,6,6,7,3,35,0.9195509562752666,0.7857142857142857,In-domain,482.5120000000004,3.787300000000001,143.55,6,6,7,3,35,0.32,1,6,High,0.7,0.8536856693926865,One Lipinski violation,0.9195509562752666,0.5292318632270776,1.0,0.7,0.76658994147823,Intermediate computational priority,344
CNc1cc(F)c(C#N)c2cc(C(=O)Nc3ccc(C(=O)O)cc3CN(C)C3CCCCC3)c(=O)[nH]c12,CNc1cc(F)cc2cc(C(=O)Nc3ccc(C(=O)O)cc3CN(C)C3CCCCC3)c(=O)[nH]c12,Constrained aromatic substitution,505.55000000000047,4.295580000000003,138.32,4,6,7,3,37,0.9197369568374146,0.7333333333333333,In-domain,505.55000000000047,4.295580000000003,138.32,4,6,7,3,37,0.3333333333333333,1,6,High,0.7,0.8538158697861902,One Lipinski violation,0.9197369568374146,0.527723709829071,1.0,0.7,0.7662118956836872,Intermediate computational priority,345
N#Cc1onc2c(=O)n(CCN3CCC(NCc4nc5c(cc4F)OCC(=O)N5)CC3)c3cc(F)ccc3c12,O=C1COc2cc(F)c(CNC3CCN(CCn4c(=O)c5nocc5c5ccc(F)cc54)CC3)nc2N1,Constrained aromatic substitution,535.5110000000002,2.27268,138.31,2,9,6,4,39,0.924703379664856,0.75,In-domain,535.5110000000002,2.27268,138.31,2,9,6,4,39,0.3461538461538461,1,4,Moderate,0.8,0.8872923657653992,One Lipinski violation,0.924703379664856,0.4543090386818365,1.0,0.8,0.7661740634704934,Intermediate computational priority,346
O=C1COc2cc(Cl)c(CNC3CCN(CCn4c(=O)c5nocc5c5ncccc54)CC3)nc2N1,O=C1COc2ccc(CNC3CCN(CCn4c(=O)c5nocc5c5ncccc54)CC3)nc2N1,Constrained aromatic substitution,509.9540000000002,2.1712,127.41,2,9,6,4,36,0.9153606619898692,0.7777777777777778,In-domain,509.9540000000002,2.1712,127.41,2,9,6,4,36,0.375,1,4,Moderate,0.8,0.8807524633929084,One Lipinski violation,0.9153606619898692,0.4651712810895585,1.0,0.8,0.7656956491228153,Intermediate computational priority,347
N#Cc1c(F)c(CNC2CCN(CCn3c(=O)c4nocc4c4ccc(F)cc43)CC2)nc2c1OCC(=O)N2,O=C1COc2cc(F)c(CNC3CCN(CCn4c(=O)c5nocc5c5ccc(F)cc54)CC3)nc2N1,Constrained aromatic substitution,535.5110000000003,2.2726800000000003,138.31,2,9,6,4,39,0.9234798872794164,0.75,In-domain,535.5110000000003,2.2726800000000003,138.31,2,9,6,4,39,0.3461538461538461,1,4,Moderate,0.8,0.8864359210955914,One Lipinski violation,0.9234798872794164,0.4543090386818365,1.0,0.8,0.7656846665163175,Intermediate computational priority,348
CNc1cc(F)cc2cc(C(=O)Nc3c(O)cc(C(=O)O)cc3CNC3CCCCC3)c(=O)[nH]c12,CNc1cc(F)cc2cc(C(=O)Nc3ccc(C(=O)O)cc3CNC3CCCCC3)c(=O)[nH]c12,Constrained aromatic substitution,482.5120000000004,3.787300000000001,143.55,6,6,7,3,35,0.918975860142795,0.782608695652174,In-domain,482.5120000000004,3.787300000000001,143.55,6,6,7,3,35,0.32,1,6,High,0.7,0.8532831020999564,One Lipinski violation,0.918975860142795,0.524882636422954,1.0,0.7,0.7650551349840041,Intermediate computational priority,349
O=C1COc2cc(O)c(CNC3CCN(CCn4c(=O)c5nocc5c5ncccc54)CC3)nc2N1,O=C1COc2ccc(CNC3CCN(CCn4c(=O)c5nocc5c5ncccc54)CC3)nc2N1,Constrained aromatic substitution,491.5080000000002,1.223399999999999,147.64,3,10,6,4,36,0.9031316432542787,0.7777777777777778,In-domain,491.5080000000002,1.223399999999999,147.64,3,10,6,4,36,0.375,0,3,Moderate,0.85,0.8871921502779951,Lipinski-compatible,0.9031316432542787,0.44596474772796885,1.0,0.85,0.7650420816201021,Intermediate computational priority,350
CNc1c(C#N)c(F)cc2cc(C(=O)Nc3cnc(C(=O)O)nc3)c(=O)[nH]c12,CNc1cc(F)cc2cc(C(=O)Nc3cnc(C(=O)O)nc3)c(=O)[nH]c12,Constrained aromatic substitution,382.3110000000001,1.3210799999999998,160.86,4,7,4,3,28,0.8461601510565919,0.6557377049180327,In-domain,382.3110000000001,1.3210799999999998,160.86,4,7,4,3,28,0.0588235294117647,0,2,Low,0.9,0.8623121057396144,Lipinski-compatible,0.8461601510565919,0.48835914330022984,1.0,0.9,0.7649718034127058,Intermediate computational priority,351
COc1ccc2c3c(C)onc3c(=O)n(CCN3CCC(NCc4nc5c(cc4F)OCC(=O)N5)CC3)c2c1,COc1ccc2c3conc3c(=O)n(CCN3CCC(NCc4nc5c(cc4F)OCC(=O)N5)CC3)c2c1,Constrained aromatic substitution,536.5640000000003,2.57892,123.75,2,9,7,4,39,0.9047006247240204,0.8,In-domain,536.5640000000003,2.57892,123.75,2,9,7,4,39,0.4074074074074074,1,4,Moderate,0.8,0.8732904373068142,One Lipinski violation,0.9047006247240204,0.4768905706219584,1.0,0.8,0.7649474210761957,Intermediate computational priority,352
CNc1cc(F)cc2cc(C(=O)Nc3cc(O)c(C(=O)O)cc3CNC3CCCCC3)c(=O)[nH]c12,CNc1cc(F)cc2cc(C(=O)Nc3ccc(C(=O)O)cc3CNC3CCCCC3)c(=O)[nH]c12,Constrained aromatic substitution,482.5120000000004,3.787300000000002,143.55,6,6,7,3,35,0.926283074272004,0.7794117647058824,In-domain,482.5120000000004,3.787300000000002,143.55,6,6,7,3,35,0.32,1,6,High,0.7,0.8583981519904027,One Lipinski violation,0.926283074272004,0.5144659697562872,1.0,0.7,0.7648530206356878,Intermediate computational priority,353
CNc1c(Cl)c(F)cc2cc(C(=O)Nc3ccc(C(=O)O)cc3CN(C)C3CCCCC3)c(=O)[nH]c12,CNc1cc(F)cc2cc(C(=O)Nc3ccc(C(=O)O)cc3CN(C)C3CCCCC3)c(=O)[nH]c12,Constrained aromatic substitution,514.9850000000005,5.077300000000003,114.53,4,5,7,3,36,0.9335406366950048,0.7777777777777778,In-domain,514.9850000000005,5.077300000000003,114.53,4,5,7,3,36,0.3461538461538461,2,7,High,0.65,0.8484784456865033,Multiple Lipinski violations,0.9335406366950048,0.5376233772674529,1.0,0.65,0.7647032678582377,Intermediate computational priority,354
CNc1c(C#N)c(F)cc2cc(C(=O)Nc3ccc(C(=O)NS(=O)(=O)N(C)C)cc3)c(=O)[nH]c12,CNc1cc(F)cc2cc(C(=O)Nc3ccc(C(=O)NS(=O)(=O)N(C)C)cc3)c(=O)[nH]c12,Constrained aromatic substitution,486.4850000000002,1.3690799999999996,164.26,4,7,6,3,34,0.881578091514569,0.696969696969697,In-domain,486.4850000000002,1.3690799999999996,164.26,4,7,6,3,34,0.1428571428571428,0,3,Moderate,0.85,0.8721046640601983,Lipinski-compatible,0.881578091514569,0.47304660506134544,1.0,0.85,0.7645452181242313,Intermediate computational priority,355
O=C1COc2ccc(CNC3CCN(CCn4c(=O)c5noc(O)c5c5ccc(F)cc54)CC3)nc2N1,O=C1COc2ccc(CNC3CCN(CCn4c(=O)c5nocc5c5ccc(F)cc54)CC3)nc2N1,Constrained aromatic substitution,508.5100000000002,1.9674999999999991,134.75,3,9,6,4,37,0.9139653753979105,0.7777777777777778,In-domain,508.5100000000002,1.9674999999999991,134.75,3,9,6,4,37,0.36,1,4,Moderate,0.8,0.8797757627785373,One Lipinski violation,0.9139653753979105,0.46288112852381547,1.0,0.8,0.7644504887163088,Intermediate computational priority,356
O=C1COc2cc(F)c(CNC3CCN(CCn4c(=O)c5nocc5c5c(O)cc(F)cc54)CC3)nc2N1,O=C1COc2cc(F)c(CNC3CCN(CCn4c(=O)c5nocc5c5ccc(F)cc54)CC3)nc2N1,Constrained aromatic substitution,526.5000000000003,2.1066,134.75,3,9,6,4,38,0.9179146655436604,0.810126582278481,In-domain,526.5000000000003,2.1066,134.75,3,9,6,4,38,0.36,1,4,Moderate,0.8,0.8825402658805622,One Lipinski violation,0.9179146655436604,0.45749337531712553,1.0,0.8,0.7644138788126018,Intermediate computational priority,357
N#Cc1cc(CNC2CCN(CCn3c(=O)c4nocc4c4ccc(F)cc43)CC2)nc2c1OCC(=O)N2,O=C1COc2ccc(CNC3CCN(CCn4c(=O)c5nocc5c5ccc(F)cc54)CC3)nc2N1,Constrained aromatic substitution,517.5210000000003,2.13358,138.31,2,9,6,4,38,0.9181681741582866,0.7590361445783133,In-domain,517.5210000000003,2.13358,138.31,2,9,6,4,38,0.3461538461538461,1,4,Moderate,0.8,0.8827177219108006,One Lipinski violation,0.9181681741582866,0.45556673756011995,1.0,0.8,0.7639372909313507,Intermediate computational priority,358
CNc1cc(F)c(Cl)c2cc(C(=O)Nc3ccc(C(=O)O)cc3CN(C)C3CCCCC3)c(=O)[nH]c12,CNc1cc(F)cc2cc(C(=O)Nc3ccc(C(=O)O)cc3CN(C)C3CCCCC3)c(=O)[nH]c12,Constrained aromatic substitution,514.9850000000005,5.077300000000003,114.53,4,5,7,3,36,0.9346623144985998,0.7638888888888888,In-domain,514.9850000000005,5.077300000000003,114.53,4,5,7,3,36,0.3461538461538461,2,7,High,0.65,0.8492636201490198,Multiple Lipinski violations,0.9346623144985998,0.5325728722169478,1.0,0.65,0.7636367874645242,Intermediate computational priority,359
CNc1c(Cl)c(F)cc2cc(C(=O)Nc3ccc(C(=O)O)cc3CN(CCO)C3CCCCC3)c(=O)[nH]c12,CNc1cc(F)cc2cc(C(=O)Nc3ccc(C(=O)O)cc3CN(CCO)C3CCCCC3)c(=O)[nH]c12,Constrained aromatic substitution,545.0110000000004,4.439800000000002,134.76,5,6,9,3,38,0.9344224680680592,0.7894736842105263,In-domain,545.0110000000004,4.439800000000002,134.76,5,6,9,3,38,0.3703703703703703,1,7,High,0.65,0.8490957276476414,One Lipinski violation,0.9344224680680592,0.5328213320977477,1.0,0.65,0.763615386856548,Intermediate computational priority,360
COc1ccc2c3conc3c(=O)n(CCN3CCC(NCc4nc5c(c(C)c4F)OCC(=O)N5)CC3)c2c1,COc1ccc2c3conc3c(=O)n(CCN3CCC(NCc4nc5c(cc4F)OCC(=O)N5)CC3)c2c1,Constrained aromatic substitution,536.5640000000003,2.57892,123.75,2,9,7,4,39,0.901314625669442,0.8,In-domain,536.5640000000003,2.57892,123.75,2,9,7,4,39,0.4074074074074074,1,4,Moderate,0.8,0.8709202379686093,One Lipinski violation,0.901314625669442,0.4768905706219584,1.0,0.8,0.7635930214543644,Intermediate computational priority,361
CNc1cc(F)c(O)c2cc(C(=O)Nc3ccc(C(=O)O)cc3CNC3CCCCC3)c(=O)[nH]c12,CNc1cc(F)cc2cc(C(=O)Nc3ccc(C(=O)O)cc3CNC3CCCCC3)c(=O)[nH]c12,Constrained aromatic substitution,482.5120000000004,3.787300000000001,143.55,6,6,7,3,35,0.9154574799931822,0.7714285714285715,In-domain,482.5120000000004,3.787300000000001,143.55,6,6,7,3,35,0.32,1,6,High,0.7,0.8508202359952275,One Lipinski violation,0.9154574799931822,0.5240772240518199,1.0,0.7,0.7634061592128188,Intermediate computational priority,362
O=C1COc2c(O)cc(CNC3CCN(CCn4c(=O)c5nocc5c5ncccc54)CC3)nc2N1,O=C1COc2ccc(CNC3CCN(CCn4c(=O)c5nocc5c5ncccc54)CC3)nc2N1,Constrained aromatic substitution,491.5080000000002,1.223399999999999,147.64,3,10,6,4,36,0.8986131591316665,0.7777777777777778,In-domain,491.5080000000002,1.223399999999999,147.64,3,10,6,4,36,0.375,0,3,Moderate,0.85,0.8840292113921665,Lipinski-compatible,0.8986131591316665,0.44596474772796885,1.0,0.85,0.7632346879710572,Intermediate computational priority,363
O=C1COc2cc(O)c(CNC3CCN(CCn4c(=O)c5ncoc5c5ccc(F)cc54)CC3)nc2N1,O=C1COc2ccc(CNC3CCN(CCn4c(=O)c5ncoc5c5ccc(F)cc54)CC3)nc2N1,Constrained aromatic substitution,508.5100000000002,1.9675,134.75,3,9,6,4,37,0.9111119577781844,0.7926829268292683,In-domain,508.5100000000002,1.9675,134.75,3,9,6,4,37,0.36,1,4,Moderate,0.8,0.8777783704447291,One Lipinski violation,0.9111119577781844,0.4625318038847842,1.0,0.8,0.763204324276709,Intermediate computational priority,364
CNc1cc(F)cc2c(NCCCN)c(C(=O)Nc3ccc(C(=O)O)cc3C#N)c(=O)[nH]c12,CNc1cc(F)cc2c(NCCCN)c(C(=O)Nc3ccc(C(=O)O)cc3)c(=O)[nH]c12,Constrained aromatic substitution,452.4460000000002,2.29178,173.13,6,7,8,3,33,0.9671918086972304,0.7571428571428571,In-domain,452.4460000000002,2.29178,173.13,6,7,8,3,33,0.1818181818181818,1,7,High,0.65,0.8720342660880613,One Lipinski violation,0.9671918086972304,0.48775799009056175,1.0,0.65,0.7632041205060607,Intermediate computational priority,365
CNc1cc(F)cc2cc(C(=O)Nc3ccc(C(=O)O)c(O)c3CNC3CCCCC3)c(=O)[nH]c12,CNc1cc(F)cc2cc(C(=O)Nc3ccc(C(=O)O)cc3CNC3CCCCC3)c(=O)[nH]c12,Constrained aromatic substitution,482.5120000000004,3.787300000000002,143.55,6,6,7,3,35,0.9182237265048236,0.7428571428571429,In-domain,482.5120000000004,3.787300000000002,143.55,6,6,7,3,35,0.32,1,6,High,0.7,0.8527566085533764,One Lipinski violation,0.9182237265048236,0.5196743030896207,1.0,0.7,0.7631917815288157,Intermediate computational priority,366
CNc1c(C)c(F)cc2cc(C(=O)Nc3ccc(C(=O)O)cc3CN(CCO)C3CCCCC3)c(=O)[nH]c12,CNc1cc(F)cc2cc(C(=O)Nc3ccc(C(=O)O)cc3CN(CCO)C3CCCCC3)c(=O)[nH]c12,Constrained aromatic substitution,524.5930000000004,4.094820000000002,134.76,5,6,9,3,38,0.9281397656029216,0.8,In-domain,524.5930000000004,4.094820000000002,134.76,5,6,9,3,38,0.3928571428571428,1,7,High,0.65,0.844697835922045,One Lipinski violation,0.9281397656029216,0.5397024215932383,1.0,0.65,0.7631666327191402,Intermediate computational priority,367
CNc1c(O)c(F)cc2cc(C(=O)Nc3ccc(C(=O)NS(=O)(=O)N(C)C)cc3)c(=O)[nH]c12,CNc1cc(F)cc2cc(C(=O)Nc3ccc(C(=O)NS(=O)(=O)N(C)C)cc3)c(=O)[nH]c12,Constrained aromatic substitution,477.4740000000002,1.2029999999999994,160.7,5,7,6,3,33,0.8733178986640493,0.7666666666666667,In-domain,477.4740000000002,1.2029999999999994,160.7,5,7,6,3,33,0.15,0,3,Moderate,0.85,0.8663225290648344,Lipinski-compatible,0.8733178986640493,0.47884198583527005,1.0,0.85,0.7629797552162008,Intermediate computational priority,368
CNc1cc(F)cc2cc(C(=O)Nc3cc(C)c(C(=O)O)cc3CN(CCO)C3CCCCC3)c(=O)[nH]c12,CNc1cc(F)cc2cc(C(=O)Nc3ccc(C(=O)O)cc3CN(CCO)C3CCCCC3)c(=O)[nH]c12,Constrained aromatic substitution,524.5930000000004,4.094820000000003,134.76,5,6,9,3,38,0.9382546008857666,0.8194444444444444,In-domain,524.5930000000004,4.094820000000003,134.76,5,6,9,3,38,0.3928571428571428,1,7,High,0.65,0.8517782206200366,One Lipinski violation,0.9382546008857666,0.5254599973508141,1.0,0.65,0.7629398395595509,Intermediate computational priority,369
CNc1c(C)c(F)cc2c(NCCN)c(C(=O)Nc3ccc(C(=O)O)cc3)c(=O)[nH]c12,CNc1cc(F)cc2c(NCCN)c(C(=O)Nc3ccc(C(=O)O)cc3)c(=O)[nH]c12,Constrained aromatic substitution,427.43600000000015,2.33842,149.34,6,6,7,3,31,0.8753506365981569,0.75,In-domain,427.43600000000015,2.33842,149.34,6,6,7,3,31,0.1904761904761904,1,5,Moderate,0.75,0.8377454456187098,One Lipinski violation,0.8753506365981569,0.5422892030145311,1.0,0.75,0.7628270155436221,Intermediate computational priority,370
CNc1cc(F)cc2cc(C(=O)Nc3c(C)cc(C(=O)O)cc3CN(CC(=O)O)C3CCCCC3)c(=O)[nH]c12,CNc1cc(F)cc2cc(C(=O)Nc3ccc(C(=O)O)cc3CN(CC(=O)O)C3CCCCC3)c(=O)[nH]c12,Constrained aromatic substitution,538.5760000000005,4.187120000000002,151.83,5,6,9,3,39,0.9643045535785096,0.8082191780821918,In-domain,538.5760000000005,4.187120000000002,151.83,5,6,9,3,39,0.3571428571428571,1,8,High,0.6,0.8550131875049567,One Lipinski violation,0.9643045535785096,0.5236506995054109,1.0,0.6,0.7628170312830271,Intermediate computational priority,371
CNc1cc(F)cc2c(NCC3CNC3)c(C(=O)Nc3ccc(C(=O)O)c(F)c3)c(=O)[nH]c12,CNc1cc(F)cc2c(NCC3CNC3)c(C(=O)Nc3ccc(C(=O)O)cc3)c(=O)[nH]c12,Constrained aromatic substitution,457.4370000000001,2.4298,135.35,6,6,7,3,33,0.9009514228237704,0.8088235294117647,In-domain,457.4370000000001,2.4297999999999997,135.35,6,6,7,3,33,0.2272727272727272,1,5,Moderate,0.75,0.8556659959766392,One Lipinski violation,0.9009514228237704,0.5079507373203387,1.0,0.75,0.7627657903256098,Intermediate computational priority,372
CNc1c(Cl)c(F)cc2c(NCC3CNC3)c(C(=O)Nc3ccc(C(=O)O)cc3)c(=O)[nH]c12,CNc1cc(F)cc2c(NCC3CNC3)c(C(=O)Nc3ccc(C(=O)O)cc3)c(=O)[nH]c12,Constrained aromatic substitution,473.8920000000002,2.9441,135.35,6,6,7,3,33,0.8778168958400459,0.7428571428571429,In-domain,473.8920000000002,2.9441,135.35,6,6,7,3,33,0.2272727272727272,1,5,Moderate,0.75,0.839471827088032,One Lipinski violation,0.8778168958400459,0.5386423366632551,1.0,0.75,0.7627194593349949,Intermediate computational priority,373
CNc1cc(F)c(Cl)c2cc(C(=O)Nc3ccc(C(=O)O)cc3CN(CCO)C3CCCCC3)c(=O)[nH]c12,CNc1cc(F)cc2cc(C(=O)Nc3ccc(C(=O)O)cc3CN(CCO)C3CCCCC3)c(=O)[nH]c12,Constrained aromatic substitution,545.0110000000004,4.439800000000002,134.76,5,6,9,3,38,0.9358336088056488,0.7763157894736842,In-domain,545.0110000000004,4.439800000000002,134.76,5,6,9,3,38,0.3703703703703703,1,7,High,0.65,0.8500835261639541,One Lipinski violation,0.9358336088056488,0.527919371313434,1.0,0.65,0.7627092549162897,Intermediate computational priority,374
CNc1cc(F)cc2cc(C(=O)Nc3ccc(C(=O)O)c(Cl)c3CNC3CCCCC3)c(=O)[nH]c12,CNc1cc(F)cc2cc(C(=O)Nc3ccc(C(=O)O)cc3CNC3CCCCC3)c(=O)[nH]c12,Constrained aromatic substitution,500.9580000000004,4.735100000000003,123.32,5,5,7,3,35,0.9083004656398148,0.7323943661971831,In-domain,500.9580000000004,4.735100000000003,123.32,5,5,7,3,35,0.32,1,6,High,0.7,0.8458103259478703,One Lipinski violation,0.9083004656398148,0.5310712198951686,1.0,0.7,0.7626415522244765,Intermediate computational priority,375
CNc1c(Cl)c(F)cc2c(NCCN)c(C(=O)Nc3ccc(C(=O)O)cc3)c(=O)[nH]c12,CNc1cc(F)cc2c(NCCN)c(C(=O)Nc3ccc(C(=O)O)cc3)c(=O)[nH]c12,Constrained aromatic substitution,447.85400000000016,2.6834,149.34,6,6,7,3,31,0.8795078345554265,0.7384615384615385,In-domain,447.85400000000016,2.6834,149.34,6,6,7,3,31,0.15,1,5,Moderate,0.75,0.8406554841887984,One Lipinski violation,0.8795078345554265,0.5355753863567512,1.0,0.75,0.762475749729196,Intermediate computational priority,376
CNc1cc(F)cc2cc(C(=O)Nc3cc(C#N)c(C(=O)O)cc3CN(CCO)C3CCCCC3)c(=O)[nH]c12,CNc1cc(F)cc2cc(C(=O)Nc3ccc(C(=O)O)cc3CN(CCO)C3CCCCC3)c(=O)[nH]c12,Constrained aromatic substitution,535.5760000000005,3.6580800000000018,158.55,5,7,9,3,39,0.9356124848342768,0.7662337662337663,In-domain,535.5760000000005,3.6580800000000018,158.55,5,7,9,3,39,0.3571428571428571,1,6,High,0.7,0.8649287393839937,One Lipinski violation,0.9356124848342768,0.4938094612874533,1.0,0.7,0.7623878323199467,Intermediate computational priority,377
CNc1cc(F)cc2c(NCC3CNC3)c(C(=O)Nc3ccc(C(=O)O)c(Cl)c3)c(=O)[nH]c12,CNc1cc(F)cc2c(NCC3CNC3)c(C(=O)Nc3ccc(C(=O)O)cc3)c(=O)[nH]c12,Constrained aromatic substitution,473.89200000000017,2.9441000000000006,135.35,6,6,7,3,33,0.8973056351264606,0.7857142857142857,In-domain,473.89200000000017,2.9441000000000006,135.35,6,6,7,3,33,0.2272727272727272,1,5,Moderate,0.75,0.8531139445885223,One Lipinski violation,0.8973056351264606,0.5115233204138041,1.0,0.75,0.7623792501747255,Intermediate computational priority,378
CNc1c(C)c(F)cc2c(NCC3CNC3)c(C(=O)Nc3ccc(C(=O)O)cc3)c(=O)[nH]c12,CNc1cc(F)cc2c(NCC3CNC3)c(C(=O)Nc3ccc(C(=O)O)cc3)c(=O)[nH]c12,Constrained aromatic substitution,453.47400000000016,2.59912,135.35,6,6,7,3,33,0.8721727692101411,0.7536231884057971,In-domain,453.47400000000016,2.59912,135.35,6,6,7,3,33,0.2608695652173913,1,5,Moderate,0.75,0.8355209384470987,One Lipinski violation,0.8721727692101411,0.5445941850455873,1.0,0.75,0.7622473631977327,Intermediate computational priority,379
CNc1cc(F)cc2cc(C(=O)Nc3cc(Cl)c(C(=O)O)cc3CN(C)C3CCCCC3)c(=O)[nH]c12,CNc1cc(F)cc2cc(C(=O)Nc3ccc(C(=O)O)cc3CN(C)C3CCCCC3)c(=O)[nH]c12,Constrained aromatic substitution,514.9850000000005,5.077300000000003,114.53,4,5,7,3,36,0.9382442260651308,0.7857142857142857,In-domain,514.9850000000005,5.077300000000003,114.53,4,5,7,3,36,0.3461538461538461,2,7,High,0.65,0.8517709582455915,Multiple Lipinski violations,0.9382442260651308,0.5224718621159378,1.0,0.65,0.7620392490608336,Intermediate computational priority,380
O=C1COc2c(Cl)cc(CNC3CCN(CCn4c(=O)c5nocc5c5ncccc54)CC3)nc2N1,O=C1COc2ccc(CNC3CCN(CCn4c(=O)c5nocc5c5ncccc54)CC3)nc2N1,Constrained aromatic substitution,509.9540000000002,2.1712,127.41,2,9,6,4,36,0.9056664561716554,0.7875,In-domain,509.9540000000002,2.1712,127.41,2,9,6,4,36,0.375,1,4,Moderate,0.8,0.8739665193201588,One Lipinski violation,0.9056664561716554,0.4654817918798085,1.0,0.8,0.7619111200326047,Intermediate computational priority,381
CNc1cc(F)cc2cc(C(=O)Nc3ccc(C(=O)O)c(C#N)c3CN(CCO)C3CCCCC3)c(=O)[nH]c12,CNc1cc(F)cc2cc(C(=O)Nc3ccc(C(=O)O)cc3CN(CCO)C3CCCCC3)c(=O)[nH]c12,Constrained aromatic substitution,535.5760000000005,3.6580800000000018,158.54999999999998,5,7,9,3,39,0.9300206680577996,0.7435897435897436,In-domain,535.5760000000005,3.6580800000000018,158.54999999999998,5,7,9,3,39,0.3571428571428571,1,6,High,0.7,0.8610144676404596,One Lipinski violation,0.9300206680577996,0.49925817923617133,1.0,0.7,0.7617857209939712,Intermediate computational priority,382
N#Cc1cc2c3ocnc3c(=O)n(CCN3CCC(NCc4ccc5c(n4)NC(=O)CO5)CC3)c2cc1F,O=C1COc2ccc(CNC3CCN(CCn4c(=O)c5ncoc5c5ccc(F)cc54)CC3)nc2N1,Constrained aromatic substitution,517.5210000000003,2.13358,138.30999999999997,2,9,6,4,38,0.9129566317072983,0.7857142857142857,In-domain,517.5210000000003,2.13358,138.30999999999997,2,9,6,4,38,0.3461538461538461,1,4,Moderate,0.8,0.8790696421951087,One Lipinski violation,0.9129566317072983,0.45498228402417606,1.0,0.8,0.7616773378901722,Intermediate computational priority,383
CNc1cc(F)cc2c(NCCN)c(C(=O)Nc3ccc(C(=O)O)c(F)c3)c(=O)[nH]c12,CNc1cc(F)cc2c(NCCN)c(C(=O)Nc3ccc(C(=O)O)cc3)c(=O)[nH]c12,Constrained aromatic substitution,431.3990000000001,2.1691000000000003,149.34,6,6,7,3,31,0.9017023199827008,0.8095238095238095,In-domain,431.3990000000001,2.1691000000000003,149.34,6,6,7,3,31,0.15,1,5,Moderate,0.75,0.8561916239878905,One Lipinski violation,0.9017023199827008,0.5031836061764183,1.0,0.75,0.7616360098460058,Intermediate computational priority,384
CNc1cc(F)c(C)c2cc(C(=O)Nc3ccc(C(=O)O)cc3CN(CCO)C3CCCCC3)c(=O)[nH]c12,CNc1cc(F)cc2cc(C(=O)Nc3ccc(C(=O)O)cc3CN(CCO)C3CCCCC3)c(=O)[nH]c12,Constrained aromatic substitution,524.5930000000004,4.094820000000003,134.76,5,6,9,3,38,0.9273595515609966,0.7866666666666666,In-domain,524.5930000000004,4.094820000000003,134.76,5,6,9,3,38,0.3928571428571428,1,7,High,0.65,0.8441516860926976,One Lipinski violation,0.9273595515609966,0.5347024215932383,1.0,0.65,0.7613545471023702,Intermediate computational priority,385
O=C1COc2cc(F)c(CNC3CCN(CCn4c(=O)c5nocc5c5cc(O)c(F)cc54)CC3)nc2N1,O=C1COc2cc(F)c(CNC3CCN(CCn4c(=O)c5nocc5c5ccc(F)cc54)CC3)nc2N1,Constrained aromatic substitution,526.5000000000003,2.1066,134.75,3,9,6,4,38,0.9099311526456278,0.8205128205128205,In-domain,526.5000000000003,2.1066,134.75,3,9,6,4,38,0.36,1,4,Moderate,0.8,0.8769518068519394,One Lipinski violation,0.9099311526456278,0.4578094309429156,1.0,0.8,0.7613152903411258,Intermediate computational priority,386
CNc1cc(F)cc2cc(C(=O)Nc3cc(Cl)c(C(=O)O)cc3CN(CCO)C3CCCCC3)c(=O)[nH]c12,CNc1cc(F)cc2cc(C(=O)Nc3ccc(C(=O)O)cc3CN(CCO)C3CCCCC3)c(=O)[nH]c12,Constrained aromatic substitution,545.0110000000004,4.439800000000003,134.76,5,6,9,3,38,0.9395634351215316,0.7972972972972973,In-domain,545.0110000000004,4.439800000000003,134.76,5,6,9,3,38,0.3703703703703703,1,7,High,0.65,0.8526944045850722,One Lipinski violation,0.9395634351215316,0.5181154497448065,1.0,0.65,0.7612600089720546,Intermediate computational priority,387
CNc1c(C#N)c(F)cc2cc(C(=O)Nc3ccc(C(=O)O)cc3CN(CCO)C3CCCCC3)c(=O)[nH]c12,CNc1cc(F)cc2cc(C(=O)Nc3ccc(C(=O)O)cc3CN(CCO)C3CCCCC3)c(=O)[nH]c12,Constrained aromatic substitution,535.5760000000005,3.6580800000000018,158.55,5,7,9,3,39,0.9219283671921188,0.759493670886076,In-domain,535.5760000000005,3.6580800000000018,158.55,5,7,9,3,39,0.3571428571428571,1,6,High,0.7,0.8553498570344831,One Lipinski violation,0.9219283671921188,0.5080951755731675,1.0,0.7,0.7611998995487977,Intermediate computational priority,388
COc1ccc2c3conc3c(=O)n(CCN3CCC(NCc4nc5c(cc4F)OCC(=O)N5)CC3)c2c1C#N,COc1ccc2c3conc3c(=O)n(CCN3CCC(NCc4nc5c(cc4F)OCC(=O)N5)CC3)c2c1,Constrained aromatic substitution,547.5470000000003,2.14218,147.54,2,10,7,4,40,0.939057098515958,0.7444444444444445,In-domain,547.5470000000003,2.14218,147.54,2,10,7,4,40,0.3703703703703703,1,5,Moderate,0.75,0.8823399689611705,One Lipinski violation,0.939057098515958,0.45179914611859867,1.0,0.75,0.7611625832419628,Intermediate computational priority,389
CNc1cc(F)c(O)c2c(NCCCN)c(C(=O)Nc3ccc(C(=O)O)cc3)c(=O)[nH]c12,CNc1cc(F)cc2c(NCCCN)c(C(=O)Nc3ccc(C(=O)O)cc3)c(=O)[nH]c12,Constrained aromatic substitution,443.4350000000001,2.1257,169.56999999999996,7,7,8,3,32,0.9187999620400774,0.746268656716418,In-domain,443.4350000000001,2.1257,169.56999999999996,7,7,8,3,32,0.1904761904761904,1,6,High,0.7,0.8531599734280542,One Lipinski violation,0.9187999620400774,0.5117744535201812,1.0,0.7,0.7610523208720854,Intermediate computational priority,390
CNc1c(F)c(F)cc2c(NCCN)c(C(=O)Nc3ccc(C(=O)O)cc3)c(=O)[nH]c12,CNc1cc(F)cc2c(NCCN)c(C(=O)Nc3ccc(C(=O)O)cc3)c(=O)[nH]c12,Constrained aromatic substitution,431.39900000000017,2.1691,149.34,6,6,7,3,31,0.8777248877768166,0.7619047619047619,In-domain,431.39900000000017,2.1691,149.34,6,6,7,3,31,0.15,1,5,Moderate,0.75,0.8394074214437716,One Lipinski violation,0.8777248877768166,0.5329790025958556,1.0,0.75,0.7609836558894834,Intermediate computational priority,391
CNc1cc(F)c(C#N)c2c(NCC3CNC3)c(C(=O)Nc3ccc(C(=O)O)cc3)c(=O)[nH]c12,CNc1cc(F)cc2c(NCC3CNC3)c(C(=O)Nc3ccc(C(=O)O)cc3)c(=O)[nH]c12,Constrained aromatic substitution,464.4570000000002,2.16238,159.14,6,7,7,3,34,0.9199253408822644,0.7027027027027027,In-domain,464.4570000000002,2.16238,159.14,6,7,7,3,34,0.217391304347826,1,6,High,0.7,0.853947738617585,One Lipinski violation,0.9199253408822644,0.5099655382196087,1.0,0.7,0.7609597978187883,Intermediate computational priority,392
CNc1cc(F)cc2cc(C(=O)Nc3ccc(C(=O)O)c(C)c3CN(CCO)C3CCCCC3)c(=O)[nH]c12,CNc1cc(F)cc2cc(C(=O)Nc3ccc(C(=O)O)cc3CN(CCO)C3CCCCC3)c(=O)[nH]c12,Constrained aromatic substitution,524.5930000000005,4.094820000000002,134.76,5,6,9,3,38,0.930081765653342,0.7733333333333333,In-domain,524.5930000000005,4.094820000000002,134.76,5,6,9,3,38,0.3928571428571428,1,7,High,0.65,0.8460572359573393,One Lipinski violation,0.930081765653342,0.5297024215932383,1.0,0.65,0.7609434327393083,Intermediate computational priority,393
O=C1COc2cc(F)c(CNC3CCN(CCn4c(=O)c5nocc5c5ccc(F)c(O)c54)CC3)nc2N1,O=C1COc2cc(F)c(CNC3CCN(CCn4c(=O)c5nocc5c5ccc(F)cc54)CC3)nc2N1,Constrained aromatic substitution,526.5000000000003,2.1066,134.75,3,9,6,4,38,0.9050757439007578,0.7875,In-domain,526.5000000000003,2.1066,134.75,3,9,6,4,38,0.36,1,4,Moderate,0.8,0.8735530207305304,One Lipinski violation,0.9050757439007578,0.4622737166572014,1.0,0.8,0.7607124125574636,Intermediate computational priority,394
COc1ccc2c3c(Cl)onc3c(=O)n(CCN3CCC(NCc4nc5c(cc4F)OCC(=O)N5)CC3)c2c1,COc1ccc2c3conc3c(=O)n(CCN3CCC(NCc4nc5c(cc4F)OCC(=O)N5)CC3)c2c1,Constrained aromatic substitution,556.9820000000001,2.9239000000000006,123.75,2,9,7,4,39,0.896404482210955,0.7906976744186046,In-domain,556.9820000000001,2.9239000000000006,123.75,2,9,7,4,39,0.3846153846153846,1,4,Moderate,0.8,0.8674831375476685,One Lipinski violation,0.896404482210955,0.47383180618801435,1.0,0.8,0.7607113347407863,Intermediate computational priority,395
O=C1COc2ccc(CNC3CCN(CCn4c(=O)c5noc(O)c5c5ncccc54)CC3)nc2N1,O=C1COc2ccc(CNC3CCN(CCn4c(=O)c5nocc5c5ncccc54)CC3)nc2N1,Constrained aromatic substitution,491.5080000000002,1.2233999999999985,147.64,3,10,6,4,36,0.8916238817510844,0.7530864197530864,In-domain,491.5080000000002,1.2233999999999985,147.64,3,10,6,4,36,0.375,0,3,Moderate,0.85,0.879136717225759,Lipinski-compatible,0.8916238817510844,0.44668227941895183,1.0,0.85,0.7606542365261193,Intermediate computational priority,396
O=C1COc2ccc(CNC3CCN(CCn4c(=O)c5ncoc5c5ccc(F)c(O)c54)CC3)nc2N1,O=C1COc2ccc(CNC3CCN(CCn4c(=O)c5ncoc5c5ccc(F)cc54)CC3)nc2N1,Constrained aromatic substitution,508.5100000000002,1.9674999999999991,134.75,3,9,6,4,37,0.9040635023558448,0.7590361445783133,In-domain,508.5100000000002,1.9674999999999991,134.75,3,9,6,4,37,0.36,1,4,Moderate,0.8,0.8728444516490913,One Lipinski violation,0.9040635023558448,0.46288112852381547,1.0,0.8,0.7604897394994825,Intermediate computational priority,397
CNc1cc(F)c(Cl)c2c(NCCCN)c(C(=O)Nc3ccc(C(=O)O)cc3)c(=O)[nH]c12,CNc1cc(F)cc2c(NCCCN)c(C(=O)Nc3ccc(C(=O)O)cc3)c(=O)[nH]c12,Constrained aromatic substitution,461.88100000000014,3.0735,149.34,6,6,8,3,32,0.9239483812168902,0.7352941176470589,In-domain,461.88100000000014,3.0735,149.34,6,6,8,3,32,0.1904761904761904,1,7,High,0.65,0.841763866851823,One Lipinski violation,0.9239483812168902,0.5358393911240107,1.0,0.65,0.7603311698239593,Intermediate computational priority,398
CNc1c(F)c(F)cc2c(NCC3CNC3)c(C(=O)Nc3ccc(C(=O)O)cc3)c(=O)[nH]c12,CNc1cc(F)cc2c(NCC3CNC3)c(C(=O)Nc3ccc(C(=O)O)cc3)c(=O)[nH]c12,Constrained aromatic substitution,457.4370000000002,2.4298,135.35,6,6,7,3,33,0.8738672698864252,0.7647058823529411,In-domain,457.4370000000002,2.4297999999999997,135.35,6,6,7,3,33,0.2272727272727272,1,5,Moderate,0.75,0.8367070889204975,One Lipinski violation,0.8738672698864252,0.5357857888667305,1.0,0.75,0.7602826446145893,Intermediate computational priority,399
CNc1cc(F)c(C#N)c2cc(C(=O)Nc3ccc(C(=O)O)cc3CN(CCO)C3CCCCC3)c(=O)[nH]c12,CNc1cc(F)cc2cc(C(=O)Nc3ccc(C(=O)O)cc3CN(CCO)C3CCCCC3)c(=O)[nH]c12,Constrained aromatic substitution,535.5760000000005,3.6580800000000018,158.55,5,7,9,3,39,0.9229082511444636,0.7468354430379747,In-domain,535.5760000000005,3.6580800000000018,158.55,5,7,9,3,39,0.3571428571428571,1,6,High,0.7,0.8560357758011244,One Lipinski violation,0.9229082511444636,0.5033332708112628,1.0,0.7,0.7601632817011643,Intermediate computational priority,400
O=C1COc2c(O)cc(CNC3CCN(CCn4c(=O)c5ncoc5c5ccc(F)cc54)CC3)nc2N1,O=C1COc2ccc(CNC3CCN(CCn4c(=O)c5ncoc5c5ccc(F)cc54)CC3)nc2N1,Constrained aromatic substitution,508.5100000000002,1.9675,134.75,3,9,6,4,37,0.9031994636834934,0.8024691358024691,In-domain,508.5100000000002,1.9675,134.75,3,9,6,4,37,0.36,1,4,Moderate,0.8,0.8722396245784453,One Lipinski violation,0.9031994636834934,0.46288112852381547,1.0,0.8,0.760144124030542,Intermediate computational priority,401
CNc1cc(F)cc2c(NCCCN)c(C(=O)Nc3ccc(C(=O)O)c(C)c3)c(=O)[nH]c12,CNc1cc(F)cc2c(NCCCN)c(C(=O)Nc3ccc(C(=O)O)cc3)c(=O)[nH]c12,Constrained aromatic substitution,441.4630000000002,2.7285200000000005,149.34,6,6,8,3,32,0.9100736948381344,0.8181818181818182,In-domain,441.4630000000002,2.7285200000000005,149.34,6,6,8,3,32,0.2272727272727272,1,6,High,0.7,0.847051586386694,One Lipinski violation,0.9100736948381344,0.5192456371952768,1.0,0.7,0.7598031690938368,Intermediate computational priority,402
CNc1cc(F)cc2cc(C(=O)Nc3ccc(C(=O)O)c(Cl)c3CN(C)C3CCCCC3)c(=O)[nH]c12,CNc1cc(F)cc2cc(C(=O)Nc3ccc(C(=O)O)cc3CN(C)C3CCCCC3)c(=O)[nH]c12,Constrained aromatic substitution,514.9850000000004,5.077300000000003,114.53,4,5,7,3,36,0.9282052898275236,0.75,In-domain,514.9850000000004,5.077300000000003,114.53,4,5,7,3,36,0.3461538461538461,2,7,High,0.65,0.8447437028792666,Multiple Lipinski violations,0.9282052898275236,0.5275223671664429,1.0,0.65,0.7595388260809423,Intermediate computational priority,403
O=C1COc2cc(F)c(CNC3CCN(CCn4c(=O)c5noc(O)c5c5ccc(F)cc54)CC3)nc2N1,O=C1COc2cc(F)c(CNC3CCN(CCn4c(=O)c5nocc5c5ccc(F)cc54)CC3)nc2N1,Constrained aromatic substitution,526.5000000000003,2.1066,134.75,3,9,6,4,38,0.9018845664260547,0.7777777777777778,In-domain,526.5000000000003,2.1066,134.75,3,9,6,4,38,0.36,1,4,Moderate,0.8,0.8713191964982383,One Lipinski violation,0.9018845664260547,0.4619181540781874,1.0,0.8,0.7593292727938782,Intermediate computational priority,404
CNc1cc(F)cc2c(C)c(C(=O)Nc3ccc(C(=O)O)cc3CN(CC(=O)O)C3CCCCC3)c(=O)[nH]c12,CNc1cc(F)cc2cc(C(=O)Nc3ccc(C(=O)O)cc3CN(CC(=O)O)C3CCCCC3)c(=O)[nH]c12,Constrained aromatic substitution,538.5760000000005,4.187120000000003,151.83,5,6,9,3,39,0.9544462852684462,0.7702702702702703,In-domain,538.5760000000005,4.187120000000003,151.83,5,6,9,3,39,0.3571428571428571,1,8,High,0.6,0.8481123996879123,One Lipinski violation,0.9544462852684462,0.5245268075243761,1.0,0.6,0.7591365563646912,Intermediate computational priority,405
CNc1cc(F)c(O)c2c(NCC3CNC3)c(C(=O)Nc3ccc(C(=O)O)cc3)c(=O)[nH]c12,CNc1cc(F)cc2c(NCC3CNC3)c(C(=O)Nc3ccc(C(=O)O)cc3)c(=O)[nH]c12,Constrained aromatic substitution,455.44600000000014,1.9963,155.58,7,7,7,3,33,0.9122775965765394,0.7428571428571429,In-domain,455.44600000000014,1.9963,155.58,7,7,7,3,33,0.2272727272727272,1,6,High,0.7,0.8485943176035775,One Lipinski violation,0.9122775965765394,0.5137475912325785,1.0,0.7,0.7590353160003893,Intermediate computational priority,406
CNc1cc(F)cc2c(Cl)c(C(=O)Nc3ccc(C(=O)O)cc3CN(CC(=O)O)C3CCCCC3)c(=O)[nH]c12,CNc1cc(F)cc2cc(C(=O)Nc3ccc(C(=O)O)cc3CN(CC(=O)O)C3CCCCC3)c(=O)[nH]c12,Constrained aromatic substitution,558.9940000000005,4.5321000000000025,151.83,5,6,9,3,39,0.9619760076039238,0.75,In-domain,558.9940000000005,4.5321000000000025,151.83,5,6,9,3,39,0.3333333333333333,1,8,High,0.6,0.8533832053227466,One Lipinski violation,0.9619760076039238,0.513966421569793,1.0,0.6,0.7589803295125074,Intermediate computational priority,407
N#Cc1ccc2c(n1)c1conc1c(=O)n2CCN1CCC(NCc2ccc3c(n2)NC(=O)CO3)CC1,O=C1COc2ccc(CNC3CCN(CCn4c(=O)c5nocc5c5ncccc54)CC3)nc2N1,Constrained aromatic substitution,500.5190000000004,1.3894799999999996,151.2,2,10,6,4,37,0.9419853987800824,0.7654320987654321,In-domain,500.5190000000004,1.3894799999999996,151.2,2,10,6,4,37,0.36,1,5,Moderate,0.75,0.8843897791460575,One Lipinski violation,0.9419853987800824,0.43977132187545287,1.0,0.75,0.7587255560746688,Intermediate computational priority,408
CNc1cc(F)cc2cc(C(=O)Nc3ccc(C(=O)O)c(Cl)c3CN(CCO)C3CCCCC3)c(=O)[nH]c12,CNc1cc(F)cc2cc(C(=O)Nc3ccc(C(=O)O)cc3CN(CCO)C3CCCCC3)c(=O)[nH]c12,Constrained aromatic substitution,545.0110000000004,4.439800000000003,134.76,5,6,9,3,38,0.929341961908548,0.7631578947368421,In-domain,545.0110000000004,4.439800000000003,134.76,5,6,9,3,38,0.3703703703703703,1,7,High,0.65,0.8455393733359835,One Lipinski violation,0.929341961908548,0.5230174105291203,1.0,0.65,0.7586420079221553,Intermediate computational priority,409
COc1cc(Cl)c2c3conc3c(=O)n(CCN3CCC(NCc4nc5c(cc4F)OCC(=O)N5)CC3)c2c1,COc1ccc2c3conc3c(=O)n(CCN3CCC(NCc4nc5c(cc4F)OCC(=O)N5)CC3)c2c1,Constrained aromatic substitution,556.9820000000002,2.9239000000000006,123.75,2,9,7,4,39,0.8943245361706086,0.8214285714285714,In-domain,556.9820000000002,2.9239000000000006,123.75,2,9,7,4,39,0.3846153846153846,1,4,Moderate,0.8,0.866027175319426,One Lipinski violation,0.8943245361706086,0.46959451805242114,1.0,0.8,0.7586081698839698,Intermediate computational priority,410
CNc1cc(F)cc2cc(C(=O)Nc3c(F)cc(C(=O)O)cc3CN(CC(=O)O)C3CCCCC3)c(=O)[nH]c12,CNc1cc(F)cc2cc(C(=O)Nc3ccc(C(=O)O)cc3CN(CC(=O)O)C3CCCCC3)c(=O)[nH]c12,Constrained aromatic substitution,542.5390000000004,4.017800000000002,151.83,5,6,9,3,39,0.9593332234460336,0.8194444444444444,In-domain,542.5390000000004,4.017800000000002,151.83,5,6,9,3,39,0.3333333333333333,1,8,High,0.6,0.8515332564122235,One Lipinski violation,0.9593332234460336,0.5156302108315891,1.0,0.6,0.7584223526278902,Intermediate computational priority,411
CNc1c(O)c(F)cc2cc(C(=O)Nc3cnc(C(=O)O)nc3)c(=O)[nH]c12,CNc1cc(F)cc2cc(C(=O)Nc3cnc(C(=O)O)nc3)c(=O)[nH]c12,Constrained aromatic substitution,373.3000000000001,1.1549999999999994,157.29999999999998,5,7,4,3,27,0.8298972094730834,0.7017543859649122,In-domain,373.3000000000001,1.1549999999999994,157.29999999999998,5,7,4,3,27,0.0625,0,2,Low,0.9,0.8509280466311584,Lipinski-compatible,0.8298972094730834,0.4877964131517847,1.0,0.9,0.7582978077347688,Intermediate computational priority,412
N#Cc1ccnc2c3conc3c(=O)n(CCN3CCC(NCc4ccc5c(n4)NC(=O)CO5)CC3)c12,O=C1COc2ccc(CNC3CCN(CCn4c(=O)c5nocc5c5ncccc54)CC3)nc2N1,Constrained aromatic substitution,500.5190000000003,1.3894799999999996,151.2,2,10,6,4,37,0.940371499079344,0.7560975609756098,In-domain,500.5190000000003,1.3894799999999996,151.2,2,10,6,4,37,0.36,1,5,Moderate,0.75,0.8832600493555408,One Lipinski violation,0.940371499079344,0.4394608110852029,1.0,0.75,0.7579868429572985,Intermediate computational priority,413
O=C1COc2ccc(CNC3CCN(CCn4c(=O)c5ncoc5c5cc(O)c(F)cc54)CC3)nc2N1,O=C1COc2ccc(CNC3CCN(CCn4c(=O)c5ncoc5c5ccc(F)cc54)CC3)nc2N1,Constrained aromatic substitution,508.5100000000002,1.9675,134.75,3,9,6,4,37,0.8979276701423432,0.8148148148148148,In-domain,508.5100000000002,1.9675,134.75,3,9,6,4,37,0.36,1,4,Moderate,0.8,0.8685493690996402,One Lipinski violation,0.8979276701423432,0.4625318038847842,1.0,0.8,0.7579306092223727,Intermediate computational priority,414
CNc1cc(F)cc2c(NCCN)c(C(=O)Nc3ccc(C(=O)O)c(Cl)c3)c(=O)[nH]c12,CNc1cc(F)cc2c(NCCN)c(C(=O)Nc3ccc(C(=O)O)cc3)c(=O)[nH]c12,Constrained aromatic substitution,447.85400000000016,2.6834,149.34,6,6,7,3,31,0.8904273630113492,0.7727272727272727,In-domain,447.85400000000016,2.6834,149.34,6,6,7,3,31,0.15,1,5,Moderate,0.75,0.8482991541079443,One Lipinski violation,0.8904273630113492,0.505811321020998,1.0,0.75,0.7579143415108391,Intermediate computational priority,415
CNc1c(C#N)c(F)cc2c(NCCN)c(C(=O)Nc3ccc(C(=O)O)cc3)c(=O)[nH]c12,CNc1cc(F)cc2c(NCCN)c(C(=O)Nc3ccc(C(=O)O)cc3)c(=O)[nH]c12,Constrained aromatic substitution,438.4190000000001,1.90168,173.12999999999997,6,7,7,3,32,0.8878901112301277,0.7058823529411765,In-domain,438.4190000000001,1.90168,173.12999999999997,6,7,7,3,32,0.1428571428571428,1,5,Moderate,0.75,0.8465230778610894,One Lipinski violation,0.8878901112301277,0.5075080695654033,1.0,0.75,0.7574084653616722,Intermediate computational priority,416
CNc1cc(F)cc2cc(C(=O)Nc3c(Cl)cc(C(=O)O)cc3CN(CC(=O)O)C3CCCCC3)c(=O)[nH]c12,CNc1cc(F)cc2cc(C(=O)Nc3ccc(C(=O)O)cc3CN(CC(=O)O)C3CCCCC3)c(=O)[nH]c12,Constrained aromatic substitution,558.9940000000005,4.5321000000000025,151.83,5,6,9,3,39,0.9568592662502952,0.7972972972972973,In-domain,558.9940000000005,4.5321000000000025,151.83,5,6,9,3,39,0.3333333333333333,1,8,High,0.6,0.8498014863752066,One Lipinski violation,0.9568592662502952,0.513966421569793,1.0,0.6,0.756933632971056,Intermediate computational priority,417
O=C1COc2ccc(CNC3CCN(CCn4c(=O)c5noc(Cl)c5c5ncccc54)CC3)nc2N1,O=C1COc2ccc(CNC3CCN(CCn4c(=O)c5nocc5c5ncccc54)CC3)nc2N1,Constrained aromatic substitution,509.9540000000002,2.1712,127.41,2,9,6,4,36,0.892256226813909,0.7530864197530864,In-domain,509.9540000000002,2.1712,127.41,2,9,6,4,36,0.375,1,4,Moderate,0.8,0.8645793587697362,One Lipinski violation,0.892256226813909,0.4657978475055986,1.0,0.8,0.7566418449772432,Intermediate computational priority,418
CNc1cc(F)cc2c(F)c(C(=O)Nc3ccc(C(=O)O)cc3CN(CC(=O)O)C3CCCCC3)c(=O)[nH]c12,CNc1cc(F)cc2cc(C(=O)Nc3ccc(C(=O)O)cc3CN(CC(=O)O)C3CCCCC3)c(=O)[nH]c12,Constrained aromatic substitution,542.5390000000004,4.017800000000002,151.83,5,6,9,3,39,0.9546219653703186,0.7702702702702703,In-domain,542.5390000000004,4.017800000000002,151.83,5,6,9,3,39,0.3333333333333333,1,8,High,0.6,0.8482353757592229,One Lipinski violation,0.9546219653703186,0.5156302108315891,1.0,0.6,0.7565378493976042,Intermediate computational priority,419
CNc1cc(F)cc2cc(C(=O)Nc3cc(C#N)c(C(=O)O)cc3CN(CC(=O)O)C3CCCCC3)c(=O)[nH]c12,CNc1cc(F)cc2cc(C(=O)Nc3ccc(C(=O)O)cc3CN(CC(=O)O)C3CCCCC3)c(=O)[nH]c12,Constrained aromatic substitution,549.5590000000004,3.7503800000000016,175.61999999999998,5,7,9,3,40,0.9288007289543796,0.7631578947368421,In-domain,549.5590000000004,3.7503800000000016,175.61999999999998,5,7,9,3,40,0.3214285714285714,1,6,High,0.7,0.8601605102680656,One Lipinski violation,0.9288007289543796,0.4825401789820657,1.0,0.7,0.7562823452763716,Intermediate computational priority,420
N#Cc1cc(CNC2CCN(CCn3c(=O)c4ncoc4c4ccc(F)cc43)CC2)nc2c1OCC(=O)N2,O=C1COc2ccc(CNC3CCN(CCn4c(=O)c5ncoc5c5ccc(F)cc54)CC3)nc2N1,Constrained aromatic substitution,517.5210000000003,2.13358,138.31,2,9,6,4,38,0.8984602533915963,0.7738095238095238,In-domain,517.5210000000003,2.13358,138.31,2,9,6,4,38,0.3461538461538461,1,4,Moderate,0.8,0.8689221773741174,One Lipinski violation,0.8984602533915963,0.45527201312746446,1.0,0.8,0.7559657052948779,Intermediate computational priority,421
CNc1cc(F)cc2cc(C(=O)Nc3ccc(C(=O)O)c(C#N)c3CN(CC(=O)O)C3CCCCC3)c(=O)[nH]c12,CNc1cc(F)cc2cc(C(=O)Nc3ccc(C(=O)O)cc3CN(CC(=O)O)C3CCCCC3)c(=O)[nH]c12,Constrained aromatic substitution,549.5590000000004,3.7503800000000016,175.61999999999998,5,7,9,3,40,0.9232089121779024,0.7402597402597403,In-domain,549.5590000000004,3.7503800000000016,175.61999999999998,5,7,9,3,40,0.3214285714285714,1,6,High,0.7,0.8562462385245315,One Lipinski violation,0.9232089121779024,0.4880480206549559,1.0,0.7,0.7556979710676477,Intermediate computational priority,422
CCCCCN(CCCCC)Cc1cc(C(=O)O)cc(C)c1NC(=O)c1cc2cc(F)cc(NC)c2[nH]c1=O,CCCCCN(CCCCC)Cc1cc(C(=O)O)ccc1NC(=O)c1cc2cc(F)cc(NC)c2[nH]c1=O,Constrained aromatic substitution,538.6640000000002,6.150220000000005,114.53,4,5,14,3,39,0.9692307997604396,0.7910447761194029,In-domain,538.6640000000002,6.150220000000005,114.53,4,5,14,3,39,0.4333333333333333,2,9,High,0.55,0.8434615598323078,Multiple Lipinski violations,0.9692307997604396,0.5262806924491776,1.0,0.55,0.7555765276389291,Intermediate computational priority,423
CNc1cc(F)c(C#N)c2c(NCCCN)c(C(=O)Nc3ccc(C(=O)O)cc3)c(=O)[nH]c12,CNc1cc(F)cc2c(NCCCN)c(C(=O)Nc3ccc(C(=O)O)cc3)c(=O)[nH]c12,Constrained aromatic substitution,452.44600000000014,2.29178,173.12999999999997,6,7,8,3,33,0.9325767866351876,0.704225352112676,In-domain,452.44600000000014,2.29178,173.12999999999997,6,7,8,3,33,0.1818181818181818,1,7,High,0.65,0.8478037506446312,One Lipinski violation,0.9325767866351876,0.5080015713940509,1.0,0.65,0.7554311860722903,Intermediate computational priority,424
CNc1c(C#N)c(F)cc2cc(C(=O)Nc3ccc(C(=O)O)cc3CN(CC(=O)O)C3CCCCC3)c(=O)[nH]c12,CNc1cc(F)cc2cc(C(=O)Nc3ccc(C(=O)O)cc3CN(CC(=O)O)C3CCCCC3)c(=O)[nH]c12,Constrained aromatic substitution,549.5590000000004,3.7503800000000016,175.61999999999998,5,7,9,3,40,0.915447791396672,0.7564102564102564,In-domain,549.5590000000004,3.7503800000000016,175.61999999999998,5,7,9,3,40,0.3214285714285714,1,6,High,0.7,0.8508134539776703,One Lipinski violation,0.915447791396672,0.49696325590514256,1.0,0.7,0.7552680933302116,Intermediate computational priority,425
COc1cc2c(cc1C#N)c1conc1c(=O)n2CCN1CCC(NCc2nc3c(cc2F)OCC(=O)N3)CC1,COc1ccc2c3conc3c(=O)n(CCN3CCC(NCc4nc5c(cc4F)OCC(=O)N5)CC3)c2c1,Constrained aromatic substitution,547.5470000000003,2.14218,147.54000000000002,2,10,7,4,40,0.9307604383287468,0.7727272727272727,In-domain,547.5470000000003,2.14218,147.54000000000002,2,10,7,4,40,0.3703703703703703,1,5,Moderate,0.75,0.8765323068301227,One Lipinski violation,0.9307604383287468,0.44319033069160135,1.0,0.75,0.7552612745389791,Intermediate computational priority,426
COc1cc(C#N)c2c3conc3c(=O)n(CCN3CCC(NCc4nc5c(cc4F)OCC(=O)N5)CC3)c2c1,COc1ccc2c3conc3c(=O)n(CCN3CCC(NCc4nc5c(cc4F)OCC(=O)N5)CC3)c2c1,Constrained aromatic substitution,547.5470000000003,2.14218,147.54000000000002,2,10,7,4,40,0.9269700597134248,0.7931034482758621,In-domain,547.5470000000003,2.14218,147.54000000000002,2,10,7,4,40,0.3703703703703703,1,5,Moderate,0.75,0.8738790417993973,One Lipinski violation,0.9269700597134248,0.44319033069160135,1.0,0.75,0.7537451230928504,Intermediate computational priority,427
CNc1cc(F)c(C#N)c2cc(C(=O)Nc3ccc(C(=O)O)cc3CN(CC(=O)O)C3CCCCC3)c(=O)[nH]c12,CNc1cc(F)cc2cc(C(=O)Nc3ccc(C(=O)O)cc3CN(CC(=O)O)C3CCCCC3)c(=O)[nH]c12,Constrained aromatic substitution,549.5590000000004,3.7503800000000016,175.61999999999998,5,7,9,3,40,0.9137604130268356,0.7435897435897436,In-domain,549.5590000000004,3.7503800000000016,175.61999999999998,5,7,9,3,40,0.3214285714285714,1,6,High,0.7,0.8496322891187849,One Lipinski violation,0.9137604130268356,0.4921555635974503,1.0,0.7,0.7531508342899693,Intermediate computational priority,428
CCCCCN(CCCCC)Cc1cc(C(=O)O)cc(F)c1NC(=O)c1cc2cc(F)cc(NC)c2[nH]c1=O,CCCCCN(CCCCC)Cc1cc(C(=O)O)ccc1NC(=O)c1cc2cc(F)cc(NC)c2[nH]c1=O,Constrained aromatic substitution,542.6270000000002,5.980900000000005,114.53,4,5,14,3,39,0.9651821401774786,0.803030303030303,In-domain,542.6270000000002,5.980900000000005,114.53,4,5,14,3,39,0.4137931034482758,2,9,High,0.55,0.840627498124235,Multiple Lipinski violations,0.9651821401774786,0.523174689779386,1.0,0.55,0.7530252630048072,Intermediate computational priority,429
CCCCCN(CCCCC)Cc1cc(C(=O)O)ccc1NC(=O)c1c(C)c2cc(F)cc(NC)c2[nH]c1=O,CCCCCN(CCCCC)Cc1cc(C(=O)O)ccc1NC(=O)c1cc2cc(F)cc(NC)c2[nH]c1=O,Constrained aromatic substitution,538.6640000000002,6.150220000000005,114.53,4,5,14,3,39,0.9633316557941812,0.7536231884057971,In-domain,538.6640000000002,6.150220000000005,114.53,4,5,14,3,39,0.4333333333333333,2,9,High,0.55,0.8393321590559268,Multiple Lipinski violations,0.9633316557941812,0.5253083749017056,1.0,0.55,0.7529251747881841,Intermediate computational priority,430
COc1ccc2c3c(C#N)onc3c(=O)n(CCN3CCC(NCc4nc5c(cc4F)OCC(=O)N5)CC3)c2c1,COc1ccc2c3conc3c(=O)n(CCN3CCC(NCc4nc5c(cc4F)OCC(=O)N5)CC3)c2c1,Constrained aromatic substitution,547.5470000000003,2.14218,147.54000000000002,2,10,7,4,40,0.920938171243329,0.7640449438202247,In-domain,547.5470000000003,2.14218,147.54000000000002,2,10,7,4,40,0.3703703703703703,1,5,Moderate,0.75,0.8696567198703302,One Lipinski violation,0.920938171243329,0.44732256209656,1.0,0.75,0.7525720371262996,Intermediate computational priority,431
CCCCCN(CCCCC)Cc1cc(C(=O)O)ccc1NC(=O)c1c(F)c2cc(F)cc(NC)c2[nH]c1=O,CCCCCN(CCCCC)Cc1cc(C(=O)O)ccc1NC(=O)c1cc2cc(F)cc(NC)c2[nH]c1=O,Constrained aromatic substitution,542.6270000000002,5.980900000000005,114.53,4,5,14,3,39,0.9636218691906056,0.7761194029850746,In-domain,542.6270000000002,5.980900000000005,114.53,4,5,14,3,39,0.4137931034482758,2,9,High,0.55,0.8395353084334238,Multiple Lipinski violations,0.9636218691906056,0.523174689779386,1.0,0.55,0.752401154610058,Intermediate computational priority,432
CNc1c(C)c(F)cc2c(NCCCN)c(C(=O)Nc3ccc(C(=O)O)cc3)c(=O)[nH]c12,CNc1cc(F)cc2c(NCCCN)c(C(=O)Nc3ccc(C(=O)O)cc3)c(=O)[nH]c12,Constrained aromatic substitution,441.4630000000001,2.72852,149.34,6,6,8,3,32,0.8725614326350549,0.7575757575757576,In-domain,441.4630000000001,2.72852,149.34,6,6,8,3,32,0.2272727272727272,1,6,High,0.7,0.8207930028445384,One Lipinski violation,0.8725614326350549,0.543334656515404,1.0,0.7,0.7520249700086432,Intermediate computational priority,433
CNc1cc(F)cc2c(NCCCN)c(C(=O)Nc3ccc(C(=O)O)c(F)c3)c(=O)[nH]c12,CNc1cc(F)cc2c(NCCCN)c(C(=O)Nc3ccc(C(=O)O)cc3)c(=O)[nH]c12,Constrained aromatic substitution,445.42600000000016,2.5592,149.34,6,6,8,3,32,0.9005856699328505,0.8153846153846154,In-domain,445.42600000000016,2.5592,149.34,6,6,8,3,32,0.1904761904761904,1,6,High,0.7,0.8404099689529952,One Lipinski violation,0.9005856699328505,0.5052770153903906,1.0,0.7,0.7518173725902574,Intermediate computational priority,434
CNc1cc(F)cc2c(NCCN)c(C(=O)Nc3ccc(C(=O)O)c(O)c3)c(=O)[nH]c12,CNc1cc(F)cc2c(NCCN)c(C(=O)Nc3ccc(C(=O)O)cc3)c(=O)[nH]c12,Constrained aromatic substitution,429.4080000000001,1.7356,169.57,7,7,7,3,31,0.8935852911115084,0.7846153846153846,In-domain,429.4080000000001,1.7356,169.57,7,7,7,3,31,0.15,1,5,Moderate,0.75,0.8505097037780558,One Lipinski violation,0.8935852911115084,0.48107202724297016,1.0,0.75,0.7517557246174944,Intermediate computational priority,435
N#Cc1cnc2c3conc3c(=O)n(CCN3CCC(NCc4ccc5c(n4)NC(=O)CO5)CC3)c2c1,O=C1COc2ccc(CNC3CCN(CCn4c(=O)c5nocc5c5ncccc54)CC3)nc2N1,Constrained aromatic substitution,500.5190000000003,1.3894799999999996,151.2,2,10,6,4,37,0.92468262712187,0.7590361445783133,In-domain,500.5190000000003,1.3894799999999996,151.2,2,10,6,4,37,0.36,1,5,Moderate,0.75,0.872277838985309,One Lipinski violation,0.92468262712187,0.43885585040764696,1.0,0.75,0.751529805971042,Intermediate computational priority,436
CNc1c(F)c(F)cc2c(NCCCN)c(C(=O)Nc3ccc(C(=O)O)cc3)c(=O)[nH]c12,CNc1cc(F)cc2c(NCCCN)c(C(=O)Nc3ccc(C(=O)O)cc3)c(=O)[nH]c12,Constrained aromatic substitution,445.4260000000001,2.5592,149.34,6,6,8,3,32,0.8769356838137145,0.7692307692307693,In-domain,445.4260000000001,2.5592,149.34,6,6,8,3,32,0.1904761904761904,1,6,High,0.7,0.8238549786696,One Lipinski violation,0.8769356838137145,0.5342572061460766,1.0,0.7,0.7510514353693087,Intermediate computational priority,437
COc1ccc2c3conc3c(=O)n(CCN3CCC(NCc4nc5c(c(C#N)c4F)OCC(=O)N5)CC3)c2c1,COc1ccc2c3conc3c(=O)n(CCN3CCC(NCc4nc5c(cc4F)OCC(=O)N5)CC3)c2c1,Constrained aromatic substitution,547.5470000000003,2.14218,147.54000000000002,2,10,7,4,40,0.916704619987008,0.7640449438202247,In-domain,547.5470000000003,2.14218,147.54000000000002,2,10,7,4,40,0.3703703703703703,1,5,Moderate,0.75,0.8666932339909056,One Lipinski violation,0.916704619987008,0.44732256209656,1.0,0.75,0.7508786166237713,Intermediate computational priority,438
CNc1cc(F)cc2c(NCCN)c(C(=O)Nc3ccc(C(=O)O)c(C#N)c3)c(=O)[nH]c12,CNc1cc(F)cc2c(NCCN)c(C(=O)Nc3ccc(C(=O)O)cc3)c(=O)[nH]c12,Constrained aromatic substitution,438.41900000000015,1.90168,173.13,6,7,7,3,32,0.8909029448258406,0.7391304347826086,In-domain,438.41900000000015,1.90168,173.13,6,7,7,3,32,0.1428571428571428,1,5,Moderate,0.75,0.8486320613780884,One Lipinski violation,0.8909029448258406,0.4789366409939747,1.0,0.75,0.7500421702285287,Intermediate computational priority,439
N#Cc1cc2c(nc1CNC1CCN(CCn3c(=O)c4nocc4c4ncccc43)CC1)NC(=O)CO2,O=C1COc2ccc(CNC3CCN(CCn4c(=O)c5nocc5c5ncccc54)CC3)nc2N1,Constrained aromatic substitution,500.5190000000003,1.3894799999999994,151.2,2,10,6,4,37,0.9204438169669946,0.7590361445783133,In-domain,500.5190000000003,1.3894799999999994,151.2,2,10,6,4,37,0.36,1,5,Moderate,0.75,0.8693106718768961,One Lipinski violation,0.9204438169669946,0.43885585040764696,1.0,0.75,0.749834281909092,Intermediate computational priority,440
CNc1cc(F)cc2c(O)c(C(=O)Nc3ccc(C(=O)O)cc3CN(CCO)C3CCCCC3)c(=O)[nH]c12,CNc1cc(F)cc2cc(C(=O)Nc3ccc(C(=O)O)cc3CN(CCO)C3CCCCC3)c(=O)[nH]c12,Constrained aromatic substitution,526.5650000000005,3.4920000000000018,154.99,6,7,9,3,38,0.9672507894948268,0.7733333333333333,In-domain,526.5650000000005,3.4920000000000018,154.99,6,7,9,3,38,0.3703703703703703,2,9,High,0.55,0.8420755526463788,Multiple Lipinski violations,0.9672507894948268,0.5082036643175898,1.0,0.55,0.7493614150932076,Intermediate computational priority,441
CNc1c(O)c(F)cc2c(NCCN)c(C(=O)Nc3ccc(C(=O)O)cc3)c(=O)[nH]c12,CNc1cc(F)cc2c(NCCN)c(C(=O)Nc3ccc(C(=O)O)cc3)c(=O)[nH]c12,Constrained aromatic substitution,429.4080000000001,1.7356,169.56999999999996,7,7,7,3,31,0.8641469060717193,0.75,In-domain,429.4080000000001,1.7356,169.56999999999996,7,7,7,3,31,0.15,1,5,Moderate,0.75,0.8299028342502034,One Lipinski violation,0.8641469060717193,0.5112551049272849,1.0,0.75,0.7490352939068732,Intermediate computational priority,442
COc1cc2c(cc1O)c1conc1c(=O)n2CCN1CCC(NCc2nc3c(cc2F)OCC(=O)N3)CC1,COc1ccc2c3conc3c(=O)n(CCN3CCC(NCc4nc5c(cc4F)OCC(=O)N5)CC3)c2c1,Constrained aromatic substitution,538.5360000000002,1.9761,143.98000000000002,3,10,7,4,39,0.9090278493299908,0.8,In-domain,538.5360000000002,1.9761,143.98000000000002,3,10,7,4,39,0.3846153846153846,1,5,Moderate,0.75,0.8613194945309935,One Lipinski violation,0.9090278493299908,0.45051508899882686,1.0,0.75,0.7487656664316443,Intermediate computational priority,443
COc1ccc2c3conc3c(=O)n(CCN3CCC(NCc4nc5c(cc4F)OCC(=O)N5)CC3)c2c1O,COc1ccc2c3conc3c(=O)n(CCN3CCC(NCc4nc5c(cc4F)OCC(=O)N5)CC3)c2c1,Constrained aromatic substitution,538.5360000000004,1.9761,143.98,3,10,7,4,39,0.9056558065052984,0.7701149425287356,In-domain,538.5360000000004,1.9761,143.98,3,10,7,4,39,0.3846153846153846,1,5,Moderate,0.75,0.8589590645537089,One Lipinski violation,0.9056558065052984,0.4547885932723311,1.0,0.75,0.7486989005838187,Intermediate computational priority,444
O=C1COc2c(nc(CNC3CCN(CCn4c(=O)c5nocc5c5ccc(F)cc54)CC3)c(F)c2O)N1,O=C1COc2cc(F)c(CNC3CCN(CCn4c(=O)c5nocc5c5ccc(F)cc54)CC3)nc2N1,Constrained aromatic substitution,526.5000000000002,2.1066,134.75,3,9,6,4,38,0.8745327065954726,0.7777777777777778,In-domain,526.5000000000002,2.1066,134.75,3,9,6,4,38,0.36,1,4,Moderate,0.8,0.8521728946168308,One Lipinski violation,0.8745327065954726,0.4619181540781875,1.0,0.8,0.7483885288616453,Intermediate computational priority,445
N#Cc1onc2c(=O)n(CCN3CCC(NCc4ccc5c(n4)NC(=O)CO5)CC3)c3cccnc3c12,O=C1COc2ccc(CNC3CCN(CCn4c(=O)c5nocc5c5ncccc54)CC3)nc2N1,Constrained aromatic substitution,500.5190000000003,1.38948,151.2,2,10,6,4,37,0.9163069572735926,0.7261904761904762,In-domain,500.5190000000003,1.38948,151.2,2,10,6,4,37,0.36,1,5,Moderate,0.75,0.8664148700915147,One Lipinski violation,0.9163069572735926,0.4391557004826095,1.0,0.75,0.7482694930542199,Intermediate computational priority,446
CNc1c(C)c(F)cc2cc(C(=O)Nc3ccc(C(=O)O)cc3CN(CC(=O)O)C3CCCCC3)c(=O)[nH]c12,CNc1cc(F)cc2cc(C(=O)Nc3ccc(C(=O)O)cc3CN(CC(=O)O)C3CCCCC3)c(=O)[nH]c12,Constrained aromatic substitution,538.5760000000005,4.187120000000002,151.83,5,6,9,3,39,0.9214303888155564,0.7972972972972973,In-domain,538.5760000000005,4.187120000000002,151.83,5,6,9,3,39,0.3571428571428571,1,8,High,0.6,0.8250012721708895,One Lipinski violation,0.9214303888155564,0.528701204555916,1.0,0.6,0.7471825168929973,Intermediate computational priority,447
CNc1c(Cl)c(F)cc2cc(C(=O)Nc3ccc(C(=O)O)cc3CN(CC(=O)O)C3CCCCC3)c(=O)[nH]c12,CNc1cc(F)cc2cc(C(=O)Nc3ccc(C(=O)O)cc3CN(CC(=O)O)C3CCCCC3)c(=O)[nH]c12,Constrained aromatic substitution,558.9940000000005,4.5321000000000025,151.83,5,6,9,3,39,0.928482099061404,0.7866666666666666,In-domain,558.9940000000005,4.5321000000000025,151.83,5,6,9,3,39,0.3333333333333333,1,8,High,0.6,0.8299374693429828,One Lipinski violation,0.928482099061404,0.518916916619298,1.0,0.6,0.7470679146103509,Intermediate computational priority,448
CNc1c(C#N)c(F)cc2c(NCC3CNC3)c(C(=O)Nc3ccc(C(=O)O)cc3)c(=O)[nH]c12,CNc1cc(F)cc2c(NCC3CNC3)c(C(=O)Nc3ccc(C(=O)O)cc3)c(=O)[nH]c12,Constrained aromatic substitution,464.45700000000016,2.16238,159.14,6,7,7,3,34,0.8844237048328374,0.7123287671232876,In-domain,464.45700000000016,2.16238,159.14,6,7,7,3,34,0.217391304347826,1,6,High,0.7,0.8290965933829861,One Lipinski violation,0.8844237048328374,0.5109523803248719,1.0,0.7,0.7470551960305964,Intermediate computational priority,449
CNc1cc(F)c(Cl)c2cc(C(=O)Nc3ccc(C(=O)O)cc3CN(CC(=O)O)C3CCCCC3)c(=O)[nH]c12,CNc1cc(F)cc2cc(C(=O)Nc3ccc(C(=O)O)cc3CN(CC(=O)O)C3CCCCC3)c(=O)[nH]c12,Constrained aromatic substitution,558.9940000000005,4.5321000000000025,151.83,5,6,9,3,39,0.9303948429121688,0.7733333333333333,In-domain,558.9940000000005,4.5321000000000025,151.83,5,6,9,3,39,0.3333333333333333,1,8,High,0.6,0.831276390038518,One Lipinski violation,0.9303948429121688,0.513966421569793,1.0,0.6,0.7463478636358054,Intermediate computational priority,450
CNc1cc(F)cc2c(NCC3CNC3)c(C(=O)Nc3ccc(C(=O)O)c(O)c3)c(=O)[nH]c12,CNc1cc(F)cc2c(NCC3CNC3)c(C(=O)Nc3ccc(C(=O)O)cc3)c(=O)[nH]c12,Constrained aromatic substitution,455.44600000000014,1.9963,155.57999999999998,7,7,7,3,33,0.9001538939023398,0.7971014492753623,In-domain,455.44600000000014,1.9963,155.57999999999998,7,7,7,3,33,0.2272727272727272,1,6,High,0.7,0.8401077257316378,One Lipinski violation,0.9001538939023398,0.4873500757046283,1.0,0.7,0.7462665802723244,Intermediate computational priority,451
CNc1cc(F)cc2cc(C(=O)Nc3cc(C)c(C(=O)O)cc3CN(CC(=O)O)C3CCCCC3)c(=O)[nH]c12,CNc1cc(F)cc2cc(C(=O)Nc3ccc(C(=O)O)cc3CN(CC(=O)O)C3CCCCC3)c(=O)[nH]c12,Constrained aromatic substitution,538.5760000000005,4.187120000000003,151.83,5,6,9,3,39,0.9297208930228588,0.8169014084507042,In-domain,538.5760000000005,4.187120000000003,151.83,5,6,9,3,39,0.3571428571428571,1,8,High,0.6,0.8308046251160011,One Lipinski violation,0.9297208930228588,0.514322725891723,1.0,0.6,0.7461851749766604,Intermediate computational priority,452
CCCCCN(CCCCC)Cc1cc(C(=O)O)cc(Cl)c1NC(=O)c1cc2cc(F)cc(NC)c2[nH]c1=O,CCCCCN(CCCCC)Cc1cc(C(=O)O)ccc1NC(=O)c1cc2cc(F)cc(NC)c2[nH]c1=O,Constrained aromatic substitution,559.0820000000001,6.495200000000006,114.53,4,5,14,3,39,0.9571498371306848,0.7794117647058824,In-domain,559.0820000000001,6.495200000000006,114.53,4,5,14,3,39,0.4137931034482758,2,9,High,0.55,0.8350048859914794,Multiple Lipinski violations,0.9571498371306848,0.5106855102617627,1.0,0.55,0.7460655879308027,Intermediate computational priority,453
COc1ccc2c3c(O)onc3c(=O)n(CCN3CCC(NCc4nc5c(cc4F)OCC(=O)N5)CC3)c2c1,COc1ccc2c3conc3c(=O)n(CCN3CCC(NCc4nc5c(cc4F)OCC(=O)N5)CC3)c2c1,Constrained aromatic substitution,538.5360000000003,1.9760999999999995,143.98000000000002,3,10,7,4,39,0.8973960924970181,0.7906976744186046,In-domain,538.5360000000003,1.9760999999999995,143.98000000000002,3,10,7,4,39,0.3846153846153846,1,5,Moderate,0.75,0.8531772647479127,One Lipinski violation,0.8973960924970181,0.45478859327233107,1.0,0.75,0.7453950149805065,Intermediate computational priority,454
CCCCCN(CCCCC)Cc1cc(C(=O)O)ccc1NC(=O)c1c(Cl)c2cc(F)cc(NC)c2[nH]c1=O,CCCCCN(CCCCC)Cc1cc(C(=O)O)ccc1NC(=O)c1cc2cc(F)cc(NC)c2[nH]c1=O,Constrained aromatic substitution,559.0820000000002,6.495200000000006,114.53,4,5,14,3,39,0.9560891207929187,0.7428571428571429,In-domain,559.0820000000002,6.495200000000006,114.53,4,5,14,3,39,0.4137931034482758,2,9,High,0.55,0.8342623845550431,Multiple Lipinski violations,0.9560891207929187,0.5098083172793064,1.0,0.55,0.7453781435009594,Intermediate computational priority,455
CNc1cc(F)cc2cc(C(=O)Nc3ccc(C(=O)O)c(C)c3CN(CC(=O)O)C3CCCCC3)c(=O)[nH]c12,CNc1cc(F)cc2cc(C(=O)Nc3ccc(C(=O)O)cc3CN(CC(=O)O)C3CCCCC3)c(=O)[nH]c12,Constrained aromatic substitution,538.5760000000005,4.187120000000002,151.83,5,6,9,3,39,0.923731777760482,0.7702702702702703,In-domain,538.5760000000005,4.187120000000002,151.83,5,6,9,3,39,0.3571428571428571,1,8,High,0.6,0.8266122444323374,One Lipinski violation,0.923731777760482,0.5186001944549058,1.0,0.6,0.7450727694406645,Intermediate computational priority,456
CNc1cc(F)cc2cc(C(=O)Nc3cc(Cl)c(C(=O)O)cc3CN(CC(=O)O)C3CCCCC3)c(=O)[nH]c12,CNc1cc(F)cc2cc(C(=O)Nc3ccc(C(=O)O)cc3CN(CC(=O)O)C3CCCCC3)c(=O)[nH]c12,Constrained aromatic substitution,558.9940000000005,4.5321000000000025,151.83,5,6,9,3,39,0.9344607514657818,0.7945205479452054,In-domain,558.9940000000005,4.5321000000000025,151.83,5,6,9,3,39,0.3333333333333333,1,8,High,0.6,0.8341225260260472,One Lipinski violation,0.9344607514657818,0.5040654314707831,1.0,0.6,0.7450039300275476,Intermediate computational priority,457
CNc1cc(F)cc2c(O)c(C(=O)Nc3ccc(C(=O)O)cc3CN(CC(=O)O)C3CCCCC3)c(=O)[nH]c12,CNc1cc(F)cc2cc(C(=O)Nc3ccc(C(=O)O)cc3CN(CC(=O)O)C3CCCCC3)c(=O)[nH]c12,Constrained aromatic substitution,540.5480000000005,3.5843000000000016,172.05999999999997,6,7,9,3,39,0.9639054028400073,0.7702702702702703,In-domain,540.5480000000005,3.5843000000000016,172.05999999999997,6,7,9,3,39,0.3333333333333333,2,9,High,0.55,0.8397337819880051,Multiple Lipinski violations,0.9639054028400073,0.4971014371792573,1.0,0.55,0.7446925922897801,Intermediate computational priority,458
CNc1cc(F)c(C)c2cc(C(=O)Nc3ccc(C(=O)O)cc3CN(CC(=O)O)C3CCCCC3)c(=O)[nH]c12,CNc1cc(F)cc2cc(C(=O)Nc3ccc(C(=O)O)cc3CN(CC(=O)O)C3CCCCC3)c(=O)[nH]c12,Constrained aromatic substitution,538.5760000000005,4.187120000000003,151.83,5,6,9,3,39,0.9178115591945688,0.7945205479452054,In-domain,538.5760000000005,4.187120000000003,151.83,5,6,9,3,39,0.3571428571428571,1,8,High,0.6,0.8224680914361981,One Lipinski violation,0.9178115591945688,0.5245268075243761,1.0,0.6,0.7444826659351403,Intermediate computational priority,459
COc1cc(O)c2c3conc3c(=O)n(CCN3CCC(NCc4nc5c(cc4F)OCC(=O)N5)CC3)c2c1,COc1ccc2c3conc3c(=O)n(CCN3CCC(NCc4nc5c(cc4F)OCC(=O)N5)CC3)c2c1,Constrained aromatic substitution,538.5360000000003,1.9760999999999995,143.98000000000002,3,10,7,4,39,0.8957609076499561,0.8214285714285714,In-domain,538.5360000000003,1.9760999999999995,143.98000000000002,3,10,7,4,39,0.3846153846153846,1,5,Moderate,0.75,0.8520326353549692,One Lipinski violation,0.8957609076499561,0.4505150889988268,1.0,0.75,0.7434588897596305,Intermediate computational priority,460
CCCCCN(CCCCC)Cc1cc(C(=O)O)ccc1NC(=O)c1cc2cc(F)c(C)c(NC)c2[nH]c1=O,CCCCCN(CCCCC)Cc1cc(C(=O)O)ccc1NC(=O)c1cc2cc(F)cc(NC)c2[nH]c1=O,Constrained aromatic substitution,538.6640000000002,6.150220000000005,114.53,4,5,14,3,39,0.9345731461491456,0.7794117647058824,In-domain,538.6640000000002,6.150220000000005,114.53,4,5,14,3,39,0.4333333333333333,2,9,High,0.55,0.8192012023044019,Multiple Lipinski violations,0.9345731461491456,0.5316570365351991,1.0,0.55,0.7433263694202179,Intermediate computational priority,461
CNc1c(F)c(F)cc2cc(C(=O)Nc3ccc(C(=O)O)cc3CN(CC(=O)O)C3CCCCC3)c(=O)[nH]c12,CNc1cc(F)cc2cc(C(=O)Nc3ccc(C(=O)O)cc3CN(CC(=O)O)C3CCCCC3)c(=O)[nH]c12,Constrained aromatic substitution,542.5390000000004,4.017800000000002,151.83,5,6,9,3,39,0.915938085860218,0.8082191780821918,In-domain,542.5390000000004,4.017800000000002,151.83,5,6,9,3,39,0.3333333333333333,1,8,High,0.6,0.8211566601021525,One Lipinski violation,0.915938085860218,0.5206807158820941,1.0,0.6,0.7425794491087154,Intermediate computational priority,462
CCCCCN(CCCCC)Cc1cc(C(=O)O)ccc1NC(=O)c1cc2c(C)c(F)cc(NC)c2[nH]c1=O,CCCCCN(CCCCC)Cc1cc(C(=O)O)ccc1NC(=O)c1cc2cc(F)cc(NC)c2[nH]c1=O,Constrained aromatic substitution,538.6640000000002,6.150220000000005,114.53,4,5,14,3,39,0.9373502621757392,0.7794117647058824,In-domain,538.6640000000002,6.150220000000005,114.53,4,5,14,3,39,0.4333333333333333,2,9,High,0.55,0.8211451835230175,Multiple Lipinski violations,0.9373502621757392,0.5253083749017056,1.0,0.55,0.7425326173408073,Intermediate computational priority,463
CNc1cc(F)cc2cc(C(=O)Nc3ccc(C(=O)O)c(F)c3CN(CC(=O)O)C3CCCCC3)c(=O)[nH]c12,CNc1cc(F)cc2cc(C(=O)Nc3ccc(C(=O)O)cc3CN(CC(=O)O)C3CCCCC3)c(=O)[nH]c12,Constrained aromatic substitution,542.5390000000004,4.017800000000002,151.83,5,6,9,3,39,0.9227957966359668,0.7916666666666666,In-domain,542.5390000000004,4.017800000000002,151.83,5,6,9,3,39,0.3333333333333333,1,8,High,0.6,0.8259570576451767,One Lipinski violation,0.9227957966359668,0.5113527422684063,1.0,0.6,0.7425241413349086,Intermediate computational priority,464
CNc1cc(F)cc2cc(C(=O)Nc3ccc(C(=O)O)c(Cl)c3CN(CC(=O)O)C3CCCCC3)c(=O)[nH]c12,CNc1cc(F)cc2cc(C(=O)Nc3ccc(C(=O)O)cc3CN(CC(=O)O)C3CCCCC3)c(=O)[nH]c12,Constrained aromatic substitution,558.9940000000004,4.5321000000000025,151.83,5,6,9,3,39,0.9242392782527984,0.76,In-domain,558.9940000000004,4.5321000000000025,151.83,5,6,9,3,39,0.3333333333333333,1,8,High,0.6,0.8269674947769587,One Lipinski violation,0.9242392782527984,0.509015926520288,1.0,0.6,0.7424004892572058,Intermediate computational priority,465
CCCCCN(CCCCC)Cc1cc(C(=O)O)ccc1NC(=O)c1c(O)c2cc(F)cc(NC)c2[nH]c1=O,CCCCCN(CCCCC)Cc1cc(C(=O)O)ccc1NC(=O)c1cc2cc(F)cc(NC)c2[nH]c1=O,Constrained aromatic substitution,540.6360000000002,5.547400000000005,134.76000000000002,5,6,14,3,39,0.9674601904222294,0.7536231884057971,In-domain,540.6360000000002,5.547400000000005,134.76000000000002,5,6,14,3,39,0.4137931034482758,2,10,High,0.5,0.8272221332955606,Multiple Lipinski violations,0.9674601904222294,0.5169334719679872,1.0,0.5,0.7420641177592879,Intermediate computational priority,466
CNc1cc(F)cc2c(NCCCN)c(C(=O)Nc3ccc(C(=O)O)c(O)c3)c(=O)[nH]c12,CNc1cc(F)cc2c(NCCCN)c(C(=O)Nc3ccc(C(=O)O)cc3)c(=O)[nH]c12,Constrained aromatic substitution,443.4350000000002,2.1257,169.57,7,7,8,3,32,0.8924686410616581,0.7910447761194029,In-domain,443.4350000000002,2.1257,169.57,7,7,8,3,32,0.1904761904761904,1,6,High,0.7,0.8347280487431606,One Lipinski violation,0.8924686410616581,0.4835675246812299,1.0,0.7,0.7420577138290323,Intermediate computational priority,467
CNc1cc(F)cc2c(NCC3CNC3)c(C(=O)Nc3ccc(C(=O)O)c(C#N)c3)c(=O)[nH]c12,CNc1cc(F)cc2c(NCC3CNC3)c(C(=O)Nc3ccc(C(=O)O)cc3)c(=O)[nH]c12,Constrained aromatic substitution,464.45700000000016,2.16238,159.14,6,7,7,3,34,0.8914895388099173,0.7534246575342466,In-domain,464.45700000000016,2.16238,159.14,6,7,7,3,34,0.217391304347826,1,6,High,0.7,0.834042677166942,One Lipinski violation,0.8914895388099173,0.48484298920000085,1.0,0.7,0.7420487122839672,Intermediate computational priority,468
CNc1cc(F)c(F)c2cc(C(=O)Nc3ccc(C(=O)O)cc3CN(CC(=O)O)C3CCCCC3)c(=O)[nH]c12,CNc1cc(F)cc2cc(C(=O)Nc3ccc(C(=O)O)cc3CN(CC(=O)O)C3CCCCC3)c(=O)[nH]c12,Constrained aromatic substitution,542.5390000000004,4.017800000000002,151.83,5,6,9,3,39,0.9172175207063752,0.7945205479452054,In-domain,542.5390000000004,4.017800000000002,151.83,5,6,9,3,39,0.3333333333333333,1,8,High,0.6,0.8220522644944626,One Lipinski violation,0.9172175207063752,0.5156302108315891,1.0,0.6,0.7415760715320268,Intermediate computational priority,469
CNc1c(Cl)c(F)cc2c(NCCCN)c(C(=O)Nc3ccc(C(=O)O)cc3)c(=O)[nH]c12,CNc1cc(F)cc2c(NCCCN)c(C(=O)Nc3ccc(C(=O)O)cc3)c(=O)[nH]c12,Constrained aromatic substitution,461.88100000000014,3.0735,149.34,6,6,8,3,32,0.875238888959911,0.746268656716418,In-domain,461.88100000000014,3.0735,149.34,6,6,8,3,32,0.1904761904761904,1,7,High,0.65,0.8076672222719377,One Lipinski violation,0.875238888959911,0.5369629866296286,1.0,0.65,0.741184451572853,Intermediate computational priority,470
N#Cc1cc(CNC2CCN(CCn3c(=O)c4nocc4c4ncccc43)CC2)nc2c1OCC(=O)N2,O=C1COc2ccc(CNC3CCN(CCn4c(=O)c5nocc5c5ncccc54)CC3)nc2N1,Constrained aromatic substitution,500.5190000000003,1.3894799999999994,151.20000000000002,2,10,6,4,37,0.8982102032691855,0.75,In-domain,500.5190000000003,1.3894799999999994,151.20000000000002,2,10,6,4,37,0.36,1,5,Moderate,0.75,0.8537471422884298,One Lipinski violation,0.8982102032691855,0.4385611259749915,1.0,0.75,0.7408524191001716,Intermediate computational priority,471
CCCCCN(CCCCC)Cc1cc(C(=O)O)ccc1NC(=O)c1cc2c(F)c(F)cc(NC)c2[nH]c1=O,CCCCCN(CCCCC)Cc1cc(C(=O)O)ccc1NC(=O)c1cc2cc(F)cc(NC)c2[nH]c1=O,Constrained aromatic substitution,542.6270000000002,5.980900000000005,114.53,4,5,14,3,39,0.9331370059257552,0.7910447761194029,In-domain,542.6270000000002,5.980900000000005,114.53,4,5,14,3,39,0.4137931034482758,2,9,High,0.55,0.8181959041480287,Multiple Lipinski violations,0.9331370059257552,0.5222595673817653,1.0,0.55,0.7399326725848316,Intermediate computational priority,472
CCCCCN(CCCCC)Cc1cc(C(=O)O)ccc1NC(=O)c1cc2cc(F)c(F)c(NC)c2[nH]c1=O,CCCCCN(CCCCC)Cc1cc(C(=O)O)ccc1NC(=O)c1cc2cc(F)cc(NC)c2[nH]c1=O,Constrained aromatic substitution,542.6270000000002,5.9809000000000045,114.53,4,5,14,3,39,0.9258274826741228,0.7910447761194029,In-domain,542.6270000000002,5.9809000000000045,114.53,4,5,14,3,39,0.4137931034482758,2,9,High,0.55,0.813079237871886,Multiple Lipinski violations,0.9258274826741228,0.5285510338654075,1.0,0.55,0.7388963032292714,Intermediate computational priority,473
CNc1c(O)c(F)cc2c(NCCCN)c(C(=O)Nc3ccc(C(=O)O)cc3)c(=O)[nH]c12,CNc1cc(F)cc2c(NCCCN)c(C(=O)Nc3ccc(C(=O)O)cc3)c(=O)[nH]c12,Constrained aromatic substitution,443.4350000000001,2.1257,169.56999999999996,7,7,8,3,32,0.8613577021086171,0.7575757575757576,In-domain,443.4350000000001,2.1257,169.56999999999996,7,7,8,3,32,0.1904761904761904,1,6,High,0.7,0.8129503914760319,One Lipinski violation,0.8613577021086171,0.5129235852872905,1.0,0.7,0.738420156429634,Intermediate computational priority,474
CNc1c(O)c(F)cc2c(NCC3CNC3)c(C(=O)Nc3ccc(C(=O)O)cc3)c(=O)[nH]c12,CNc1cc(F)cc2c(NCC3CNC3)c(C(=O)Nc3ccc(C(=O)O)cc3)c(=O)[nH]c12,Constrained aromatic substitution,455.44600000000014,1.9963,155.58,7,7,7,3,33,0.8598130582260118,0.7536231884057971,In-domain,455.44600000000014,1.9963,155.58,7,7,7,3,33,0.2272727272727272,1,6,High,0.7,0.8118691407582083,One Lipinski violation,0.8598130582260118,0.5148226031771557,1.0,0.7,0.7383720042435514,Intermediate computational priority,475
CNc1cc(F)cc2cc(C(=O)Nc3cc(F)c(C(=O)O)cc3CN(CC(=O)O)C3CCCCC3)c(=O)[nH]c12,CNc1cc(F)cc2cc(C(=O)Nc3ccc(C(=O)O)cc3CN(CC(=O)O)C3CCCCC3)c(=O)[nH]c12,Constrained aromatic substitution,542.5390000000004,4.017800000000002,151.83,5,6,9,3,39,0.9165847878356534,0.8169014084507042,In-domain,542.5390000000004,4.017800000000002,151.83,5,6,9,3,39,0.3333333333333333,1,8,High,0.6,0.8216093514849574,One Lipinski violation,0.9165847878356534,0.5055292007305789,1.0,0.6,0.7382926753534351,Intermediate computational priority,476
CNc1cc(F)cc2c(NCCCN)c(C(=O)Nc3ccc(C(=O)O)c(Cl)c3)c(=O)[nH]c12,CNc1cc(F)cc2c(NCCCN)c(C(=O)Nc3ccc(C(=O)O)cc3)c(=O)[nH]c12,Constrained aromatic substitution,461.8810000000002,3.0735,149.34,6,6,8,3,32,0.8889476213789358,0.7794117647058824,In-domain,461.8810000000002,3.0735,149.34,6,6,8,3,32,0.1904761904761904,1,7,High,0.65,0.8172633349652549,One Lipinski violation,0.8889476213789358,0.5080043395776189,1.0,0.65,0.73798035042486,Intermediate computational priority,477
CCCCCN(CCCCC)Cc1cc(C(=O)O)ccc1NC(=O)c1cc2c(Cl)c(F)cc(NC)c2[nH]c1=O,CCCCCN(CCCCC)Cc1cc(C(=O)O)ccc1NC(=O)c1cc2cc(F)cc(NC)c2[nH]c1=O,Constrained aromatic substitution,559.0820000000001,6.495200000000006,114.53,4,5,14,3,39,0.9375927228141854,0.7681159420289855,In-domain,559.0820000000001,6.495200000000006,114.53,4,5,14,3,39,0.4137931034482758,2,9,High,0.55,0.8213149059699297,Multiple Lipinski violations,0.9375927228141854,0.5098083172793064,1.0,0.55,0.7379795843094661,Intermediate computational priority,478
CCCCCN(CCCCC)Cc1cc(C(=O)O)ccc1NC(=O)c1c(C#N)c2cc(F)cc(NC)c2[nH]c1=O,CCCCCN(CCCCC)Cc1cc(C(=O)O)ccc1NC(=O)c1cc2cc(F)cc(NC)c2[nH]c1=O,Constrained aromatic substitution,549.6470000000003,5.713480000000004,138.32,4,6,14,3,40,0.9644620640264078,0.7123287671232876,In-domain,549.6470000000003,5.713480000000004,138.32,4,6,14,3,40,0.4,2,10,High,0.5,0.8251234448184854,Multiple Lipinski violations,0.9644620640264078,0.5068406790496733,1.0,0.5,0.7378370293254651,Intermediate computational priority,479
CCCCCN(CCCCC)Cc1cc(C(=O)O)c(C)cc1NC(=O)c1cc2cc(F)cc(NC)c2[nH]c1=O,CCCCCN(CCCCC)Cc1cc(C(=O)O)ccc1NC(=O)c1cc2cc(F)cc(NC)c2[nH]c1=O,Constrained aromatic substitution,538.6640000000002,6.150220000000005,114.53,4,5,14,3,39,0.931972415424492,0.8,In-domain,538.6640000000002,6.150220000000005,114.53,4,5,14,3,39,0.4333333333333333,2,9,High,0.55,0.8173806907971445,Multiple Lipinski violations,0.931972415424492,0.5164045821172467,1.0,0.55,0.7377103408049708,Intermediate computational priority,480
CCCCCN(CCCCC)Cc1cc(C(=O)O)cc(C#N)c1NC(=O)c1cc2cc(F)cc(NC)c2[nH]c1=O,CCCCCN(CCCCC)Cc1cc(C(=O)O)ccc1NC(=O)c1cc2cc(F)cc(NC)c2[nH]c1=O,Constrained aromatic substitution,549.6470000000003,5.713480000000004,138.32,4,6,14,3,40,0.9630310315843597,0.7464788732394366,In-domain,549.6470000000003,5.713480000000004,138.32,4,6,14,3,40,0.4,2,10,High,0.5,0.8241217221090518,Multiple Lipinski violations,0.9630310315843597,0.5076652513028169,1.0,0.5,0.737511988024589,Intermediate computational priority,481
CCCCCN(CCCCC)Cc1cc(C(=O)O)ccc1NC(=O)c1cc2cc(F)c(Cl)c(NC)c2[nH]c1=O,CCCCCN(CCCCC)Cc1cc(C(=O)O)ccc1NC(=O)c1cc2cc(F)cc(NC)c2[nH]c1=O,Constrained aromatic substitution,559.0820000000001,6.495200000000006,114.53,4,5,14,3,39,0.931767912740452,0.7681159420289855,In-domain,559.0820000000001,6.495200000000006,114.53,4,5,14,3,39,0.4137931034482758,2,9,High,0.55,0.8172375389183164,Multiple Lipinski violations,0.931767912740452,0.5159486681564995,1.0,0.55,0.7374917655431307,Intermediate computational priority,482
CCCCCN(CCCCC)Cc1c(NC(=O)c2cc3cc(F)cc(NC)c3[nH]c2=O)ccc(C(=O)O)c1C,CCCCCN(CCCCC)Cc1cc(C(=O)O)ccc1NC(=O)c1cc2cc(F)cc(NC)c2[nH]c1=O,Constrained aromatic substitution,538.6640000000002,6.1502200000000045,114.53000000000002,4,5,14,3,39,0.9283307232074408,0.7647058823529411,In-domain,538.6640000000002,6.1502200000000045,114.53000000000002,4,5,14,3,39,0.4333333333333333,2,9,High,0.55,0.8148315062452086,Multiple Lipinski violations,0.9283307232074408,0.5199892259655354,1.0,0.55,0.737329057072637,Intermediate computational priority,483
CNc1cc(F)cc2cc(C(=O)Nc3c(O)cc(C(=O)O)cc3CN(CCO)C3CCCCC3)c(=O)[nH]c12,CNc1cc(F)cc2cc(C(=O)Nc3ccc(C(=O)O)cc3CN(CCO)C3CCCCC3)c(=O)[nH]c12,Constrained aromatic substitution,526.5650000000005,3.492000000000001,154.99,6,7,9,3,38,0.9370366609875806,0.8108108108108109,In-domain,526.5650000000005,3.492000000000001,154.99,6,7,9,3,38,0.3703703703703703,2,9,High,0.55,0.8209256626913064,Multiple Lipinski violations,0.9370366609875806,0.507411585109669,1.0,0.55,0.737038139927933,Intermediate computational priority,484
CNc1c(C#N)c(F)cc2c(NCCCN)c(C(=O)Nc3ccc(C(=O)O)cc3)c(=O)[nH]c12,CNc1cc(F)cc2c(NCCCN)c(C(=O)Nc3ccc(C(=O)O)cc3)c(=O)[nH]c12,Constrained aromatic substitution,452.44600000000014,2.29178,173.12999999999997,6,7,8,3,33,0.8851009072670257,0.7142857142857143,In-domain,452.44600000000014,2.29178,173.12999999999997,6,7,8,3,33,0.1818181818181818,1,7,High,0.65,0.814570635086918,One Lipinski violation,0.8851009072670257,0.5090534648021856,1.0,0.65,0.736756402347466,Intermediate computational priority,485
CNc1cc(F)c(O)c2cc(C(=O)Nc3ccc(C(=O)O)cc3CN(CCO)C3CCCCC3)c(=O)[nH]c12,CNc1cc(F)cc2cc(C(=O)Nc3ccc(C(=O)O)cc3CN(CCO)C3CCCCC3)c(=O)[nH]c12,Constrained aromatic substitution,526.5650000000005,3.492000000000001,154.99,6,7,9,3,38,0.9308509912118568,0.7972972972972973,In-domain,526.5650000000005,3.492000000000001,154.99,6,7,9,3,38,0.3703703703703703,2,9,High,0.55,0.8165956938482998,Multiple Lipinski violations,0.9308509912118568,0.5082036643175898,1.0,0.55,0.7348014957800196,Intermediate computational priority,486
CCCCCN(CCCCC)Cc1c(NC(=O)c2cc3cc(F)cc(NC)c3[nH]c2=O)ccc(C(=O)O)c1F,CCCCCN(CCCCC)Cc1cc(C(=O)O)ccc1NC(=O)c1cc2cc(F)cc(NC)c2[nH]c1=O,Constrained aromatic substitution,542.6270000000003,5.9809000000000045,114.53000000000002,4,5,14,3,39,0.922183645742205,0.8,In-domain,542.6270000000003,5.9809000000000045,114.53000000000002,4,5,14,3,39,0.4137931034482758,2,9,High,0.55,0.8105285520195435,Multiple Lipinski violations,0.922183645742205,0.5186749235334767,1.0,0.55,0.734475935356925,Intermediate computational priority,487
CNc1cc(F)cc2cc(C(=O)Nc3cc(O)c(C(=O)O)cc3CN(CCO)C3CCCCC3)c(=O)[nH]c12,CNc1cc(F)cc2cc(C(=O)Nc3ccc(C(=O)O)cc3CN(CCO)C3CCCCC3)c(=O)[nH]c12,Constrained aromatic substitution,526.5650000000005,3.4920000000000018,154.99,6,7,9,3,38,0.9352727505431248,0.8082191780821918,In-domain,526.5650000000005,3.4920000000000018,154.99,6,7,9,3,38,0.3703703703703703,2,9,High,0.55,0.8196909253801873,Multiple Lipinski violations,0.9352727505431248,0.4975105950106591,1.0,0.55,0.7333622787204476,Intermediate computational priority,488
COc1ccc2c3conc3c(=O)n(CCN3CCC(NCc4nc5c(c(O)c4F)OCC(=O)N5)CC3)c2c1,COc1ccc2c3conc3c(=O)n(CCN3CCC(NCc4nc5c(cc4F)OCC(=O)N5)CC3)c2c1,Constrained aromatic substitution,538.5360000000003,1.9760999999999995,143.98000000000002,3,10,7,4,39,0.8667342899152572,0.7906976744186046,In-domain,538.5360000000003,1.9760999999999995,143.98000000000002,3,10,7,4,39,0.3846153846153846,1,5,Moderate,0.75,0.83171400294068,One Lipinski violation,0.8667342899152572,0.45478859327233107,1.0,0.75,0.7331302939478023,Intermediate computational priority,489
CNc1c(O)c(F)cc2cc(C(=O)Nc3ccc(C(=O)O)cc3CN(CCO)C3CCCCC3)c(=O)[nH]c12,CNc1cc(F)cc2cc(C(=O)Nc3ccc(C(=O)O)cc3CN(CCO)C3CCCCC3)c(=O)[nH]c12,Constrained aromatic substitution,526.5650000000005,3.492000000000001,154.99,6,7,9,3,38,0.9210546983824088,0.8108108108108109,In-domain,526.5650000000005,3.492000000000001,154.99,6,7,9,3,38,0.3703703703703703,2,9,High,0.55,0.8097382888676862,Multiple Lipinski violations,0.9210546983824088,0.5132036643175898,1.0,0.55,0.7323829786482404,Intermediate computational priority,490
CCCCCN(CCCCC)Cc1cc(C(=O)O)c(Cl)cc1NC(=O)c1cc2cc(F)cc(NC)c2[nH]c1=O,CCCCCN(CCCCC)Cc1cc(C(=O)O)ccc1NC(=O)c1cc2cc(F)cc(NC)c2[nH]c1=O,Constrained aromatic substitution,559.0820000000001,6.495200000000006,114.53,4,5,14,3,39,0.930571253735342,0.7761194029850746,In-domain,559.0820000000001,6.495200000000006,114.53,4,5,14,3,39,0.4137931034482758,2,9,High,0.55,0.8163998776147394,Multiple Lipinski violations,0.930571253735342,0.500159194472289,1.0,0.55,0.7322762598358235,Intermediate computational priority,491
CCCCCN(CCCCC)Cc1c(NC(=O)c2cc3cc(F)cc(NC)c3[nH]c2=O)ccc(C(=O)O)c1Cl,CCCCCN(CCCCC)Cc1cc(C(=O)O)ccc1NC(=O)c1cc2cc(F)cc(NC)c2[nH]c1=O,Constrained aromatic substitution,559.0820000000002,6.495200000000005,114.53000000000002,4,5,14,3,39,0.9246200425178408,0.7536231884057971,In-domain,559.0820000000002,6.495200000000005,114.53000000000002,4,5,14,3,39,0.4137931034482758,2,9,High,0.55,0.8122340297624886,Multiple Lipinski violations,0.9246200425178408,0.5045999839459732,1.0,0.55,0.7312280121909283,Intermediate computational priority,492
CCCCCN(CCCCC)Cc1cc(C(=O)O)cc(O)c1NC(=O)c1cc2cc(F)cc(NC)c2[nH]c1=O,CCCCCN(CCCCC)Cc1cc(C(=O)O)ccc1NC(=O)c1cc2cc(F)cc(NC)c2[nH]c1=O,Constrained aromatic substitution,540.6360000000002,5.547400000000005,134.76,5,6,14,3,39,0.938799437203428,0.7910447761194029,In-domain,540.6360000000002,5.547400000000005,134.76,5,6,14,3,39,0.4137931034482758,2,10,High,0.5,0.8071596060423996,Multiple Lipinski violations,0.938799437203428,0.5178293286309212,1.0,0.5,0.7308685734706475,Intermediate computational priority,493
CNc1cc(F)cc2cc(C(=O)Nc3c(O)cc(C(=O)O)cc3CN(CC(=O)O)C3CCCCC3)c(=O)[nH]c12,CNc1cc(F)cc2cc(C(=O)Nc3ccc(C(=O)O)cc3CN(CC(=O)O)C3CCCCC3)c(=O)[nH]c12,Constrained aromatic substitution,540.5480000000005,3.5843000000000016,172.05999999999997,6,7,9,3,39,0.9294043090658284,0.8082191780821918,In-domain,540.5480000000005,3.5843000000000016,172.05999999999997,6,7,9,3,39,0.3333333333333333,2,9,High,0.55,0.8155830163460799,Multiple Lipinski violations,0.9294043090658284,0.4962933563711765,1.0,0.55,0.7306497305376842,Intermediate computational priority,494
CNc1cc(F)cc2c(NCCCN)c(C(=O)Nc3ccc(C(=O)O)c(C#N)c3)c(=O)[nH]c12,CNc1cc(F)cc2c(NCCCN)c(C(=O)Nc3ccc(C(=O)O)cc3)c(=O)[nH]c12,Constrained aromatic substitution,452.4460000000002,2.29178,173.13,6,7,8,3,33,0.8897862947759904,0.7464788732394366,In-domain,452.4460000000002,2.29178,173.13,6,7,8,3,33,0.1818181818181818,1,7,High,0.65,0.8178504063431933,One Lipinski violation,0.8897862947759904,0.48122737784566383,1.0,0.65,0.7302827312640954,Intermediate computational priority,495
CCCCCN(CCCCC)Cc1cc(C(=O)O)c(F)cc1NC(=O)c1cc2cc(F)cc(NC)c2[nH]c1=O,CCCCCN(CCCCC)Cc1cc(C(=O)O)ccc1NC(=O)c1cc2cc(F)cc(NC)c2[nH]c1=O,Constrained aromatic substitution,542.6270000000002,5.980900000000005,114.53,4,5,14,3,39,0.9160786419600272,0.8,In-domain,542.6270000000002,5.980900000000005,114.53,4,5,14,3,39,0.4137931034482758,2,9,High,0.55,0.8062550493720191,Multiple Lipinski violations,0.9160786419600272,0.512422001607343,1.0,0.55,0.7301580572662137,Intermediate computational priority,496
CCCCCN(CCCCC)Cc1cc(C(=O)O)ccc1NC(=O)c1cc2c(O)c(F)cc(NC)c2[nH]c1=O,CCCCCN(CCCCC)Cc1cc(C(=O)O)ccc1NC(=O)c1cc2cc(F)cc(NC)c2[nH]c1=O,Constrained aromatic substitution,540.6360000000002,5.547400000000005,134.76000000000002,5,6,14,3,39,0.9364483605876072,0.7910447761194029,In-domain,540.6360000000002,5.547400000000005,134.76000000000002,5,6,14,3,39,0.4137931034482758,2,10,High,0.5,0.805513852411325,Multiple Lipinski violations,0.9364483605876072,0.5178293286309212,1.0,0.5,0.7299281428243192,Intermediate computational priority,497
CNc1cc(F)cc2cc(C(=O)Nc3ccc(C(=O)O)c(O)c3CN(CCO)C3CCCCC3)c(=O)[nH]c12,CNc1cc(F)cc2cc(C(=O)Nc3ccc(C(=O)O)cc3CN(CCO)C3CCCCC3)c(=O)[nH]c12,Constrained aromatic substitution,526.5650000000005,3.4920000000000018,154.99,6,7,9,3,38,0.9211665897579816,0.7733333333333333,In-domain,526.5650000000005,3.4920000000000018,154.99,6,7,9,3,38,0.3703703703703703,2,9,High,0.55,0.8098166128305871,Multiple Lipinski violations,0.9211665897579816,0.502461090060164,1.0,0.55,0.7292049629212418,Intermediate computational priority,498
CNc1cc(F)c(O)c2cc(C(=O)Nc3ccc(C(=O)O)cc3CN(CC(=O)O)C3CCCCC3)c(=O)[nH]c12,CNc1cc(F)cc2cc(C(=O)Nc3ccc(C(=O)O)cc3CN(CC(=O)O)C3CCCCC3)c(=O)[nH]c12,Constrained aromatic substitution,540.5480000000005,3.5843000000000016,172.05999999999997,6,7,9,3,39,0.9232194443471826,0.7945205479452054,In-domain,540.5480000000005,3.5843000000000016,172.05999999999997,6,7,9,3,39,0.3333333333333333,2,9,High,0.55,0.8112536110430278,Multiple Lipinski violations,0.9232194443471826,0.4971014371792573,1.0,0.55,0.7284182088926502,Intermediate computational priority,499
CCCCCN(CCCCC)Cc1cc(C(=O)O)ccc1NC(=O)c1cc2cc(F)c(O)c(NC)c2[nH]c1=O,CCCCCN(CCCCC)Cc1cc(C(=O)O)ccc1NC(=O)c1cc2cc(F)cc(NC)c2[nH]c1=O,Constrained aromatic substitution,540.6360000000002,5.547400000000005,134.76000000000002,5,6,14,3,39,0.9263731518928126,0.7910447761194029,In-domain,540.6360000000002,5.547400000000005,134.76000000000002,5,6,14,3,39,0.4137931034482758,2,10,High,0.5,0.7984612063249688,Multiple Lipinski violations,0.9263731518928126,0.5241207951145634,1.0,0.5,0.727785499291494,Intermediate computational priority,500
CNc1cc(F)cc2cc(C(=O)Nc3cc(O)c(C(=O)O)cc3CN(CC(=O)O)C3CCCCC3)c(=O)[nH]c12,CNc1cc(F)cc2cc(C(=O)Nc3ccc(C(=O)O)cc3CN(CC(=O)O)C3CCCCC3)c(=O)[nH]c12,Constrained aromatic substitution,540.5480000000005,3.5843000000000016,172.05999999999997,6,7,9,3,39,0.9292867169372258,0.8055555555555556,In-domain,540.5480000000005,3.5843000000000016,172.05999999999997,6,7,9,3,39,0.3333333333333333,2,9,High,0.55,0.815500701856058,Multiple Lipinski violations,0.9292867169372258,0.4862933563711765,1.0,0.55,0.7276026936862432,Intermediate computational priority,501
CNc1c(O)c(F)cc2cc(C(=O)Nc3ccc(C(=O)O)cc3CN(CC(=O)O)C3CCCCC3)c(=O)[nH]c12,CNc1cc(F)cc2cc(C(=O)Nc3ccc(C(=O)O)cc3CN(CC(=O)O)C3CCCCC3)c(=O)[nH]c12,Constrained aromatic substitution,540.5480000000005,3.5843000000000016,172.05999999999997,6,7,9,3,39,0.916090413839916,0.8082191780821918,In-domain,540.5480000000005,3.5843000000000016,172.05999999999997,6,7,9,3,39,0.3333333333333333,2,9,High,0.55,0.8062632896879411,Multiple Lipinski violations,0.916090413839916,0.5021519422297623,1.0,0.55,0.727081748204895,Intermediate computational priority,502
CCCCCN(CCCCC)Cc1cc(C(=O)O)c(O)cc1NC(=O)c1cc2cc(F)cc(NC)c2[nH]c1=O,CCCCCN(CCCCC)Cc1cc(C(=O)O)ccc1NC(=O)c1cc2cc(F)cc(NC)c2[nH]c1=O,Constrained aromatic substitution,540.6360000000002,5.547400000000005,134.76,5,6,14,3,39,0.9327350766027224,0.7878787878787878,In-domain,540.6360000000002,5.547400000000005,134.76,5,6,14,3,39,0.4137931034482758,2,10,High,0.5,0.8029145536219057,Multiple Lipinski violations,0.9327350766027224,0.5071910307585809,1.0,0.5,0.7252513398686632,Intermediate computational priority,503
CCCCCN(CCCCC)Cc1cc(C(=O)O)ccc1NC(=O)c1cc2c(C#N)c(F)cc(NC)c2[nH]c1=O,CCCCCN(CCCCC)Cc1cc(C(=O)O)ccc1NC(=O)c1cc2cc(F)cc(NC)c2[nH]c1=O,Constrained aromatic substitution,549.6470000000003,5.713480000000004,138.32,4,6,14,3,40,0.9316240318390148,0.7361111111111112,In-domain,549.6470000000003,5.713480000000004,138.32,4,6,14,3,40,0.4,2,10,High,0.5,0.8021368222873103,Multiple Lipinski violations,0.9316240318390148,0.5068406790496733,1.0,0.5,0.7247018164505079,Intermediate computational priority,504
CCCCCN(CCCCC)Cc1cc(C(=O)O)ccc1NC(=O)c1cc2cc(F)c(C#N)c(NC)c2[nH]c1=O,CCCCCN(CCCCC)Cc1cc(C(=O)O)ccc1NC(=O)c1cc2cc(F)cc(NC)c2[nH]c1=O,Constrained aromatic substitution,549.6470000000003,5.713480000000004,138.32,4,6,14,3,40,0.927010423546294,0.7361111111111112,In-domain,549.6470000000003,5.713480000000004,138.32,4,6,14,3,40,0.4,2,10,High,0.5,0.7989072964824058,Multiple Lipinski violations,0.927010423546294,0.5127672921191435,1.0,0.5,0.7246343570542606,Intermediate computational priority,505
CNc1cc(F)cc2cc(C(=O)Nc3ccc(C(=O)O)c(O)c3CN(CC(=O)O)C3CCCCC3)c(=O)[nH]c12,CNc1cc(F)cc2cc(C(=O)Nc3ccc(C(=O)O)cc3CN(CC(=O)O)C3CCCCC3)c(=O)[nH]c12,Constrained aromatic substitution,540.5480000000005,3.5843000000000016,172.05999999999997,6,7,9,3,39,0.915180556152082,0.7702702702702703,In-domain,540.5480000000005,3.5843000000000016,172.05999999999997,6,7,9,3,39,0.3333333333333333,2,9,High,0.55,0.8056263893064575,Multiple Lipinski violations,0.915180556152082,0.4912933563711765,1.0,0.55,0.7234602293721857,Intermediate computational priority,506
CCCCCN(CCCCC)Cc1c(NC(=O)c2cc3cc(F)cc(NC)c3[nH]c2=O)ccc(C(=O)O)c1C#N,CCCCCN(CCCCC)Cc1cc(C(=O)O)ccc1NC(=O)c1cc2cc(F)cc(NC)c2[nH]c1=O,Constrained aromatic substitution,549.6470000000002,5.713480000000004,138.32000000000002,4,6,14,3,40,0.9296827114171606,0.7323943661971831,In-domain,549.6470000000002,5.713480000000004,138.32000000000002,4,6,14,3,40,0.4,2,10,High,0.5,0.8007778979920124,Multiple Lipinski violations,0.9296827114171606,0.5025632104864904,1.0,0.5,0.7226420477128114,Intermediate computational priority,507
CCCCCN(CCCCC)Cc1cc(C(=O)O)c(C#N)cc1NC(=O)c1cc2cc(F)cc(NC)c2[nH]c1=O,CCCCCN(CCCCC)Cc1cc(C(=O)O)ccc1NC(=O)c1cc2cc(F)cc(NC)c2[nH]c1=O,Constrained aromatic substitution,549.6470000000003,5.713480000000004,138.32,4,6,14,3,40,0.9313784932967004,0.7428571428571429,In-domain,549.6470000000003,5.713480000000004,138.32,4,6,14,3,40,0.4,2,10,High,0.5,0.8019649453076902,Multiple Lipinski violations,0.9313784932967004,0.49746116967016396,1.0,0.5,0.7217897482197293,Intermediate computational priority,508
CCCCCN(CCCCC)Cc1c(NC(=O)c2cc3cc(F)cc(NC)c3[nH]c2=O)ccc(C(=O)O)c1O,CCCCCN(CCCCC)Cc1cc(C(=O)O)ccc1NC(=O)c1cc2cc(F)cc(NC)c2[nH]c1=O,Constrained aromatic substitution,540.6360000000003,5.547400000000004,134.76000000000002,5,6,14,3,39,0.9174307986629364,0.7647058823529411,In-domain,540.6360000000003,5.547400000000004,134.76000000000002,5,6,14,3,39,0.4137931034482758,2,10,High,0.5,0.7922015590640554,Multiple Lipinski violations,0.9174307986629364,0.5116703140732505,1.0,0.5,0.7204734136871497,Intermediate computational priority,509
Cc1noc2c(F)c3c(c(Cl)c12)CC1(C(=O)NC(=O)NC1=O)C1C(C)OC(C)CN31,Cc1noc2c(F)c3c(cc12)CC1(C(=O)NC(=O)NC1=O)C1C(C)OC(C)CN31,Constrained aromatic substitution,436.82700000000017,1.8194200000000005,113.77,2,7,0,2,30,0.4693974196518322,0.6567164179104478,In-domain,436.82700000000017,1.8194200000000005,113.77,2,7,0,2,30,0.4736842105263157,0,0,Low,1.0,0.6285781937562824,Lipinski-compatible,0.4693974196518322,0.4766294485082906,1.0,1.0,0.63074780241322,Lower computational priority,510
Cc1noc2c(F)c3c(c(F)c12)CC1(C(=O)NC(=O)NC1=O)C1C(C)OC(C)CN31,Cc1noc2c(F)c3c(cc12)CC1(C(=O)NC(=O)NC1=O)C1C(C)OC(C)CN31,Constrained aromatic substitution,420.3720000000001,1.3051199999999996,113.77,2,7,0,2,30,0.4558906306516151,0.6875,In-domain,420.3720000000001,1.3051199999999996,113.77,2,7,0,2,30,0.4736842105263157,0,0,Low,1.0,0.6191234414561306,Lipinski-compatible,0.4558906306516151,0.4725656901387495,1.0,1.0,0.6241259593022709,Lower computational priority,511
Cc1noc2c(F)c3c(c(C)c12)CC1(C(=O)NC(=O)NC1=O)C1C(C)OC(C)CN31,Cc1noc2c(F)c3c(cc12)CC1(C(=O)NC(=O)NC1=O)C1C(C)OC(C)CN31,Constrained aromatic substitution,416.40900000000016,1.4744399999999998,113.77,2,7,0,2,30,0.4475030631166748,0.676923076923077,In-domain,416.40900000000016,1.4744399999999998,113.77,2,7,0,2,30,0.5,0,0,Low,1.0,0.6132521441816723,Lipinski-compatible,0.4475030631166748,0.4753346836550164,1.0,1.0,0.621601630343175,Lower computational priority,512
Cc1noc2c(F)c3c(c(C#N)c12)CC1(C(=O)NC(=O)NC1=O)C1C(C)OC(C)CN31,Cc1noc2c(F)c3c(cc12)CC1(C(=O)NC(=O)NC1=O)C1C(C)OC(C)CN31,Constrained aromatic substitution,427.39200000000017,1.0376999999999996,137.56,2,8,0,2,31,0.4387505220353369,0.6285714285714286,In-domain,427.39200000000017,1.0376999999999996,137.56,2,8,0,2,31,0.45,0,1,Low,0.95,0.5921253654247358,Lipinski-compatible,0.4387505220353369,0.44989426491445017,1.0,0.95,0.6004684882884698,Lower computational priority,513
Cc1noc2c(F)c3c(c(O)c12)CC1(C(=O)NC(=O)NC1=O)C1C(C)OC(C)CN31,Cc1noc2c(F)c3c(cc12)CC1(C(=O)NC(=O)NC1=O)C1C(C)OC(C)CN31,Constrained aromatic substitution,418.38100000000014,0.8716199999999996,134.0,3,8,0,2,30,0.4287080190402442,0.6567164179104478,In-domain,418.38100000000014,0.8716199999999996,134.0,3,8,0,2,30,0.4736842105263157,0,1,Low,0.95,0.5850956133281708,Lipinski-compatible,0.4287080190402442,0.4578641428006001,1.0,0.95,0.5988424504562777,Lower computational priority,514
